INSERT INTO report_column(report_column_id, column_name, column_function, overall_total, display_order) VALUES (157, 'CDFNL|Birregurra', 'SUM', 1, 1);
INSERT INTO report_column(report_column_id, column_name, column_function, overall_total, display_order) VALUES (158, 'CDFNL|Lorne', 'SUM', 1, 1);

INSERT INTO report_column(report_column_id, column_name, column_function, overall_total, display_order) VALUES (159, 'Seniors|CDFNL', 'SUM', 1, 1);
INSERT INTO report_column(report_column_id, column_name, column_function, overall_total, display_order) VALUES (160, 'Reserves|CDFNL', 'SUM', 1, 1);
INSERT INTO report_column(report_column_id, column_name, column_function, overall_total, display_order) VALUES (161, 'Under 17.5|CDFNL', 'SUM', 1, 1);
INSERT INTO report_column(report_column_id, column_name, column_function, overall_total, display_order) VALUES (162, 'Under 14.5|CDFNL', 'SUM', 1, 1);

INSERT INTO report_column(report_column_id, column_name, column_function, overall_total, display_order) VALUES (163, 'No Senior Boundary|CDFNL', NULL, 1, 1);
INSERT INTO report_column(report_column_id, column_name, column_function, overall_total, display_order) VALUES (164, 'No Senior Goal|CDFNL', NULL, 1, 1);
INSERT INTO report_column(report_column_id, column_name, column_function, overall_total, display_order) VALUES (165, 'No Reserve Goal|CDFNL', NULL, 1, 1);
INSERT INTO report_column(report_column_id, column_name, column_function, overall_total, display_order) VALUES (166, 'Boundary|Seniors|CDFNL', NULL, 1, 1);
INSERT INTO report_column(report_column_id, column_name, column_function, overall_total, display_order) VALUES (167, 'Boundary|Reserves|CDFNL', NULL, 1, 1);
INSERT INTO report_column(report_column_id, column_name, column_function, overall_total, display_order) VALUES (168, 'Boundary|Under 17.5|CDFNL', NULL, 1, 1);
INSERT INTO report_column(report_column_id, column_name, column_function, overall_total, display_order) VALUES (169, 'Boundary|Under 14.5|CDFNL', NULL, 1, 1);
INSERT INTO report_column(report_column_id, column_name, column_function, overall_total, display_order) VALUES (170, 'Field|Seniors|CDFNL', NULL, 1, 1);
INSERT INTO report_column(report_column_id, column_name, column_function, overall_total, display_order) VALUES (171, 'Field|Reserves|CDFNL', NULL, 1, 1);
INSERT INTO report_column(report_column_id, column_name, column_function, overall_total, display_order) VALUES (172, 'Field|Under 17.5|CDFNL', NULL, 1, 1);
INSERT INTO report_column(report_column_id, column_name, column_function, overall_total, display_order) VALUES (173, 'Field|Under 14.5|CDFNL', NULL, 1, 1);
INSERT INTO report_column(report_column_id, column_name, column_function, overall_total, display_order) VALUES (174, 'Goal|Seniors|CDFNL', NULL, 1, 1);
INSERT INTO report_column(report_column_id, column_name, column_function, overall_total, display_order) VALUES (175, 'Goal|Reserves|CDFNL', NULL, 1, 1);
INSERT INTO report_column(report_column_id, column_name, column_function, overall_total, display_order) VALUES (176, 'Goal|Under 17.5|CDFNL', NULL, 1, 1);
INSERT INTO report_column(report_column_id, column_name, column_function, overall_total, display_order) VALUES (177, 'Goal|Under 14.5|CDFNL', NULL, 1, 1);
INSERT INTO report_column(report_column_id, column_name, column_function, overall_total, display_order) VALUES (178, 'CDFNL', NULL, 1, 6);


INSERT INTO report_column_lookup (report_column_lookup_id, filter_name, filter_value, report_table_id, report_column_id) VALUES (520, 'short_league_name',  'CDFNL', 1, 157);
INSERT INTO report_column_lookup (report_column_lookup_id, filter_name, filter_value, report_table_id, report_column_id) VALUES (521, 'short_league_name',  'CDFNL', 1, 158);
INSERT INTO report_column_lookup (report_column_lookup_id, filter_name, filter_value, report_table_id, report_column_id) VALUES (522, 'short_league_name',  'All', 1, 157);
INSERT INTO report_column_lookup (report_column_lookup_id, filter_name, filter_value, report_table_id, report_column_id) VALUES (523, 'short_league_name',  'All', 1, 158);
INSERT INTO report_column_lookup (report_column_lookup_id, filter_name, filter_value, report_table_id, report_column_id) VALUES (524, 'short_league_name',  'CDFNL', 2, 159);
INSERT INTO report_column_lookup (report_column_lookup_id, filter_name, filter_value, report_table_id, report_column_id) VALUES (525, 'short_league_name',  'CDFNL', 2, 160);
INSERT INTO report_column_lookup (report_column_lookup_id, filter_name, filter_value, report_table_id, report_column_id) VALUES (526, 'short_league_name',  'CDFNL', 2, 161);
INSERT INTO report_column_lookup (report_column_lookup_id, filter_name, filter_value, report_table_id, report_column_id) VALUES (527, 'short_league_name',  'CDFNL', 2, 162);
INSERT INTO report_column_lookup (report_column_lookup_id, filter_name, filter_value, report_table_id, report_column_id) VALUES (528, 'short_league_name',  'All', 2, 159);
INSERT INTO report_column_lookup (report_column_lookup_id, filter_name, filter_value, report_table_id, report_column_id) VALUES (529, 'short_league_name',  'All', 2, 160);
INSERT INTO report_column_lookup (report_column_lookup_id, filter_name, filter_value, report_table_id, report_column_id) VALUES (530, 'short_league_name',  'All', 2, 161);
INSERT INTO report_column_lookup (report_column_lookup_id, filter_name, filter_value, report_table_id, report_column_id) VALUES (531, 'short_league_name',  'All', 2, 162);
INSERT INTO report_column_lookup (report_column_lookup_id, filter_name, filter_value, report_table_id, report_column_id) VALUES (532, 'age_group',  'All', 2, 159);
INSERT INTO report_column_lookup (report_column_lookup_id, filter_name, filter_value, report_table_id, report_column_id) VALUES (533, 'age_group',  'All', 2, 160);
INSERT INTO report_column_lookup (report_column_lookup_id, filter_name, filter_value, report_table_id, report_column_id) VALUES (534, 'age_group',  'All', 2, 161);
INSERT INTO report_column_lookup (report_column_lookup_id, filter_name, filter_value, report_table_id, report_column_id) VALUES (535, 'age_group',  'All', 2, 162);
INSERT INTO report_column_lookup (report_column_lookup_id, filter_name, filter_value, report_table_id, report_column_id) VALUES (536, 'age_group',  'Seniors', 2, 159);
INSERT INTO report_column_lookup (report_column_lookup_id, filter_name, filter_value, report_table_id, report_column_id) VALUES (537, 'age_group',  'Reserves', 2, 160);
INSERT INTO report_column_lookup (report_column_lookup_id, filter_name, filter_value, report_table_id, report_column_id) VALUES (538, 'age_group',  'Under 17.5', 2, 161);
INSERT INTO report_column_lookup (report_column_lookup_id, filter_name, filter_value, report_table_id, report_column_id) VALUES (539, 'age_group',  'Under 14.5', 2, 162);
INSERT INTO report_column_lookup (report_column_lookup_id, filter_name, filter_value, report_table_id, report_column_id) VALUES (540, 'umpire_type',  'All', 2, 159);
INSERT INTO report_column_lookup (report_column_lookup_id, filter_name, filter_value, report_table_id, report_column_id) VALUES (541, 'umpire_type',  'All', 2, 160);
INSERT INTO report_column_lookup (report_column_lookup_id, filter_name, filter_value, report_table_id, report_column_id) VALUES (542, 'umpire_type',  'All', 2, 161);
INSERT INTO report_column_lookup (report_column_lookup_id, filter_name, filter_value, report_table_id, report_column_id) VALUES (543, 'umpire_type',  'All', 2, 162);
INSERT INTO report_column_lookup (report_column_lookup_id, filter_name, filter_value, report_table_id, report_column_id) VALUES (544, 'umpire_type',  'Field', 2, 159);
INSERT INTO report_column_lookup (report_column_lookup_id, filter_name, filter_value, report_table_id, report_column_id) VALUES (545, 'umpire_type',  'Field', 2, 160);
INSERT INTO report_column_lookup (report_column_lookup_id, filter_name, filter_value, report_table_id, report_column_id) VALUES (546, 'umpire_type',  'Field', 2, 161);
INSERT INTO report_column_lookup (report_column_lookup_id, filter_name, filter_value, report_table_id, report_column_id) VALUES (547, 'umpire_type',  'Field', 2, 162);
INSERT INTO report_column_lookup (report_column_lookup_id, filter_name, filter_value, report_table_id, report_column_id) VALUES (548, 'umpire_type',  'Boundary', 2, 159);
INSERT INTO report_column_lookup (report_column_lookup_id, filter_name, filter_value, report_table_id, report_column_id) VALUES (549, 'umpire_type',  'Boundary', 2, 160);
INSERT INTO report_column_lookup (report_column_lookup_id, filter_name, filter_value, report_table_id, report_column_id) VALUES (550, 'umpire_type',  'Boundary', 2, 161);
INSERT INTO report_column_lookup (report_column_lookup_id, filter_name, filter_value, report_table_id, report_column_id) VALUES (551, 'umpire_type',  'Boundary', 2, 162);
INSERT INTO report_column_lookup (report_column_lookup_id, filter_name, filter_value, report_table_id, report_column_id) VALUES (552, 'umpire_type',  'Goal', 2, 159);
INSERT INTO report_column_lookup (report_column_lookup_id, filter_name, filter_value, report_table_id, report_column_id) VALUES (553, 'umpire_type',  'Goal', 2, 160);
INSERT INTO report_column_lookup (report_column_lookup_id, filter_name, filter_value, report_table_id, report_column_id) VALUES (554, 'umpire_type',  'Goal', 2, 161);
INSERT INTO report_column_lookup (report_column_lookup_id, filter_name, filter_value, report_table_id, report_column_id) VALUES (555, 'umpire_type',  'Goal', 2, 162);
INSERT INTO report_column_lookup (report_column_lookup_id, filter_name, filter_value, report_table_id, report_column_id) VALUES (556, 'short_league_name',  'All', 3, 163);
INSERT INTO report_column_lookup (report_column_lookup_id, filter_name, filter_value, report_table_id, report_column_id) VALUES (557, 'short_league_name',  'All', 3, 164);
INSERT INTO report_column_lookup (report_column_lookup_id, filter_name, filter_value, report_table_id, report_column_id) VALUES (558, 'short_league_name',  'All', 3, 165);
INSERT INTO report_column_lookup (report_column_lookup_id, filter_name, filter_value, report_table_id, report_column_id) VALUES (559, 'short_league_name',  'CDFNL', 3, 163);
INSERT INTO report_column_lookup (report_column_lookup_id, filter_name, filter_value, report_table_id, report_column_id) VALUES (560, 'short_league_name',  'CDFNL', 3, 164);
INSERT INTO report_column_lookup (report_column_lookup_id, filter_name, filter_value, report_table_id, report_column_id) VALUES (561, 'short_league_name',  'CDFNL', 3, 165);
INSERT INTO report_column_lookup (report_column_lookup_id, filter_name, filter_value, report_table_id, report_column_id) VALUES (562, 'age_group',  'All', 3, 163);
INSERT INTO report_column_lookup (report_column_lookup_id, filter_name, filter_value, report_table_id, report_column_id) VALUES (563, 'age_group',  'All', 3, 164);
INSERT INTO report_column_lookup (report_column_lookup_id, filter_name, filter_value, report_table_id, report_column_id) VALUES (564, 'age_group',  'All', 3, 165);
INSERT INTO report_column_lookup (report_column_lookup_id, filter_name, filter_value, report_table_id, report_column_id) VALUES (565, 'age_group',  'Seniors', 3, 163);
INSERT INTO report_column_lookup (report_column_lookup_id, filter_name, filter_value, report_table_id, report_column_id) VALUES (566, 'age_group',  'Seniors', 3, 164);
INSERT INTO report_column_lookup (report_column_lookup_id, filter_name, filter_value, report_table_id, report_column_id) VALUES (567, 'age_group',  'Reserves', 3, 165);
INSERT INTO report_column_lookup (report_column_lookup_id, filter_name, filter_value, report_table_id, report_column_id) VALUES (568, 'umpire_type',  'All', 3, 165);
INSERT INTO report_column_lookup (report_column_lookup_id, filter_name, filter_value, report_table_id, report_column_id) VALUES (569, 'umpire_type',  'All', 3, 165);
INSERT INTO report_column_lookup (report_column_lookup_id, filter_name, filter_value, report_table_id, report_column_id) VALUES (570, 'umpire_type',  'All', 3, 165);
INSERT INTO report_column_lookup (report_column_lookup_id, filter_name, filter_value, report_table_id, report_column_id) VALUES (571, 'umpire_type',  'Boundary', 3, 165);
INSERT INTO report_column_lookup (report_column_lookup_id, filter_name, filter_value, report_table_id, report_column_id) VALUES (572, 'umpire_type',  'Goal', 3, 165);
INSERT INTO report_column_lookup (report_column_lookup_id, filter_name, filter_value, report_table_id, report_column_id) VALUES (573, 'umpire_type',  'Goal', 3, 165);
INSERT INTO report_column_lookup (report_column_lookup_id, filter_name, filter_value, report_table_id, report_column_id) VALUES (574, 'short_league_name',  'All', 4, 166);
INSERT INTO report_column_lookup (report_column_lookup_id, filter_name, filter_value, report_table_id, report_column_id) VALUES (575, 'short_league_name',  'All', 4, 167);
INSERT INTO report_column_lookup (report_column_lookup_id, filter_name, filter_value, report_table_id, report_column_id) VALUES (576, 'short_league_name',  'All', 4, 168);
INSERT INTO report_column_lookup (report_column_lookup_id, filter_name, filter_value, report_table_id, report_column_id) VALUES (577, 'short_league_name',  'All', 4, 169);
INSERT INTO report_column_lookup (report_column_lookup_id, filter_name, filter_value, report_table_id, report_column_id) VALUES (578, 'short_league_name',  'All', 4, 170);
INSERT INTO report_column_lookup (report_column_lookup_id, filter_name, filter_value, report_table_id, report_column_id) VALUES (579, 'short_league_name',  'All', 4, 171);
INSERT INTO report_column_lookup (report_column_lookup_id, filter_name, filter_value, report_table_id, report_column_id) VALUES (580, 'short_league_name',  'All', 4, 172);
INSERT INTO report_column_lookup (report_column_lookup_id, filter_name, filter_value, report_table_id, report_column_id) VALUES (581, 'short_league_name',  'All', 4, 173);
INSERT INTO report_column_lookup (report_column_lookup_id, filter_name, filter_value, report_table_id, report_column_id) VALUES (582, 'short_league_name',  'All', 4, 174);
INSERT INTO report_column_lookup (report_column_lookup_id, filter_name, filter_value, report_table_id, report_column_id) VALUES (583, 'short_league_name',  'All', 4, 175);
INSERT INTO report_column_lookup (report_column_lookup_id, filter_name, filter_value, report_table_id, report_column_id) VALUES (584, 'short_league_name',  'All', 4, 176);
INSERT INTO report_column_lookup (report_column_lookup_id, filter_name, filter_value, report_table_id, report_column_id) VALUES (585, 'short_league_name',  'All', 4, 177);
INSERT INTO report_column_lookup (report_column_lookup_id, filter_name, filter_value, report_table_id, report_column_id) VALUES (586, 'short_league_name',  'CDFNL', 4, 166);
INSERT INTO report_column_lookup (report_column_lookup_id, filter_name, filter_value, report_table_id, report_column_id) VALUES (587, 'short_league_name',  'CDFNL', 4, 167);
INSERT INTO report_column_lookup (report_column_lookup_id, filter_name, filter_value, report_table_id, report_column_id) VALUES (588, 'short_league_name',  'CDFNL', 4, 168);
INSERT INTO report_column_lookup (report_column_lookup_id, filter_name, filter_value, report_table_id, report_column_id) VALUES (589, 'short_league_name',  'CDFNL', 4, 169);
INSERT INTO report_column_lookup (report_column_lookup_id, filter_name, filter_value, report_table_id, report_column_id) VALUES (590, 'short_league_name',  'CDFNL', 4, 170);
INSERT INTO report_column_lookup (report_column_lookup_id, filter_name, filter_value, report_table_id, report_column_id) VALUES (591, 'short_league_name',  'CDFNL', 4, 171);
INSERT INTO report_column_lookup (report_column_lookup_id, filter_name, filter_value, report_table_id, report_column_id) VALUES (592, 'short_league_name',  'CDFNL', 4, 172);
INSERT INTO report_column_lookup (report_column_lookup_id, filter_name, filter_value, report_table_id, report_column_id) VALUES (593, 'short_league_name',  'CDFNL', 4, 173);
INSERT INTO report_column_lookup (report_column_lookup_id, filter_name, filter_value, report_table_id, report_column_id) VALUES (594, 'short_league_name',  'CDFNL', 4, 174);
INSERT INTO report_column_lookup (report_column_lookup_id, filter_name, filter_value, report_table_id, report_column_id) VALUES (595, 'short_league_name',  'CDFNL', 4, 175);
INSERT INTO report_column_lookup (report_column_lookup_id, filter_name, filter_value, report_table_id, report_column_id) VALUES (596, 'short_league_name',  'CDFNL', 4, 176);
INSERT INTO report_column_lookup (report_column_lookup_id, filter_name, filter_value, report_table_id, report_column_id) VALUES (597, 'short_league_name',  'CDFNL', 4, 177);
INSERT INTO report_column_lookup (report_column_lookup_id, filter_name, filter_value, report_table_id, report_column_id) VALUES (598, 'age_group',  'All', 4, 166);
INSERT INTO report_column_lookup (report_column_lookup_id, filter_name, filter_value, report_table_id, report_column_id) VALUES (599, 'age_group',  'All', 4, 167);
INSERT INTO report_column_lookup (report_column_lookup_id, filter_name, filter_value, report_table_id, report_column_id) VALUES (600, 'age_group',  'All', 4, 168);
INSERT INTO report_column_lookup (report_column_lookup_id, filter_name, filter_value, report_table_id, report_column_id) VALUES (601, 'age_group',  'All', 4, 169);
INSERT INTO report_column_lookup (report_column_lookup_id, filter_name, filter_value, report_table_id, report_column_id) VALUES (602, 'age_group',  'All', 4, 170);
INSERT INTO report_column_lookup (report_column_lookup_id, filter_name, filter_value, report_table_id, report_column_id) VALUES (603, 'age_group',  'All', 4, 171);
INSERT INTO report_column_lookup (report_column_lookup_id, filter_name, filter_value, report_table_id, report_column_id) VALUES (604, 'age_group',  'All', 4, 172);
INSERT INTO report_column_lookup (report_column_lookup_id, filter_name, filter_value, report_table_id, report_column_id) VALUES (605, 'age_group',  'All', 4, 173);
INSERT INTO report_column_lookup (report_column_lookup_id, filter_name, filter_value, report_table_id, report_column_id) VALUES (606, 'age_group',  'All', 4, 174);
INSERT INTO report_column_lookup (report_column_lookup_id, filter_name, filter_value, report_table_id, report_column_id) VALUES (607, 'age_group',  'All', 4, 175);
INSERT INTO report_column_lookup (report_column_lookup_id, filter_name, filter_value, report_table_id, report_column_id) VALUES (608, 'age_group',  'All', 4, 176);
INSERT INTO report_column_lookup (report_column_lookup_id, filter_name, filter_value, report_table_id, report_column_id) VALUES (609, 'age_group',  'All', 4, 177);
INSERT INTO report_column_lookup (report_column_lookup_id, filter_name, filter_value, report_table_id, report_column_id) VALUES (610, 'age_group',  'Seniors', 4, 166);
INSERT INTO report_column_lookup (report_column_lookup_id, filter_name, filter_value, report_table_id, report_column_id) VALUES (611, 'age_group',  'Reserves', 4, 167);
INSERT INTO report_column_lookup (report_column_lookup_id, filter_name, filter_value, report_table_id, report_column_id) VALUES (612, 'age_group',  'Under 17.5', 4, 168);
INSERT INTO report_column_lookup (report_column_lookup_id, filter_name, filter_value, report_table_id, report_column_id) VALUES (613, 'age_group',  'Under 14.5', 4, 169);
INSERT INTO report_column_lookup (report_column_lookup_id, filter_name, filter_value, report_table_id, report_column_id) VALUES (614, 'age_group',  'Seniors', 4, 170);
INSERT INTO report_column_lookup (report_column_lookup_id, filter_name, filter_value, report_table_id, report_column_id) VALUES (615, 'age_group',  'Reserves', 4, 171);
INSERT INTO report_column_lookup (report_column_lookup_id, filter_name, filter_value, report_table_id, report_column_id) VALUES (616, 'age_group',  'Under 17.5', 4, 172);
INSERT INTO report_column_lookup (report_column_lookup_id, filter_name, filter_value, report_table_id, report_column_id) VALUES (617, 'age_group',  'Under 14.5', 4, 173);
INSERT INTO report_column_lookup (report_column_lookup_id, filter_name, filter_value, report_table_id, report_column_id) VALUES (618, 'age_group',  'Seniors', 4, 174);
INSERT INTO report_column_lookup (report_column_lookup_id, filter_name, filter_value, report_table_id, report_column_id) VALUES (619, 'age_group',  'Reserves', 4, 175);
INSERT INTO report_column_lookup (report_column_lookup_id, filter_name, filter_value, report_table_id, report_column_id) VALUES (620, 'age_group',  'Under 17.5', 4, 176);
INSERT INTO report_column_lookup (report_column_lookup_id, filter_name, filter_value, report_table_id, report_column_id) VALUES (621, 'age_group',  'Under 14.5', 4, 177);
INSERT INTO report_column_lookup (report_column_lookup_id, filter_name, filter_value, report_table_id, report_column_id) VALUES (622, 'umpire_type',  'All', 4, 166);
INSERT INTO report_column_lookup (report_column_lookup_id, filter_name, filter_value, report_table_id, report_column_id) VALUES (623, 'umpire_type',  'All', 4, 167);
INSERT INTO report_column_lookup (report_column_lookup_id, filter_name, filter_value, report_table_id, report_column_id) VALUES (624, 'umpire_type',  'All', 4, 168);
INSERT INTO report_column_lookup (report_column_lookup_id, filter_name, filter_value, report_table_id, report_column_id) VALUES (625, 'umpire_type',  'All', 4, 169);
INSERT INTO report_column_lookup (report_column_lookup_id, filter_name, filter_value, report_table_id, report_column_id) VALUES (626, 'umpire_type',  'All', 4, 170);
INSERT INTO report_column_lookup (report_column_lookup_id, filter_name, filter_value, report_table_id, report_column_id) VALUES (627, 'umpire_type',  'All', 4, 171);
INSERT INTO report_column_lookup (report_column_lookup_id, filter_name, filter_value, report_table_id, report_column_id) VALUES (628, 'umpire_type',  'All', 4, 172);
INSERT INTO report_column_lookup (report_column_lookup_id, filter_name, filter_value, report_table_id, report_column_id) VALUES (629, 'umpire_type',  'All', 4, 173);
INSERT INTO report_column_lookup (report_column_lookup_id, filter_name, filter_value, report_table_id, report_column_id) VALUES (630, 'umpire_type',  'All', 4, 174);
INSERT INTO report_column_lookup (report_column_lookup_id, filter_name, filter_value, report_table_id, report_column_id) VALUES (631, 'umpire_type',  'All', 4, 175);
INSERT INTO report_column_lookup (report_column_lookup_id, filter_name, filter_value, report_table_id, report_column_id) VALUES (632, 'umpire_type',  'All', 4, 176);
INSERT INTO report_column_lookup (report_column_lookup_id, filter_name, filter_value, report_table_id, report_column_id) VALUES (633, 'umpire_type',  'All', 4, 177);
INSERT INTO report_column_lookup (report_column_lookup_id, filter_name, filter_value, report_table_id, report_column_id) VALUES (634, 'umpire_type',  'Boundary', 4, 166);
INSERT INTO report_column_lookup (report_column_lookup_id, filter_name, filter_value, report_table_id, report_column_id) VALUES (635, 'umpire_type',  'Boundary', 4, 167);
INSERT INTO report_column_lookup (report_column_lookup_id, filter_name, filter_value, report_table_id, report_column_id) VALUES (636, 'umpire_type',  'Boundary', 4, 168);
INSERT INTO report_column_lookup (report_column_lookup_id, filter_name, filter_value, report_table_id, report_column_id) VALUES (637, 'umpire_type',  'Boundary', 4, 169);
INSERT INTO report_column_lookup (report_column_lookup_id, filter_name, filter_value, report_table_id, report_column_id) VALUES (638, 'umpire_type',  'Field', 4, 170);
INSERT INTO report_column_lookup (report_column_lookup_id, filter_name, filter_value, report_table_id, report_column_id) VALUES (639, 'umpire_type',  'Field', 4, 171);
INSERT INTO report_column_lookup (report_column_lookup_id, filter_name, filter_value, report_table_id, report_column_id) VALUES (640, 'umpire_type',  'Field', 4, 172);
INSERT INTO report_column_lookup (report_column_lookup_id, filter_name, filter_value, report_table_id, report_column_id) VALUES (641, 'umpire_type',  'Field', 4, 173);
INSERT INTO report_column_lookup (report_column_lookup_id, filter_name, filter_value, report_table_id, report_column_id) VALUES (642, 'umpire_type',  'Goal', 4, 174);
INSERT INTO report_column_lookup (report_column_lookup_id, filter_name, filter_value, report_table_id, report_column_id) VALUES (643, 'umpire_type',  'Goal', 4, 175);
INSERT INTO report_column_lookup (report_column_lookup_id, filter_name, filter_value, report_table_id, report_column_id) VALUES (644, 'umpire_type',  'Goal', 4, 176);
INSERT INTO report_column_lookup (report_column_lookup_id, filter_name, filter_value, report_table_id, report_column_id) VALUES (645, 'umpire_type',  'Goal', 4, 177);
INSERT INTO report_column_lookup (report_column_lookup_id, filter_name, filter_value, report_table_id, report_column_id) VALUES (646, 'short_league_name',  'All', 5, 178);
INSERT INTO report_column_lookup (report_column_lookup_id, filter_name, filter_value, report_table_id, report_column_id) VALUES (647, 'age_group',  'All', 5, 178);
INSERT INTO report_column_lookup (report_column_lookup_id, filter_name, filter_value, report_table_id, report_column_id) VALUES (648, 'umpire_type',  'All', 5, 178);



INSERT INTO report_column_lookup_display (report_column_lookup_display_id, report_column_id, column_display_filter_name, column_display_name) VALUES (341, 157, 'short_league_name', 'CDFNL');
INSERT INTO report_column_lookup_display (report_column_lookup_display_id, report_column_id, column_display_filter_name, column_display_name) VALUES (342, 157, 'club_name', 'Birregurra');
INSERT INTO report_column_lookup_display (report_column_lookup_display_id, report_column_id, column_display_filter_name, column_display_name) VALUES (343, 158, 'short_league_name', 'CDFNL');
INSERT INTO report_column_lookup_display (report_column_lookup_display_id, report_column_id, column_display_filter_name, column_display_name) VALUES (344, 158, 'club_name', 'Lorne');
INSERT INTO report_column_lookup_display (report_column_lookup_display_id, report_column_id, column_display_filter_name, column_display_name) VALUES (345, 159, 'short_league_name', 'CDFNL');
INSERT INTO report_column_lookup_display (report_column_lookup_display_id, report_column_id, column_display_filter_name, column_display_name) VALUES (346, 159, 'age_group', 'Seniors');
INSERT INTO report_column_lookup_display (report_column_lookup_display_id, report_column_id, column_display_filter_name, column_display_name) VALUES (347, 160, 'short_league_name', 'CDFNL');
INSERT INTO report_column_lookup_display (report_column_lookup_display_id, report_column_id, column_display_filter_name, column_display_name) VALUES (348, 160, 'age_group', 'Reserves');
INSERT INTO report_column_lookup_display (report_column_lookup_display_id, report_column_id, column_display_filter_name, column_display_name) VALUES (349, 161, 'short_league_name', 'CDFNL');
INSERT INTO report_column_lookup_display (report_column_lookup_display_id, report_column_id, column_display_filter_name, column_display_name) VALUES (350, 161, 'age_group', 'Under 17.5');
INSERT INTO report_column_lookup_display (report_column_lookup_display_id, report_column_id, column_display_filter_name, column_display_name) VALUES (351, 162, 'short_league_name', 'CDFNL');
INSERT INTO report_column_lookup_display (report_column_lookup_display_id, report_column_id, column_display_filter_name, column_display_name) VALUES (352, 162, 'age_group', 'Under 14.5');
INSERT INTO report_column_lookup_display (report_column_lookup_display_id, report_column_id, column_display_filter_name, column_display_name) VALUES (353, 163, 'short_league_name', 'CDFNL');
INSERT INTO report_column_lookup_display (report_column_lookup_display_id, report_column_id, column_display_filter_name, column_display_name) VALUES (354, 163, 'umpire_type_age_group', 'No Senior Boundary');
INSERT INTO report_column_lookup_display (report_column_lookup_display_id, report_column_id, column_display_filter_name, column_display_name) VALUES (355, 164, 'short_league_name', 'CDFNL');
INSERT INTO report_column_lookup_display (report_column_lookup_display_id, report_column_id, column_display_filter_name, column_display_name) VALUES (356, 164, 'umpire_type_age_group', 'No Senior Goal');
INSERT INTO report_column_lookup_display (report_column_lookup_display_id, report_column_id, column_display_filter_name, column_display_name) VALUES (357, 165, 'short_league_name', 'CDFNL');
INSERT INTO report_column_lookup_display (report_column_lookup_display_id, report_column_id, column_display_filter_name, column_display_name) VALUES (358, 165, 'umpire_type_age_group', 'No Reserve Goal');
INSERT INTO report_column_lookup_display (report_column_lookup_display_id, report_column_id, column_display_filter_name, column_display_name) VALUES (359, 166, 'umpire_type', 'Boundary');
INSERT INTO report_column_lookup_display (report_column_lookup_display_id, report_column_id, column_display_filter_name, column_display_name) VALUES (360, 166, 'age_group', 'Seniors');
INSERT INTO report_column_lookup_display (report_column_lookup_display_id, report_column_id, column_display_filter_name, column_display_name) VALUES (361, 166, 'short_league_name', 'CDFNL');
INSERT INTO report_column_lookup_display (report_column_lookup_display_id, report_column_id, column_display_filter_name, column_display_name) VALUES (362, 167, 'umpire_type', 'Boundary');
INSERT INTO report_column_lookup_display (report_column_lookup_display_id, report_column_id, column_display_filter_name, column_display_name) VALUES (363, 167, 'age_group', 'Reserves');
INSERT INTO report_column_lookup_display (report_column_lookup_display_id, report_column_id, column_display_filter_name, column_display_name) VALUES (364, 167, 'short_league_name', 'CDFNL');
INSERT INTO report_column_lookup_display (report_column_lookup_display_id, report_column_id, column_display_filter_name, column_display_name) VALUES (365, 168, 'umpire_type', 'Boundary');
INSERT INTO report_column_lookup_display (report_column_lookup_display_id, report_column_id, column_display_filter_name, column_display_name) VALUES (366, 168, 'age_group', 'Under 17.5');
INSERT INTO report_column_lookup_display (report_column_lookup_display_id, report_column_id, column_display_filter_name, column_display_name) VALUES (367, 168, 'short_league_name', 'CDFNL');
INSERT INTO report_column_lookup_display (report_column_lookup_display_id, report_column_id, column_display_filter_name, column_display_name) VALUES (368, 169, 'umpire_type', 'Boundary');
INSERT INTO report_column_lookup_display (report_column_lookup_display_id, report_column_id, column_display_filter_name, column_display_name) VALUES (369, 169, 'age_group', 'Under 14.5');
INSERT INTO report_column_lookup_display (report_column_lookup_display_id, report_column_id, column_display_filter_name, column_display_name) VALUES (370, 169, 'short_league_name', 'CDFNL');
INSERT INTO report_column_lookup_display (report_column_lookup_display_id, report_column_id, column_display_filter_name, column_display_name) VALUES (371, 170, 'umpire_type', 'Field');
INSERT INTO report_column_lookup_display (report_column_lookup_display_id, report_column_id, column_display_filter_name, column_display_name) VALUES (372, 170, 'age_group', 'Seniors');
INSERT INTO report_column_lookup_display (report_column_lookup_display_id, report_column_id, column_display_filter_name, column_display_name) VALUES (373, 170, 'short_league_name', 'CDFNL');
INSERT INTO report_column_lookup_display (report_column_lookup_display_id, report_column_id, column_display_filter_name, column_display_name) VALUES (374, 171, 'umpire_type', 'Field');
INSERT INTO report_column_lookup_display (report_column_lookup_display_id, report_column_id, column_display_filter_name, column_display_name) VALUES (375, 171, 'age_group', 'Reserves');
INSERT INTO report_column_lookup_display (report_column_lookup_display_id, report_column_id, column_display_filter_name, column_display_name) VALUES (376, 171, 'short_league_name', 'CDFNL');
INSERT INTO report_column_lookup_display (report_column_lookup_display_id, report_column_id, column_display_filter_name, column_display_name) VALUES (377, 172, 'umpire_type', 'Field');
INSERT INTO report_column_lookup_display (report_column_lookup_display_id, report_column_id, column_display_filter_name, column_display_name) VALUES (378, 172, 'age_group', 'Under 17.5');
INSERT INTO report_column_lookup_display (report_column_lookup_display_id, report_column_id, column_display_filter_name, column_display_name) VALUES (379, 172, 'short_league_name', 'CDFNL');
INSERT INTO report_column_lookup_display (report_column_lookup_display_id, report_column_id, column_display_filter_name, column_display_name) VALUES (380, 173, 'umpire_type', 'Field');
INSERT INTO report_column_lookup_display (report_column_lookup_display_id, report_column_id, column_display_filter_name, column_display_name) VALUES (381, 173, 'age_group', 'Under 14.5');
INSERT INTO report_column_lookup_display (report_column_lookup_display_id, report_column_id, column_display_filter_name, column_display_name) VALUES (382, 173, 'short_league_name', 'CDFNL');
INSERT INTO report_column_lookup_display (report_column_lookup_display_id, report_column_id, column_display_filter_name, column_display_name) VALUES (383, 174, 'umpire_type', 'Goal');
INSERT INTO report_column_lookup_display (report_column_lookup_display_id, report_column_id, column_display_filter_name, column_display_name) VALUES (384, 174, 'age_group', 'Seniors');
INSERT INTO report_column_lookup_display (report_column_lookup_display_id, report_column_id, column_display_filter_name, column_display_name) VALUES (385, 174, 'short_league_name', 'CDFNL');
INSERT INTO report_column_lookup_display (report_column_lookup_display_id, report_column_id, column_display_filter_name, column_display_name) VALUES (386, 175, 'umpire_type', 'Goal');
INSERT INTO report_column_lookup_display (report_column_lookup_display_id, report_column_id, column_display_filter_name, column_display_name) VALUES (387, 175, 'age_group', 'Reserves');
INSERT INTO report_column_lookup_display (report_column_lookup_display_id, report_column_id, column_display_filter_name, column_display_name) VALUES (388, 175, 'short_league_name', 'CDFNL');
INSERT INTO report_column_lookup_display (report_column_lookup_display_id, report_column_id, column_display_filter_name, column_display_name) VALUES (389, 176, 'umpire_type', 'Goal');
INSERT INTO report_column_lookup_display (report_column_lookup_display_id, report_column_id, column_display_filter_name, column_display_name) VALUES (390, 176, 'age_group', 'Under 17.5');
INSERT INTO report_column_lookup_display (report_column_lookup_display_id, report_column_id, column_display_filter_name, column_display_name) VALUES (391, 176, 'short_league_name', 'CDFNL');
INSERT INTO report_column_lookup_display (report_column_lookup_display_id, report_column_id, column_display_filter_name, column_display_name) VALUES (392, 177, 'umpire_type', 'Goal');
INSERT INTO report_column_lookup_display (report_column_lookup_display_id, report_column_id, column_display_filter_name, column_display_name) VALUES (393, 177, 'age_group', 'Under 14.5');
INSERT INTO report_column_lookup_display (report_column_lookup_display_id, report_column_id, column_display_filter_name, column_display_name) VALUES (394, 177, 'short_league_name', 'CDFNL');








