drop table if exists report_table;


CREATE TABLE report_table (
  report_table_id INT PRIMARY KEY,
  report_name VARCHAR(40),
  table_name VARCHAR(40)
);

INSERT INTO report_table (report_table_id, report_name, table_name) VALUES (1, '1', 'mv_report_01');
INSERT INTO report_table (report_table_id, report_name, table_name) VALUES (2, '2', 'mv_report_02');
INSERT INTO report_table (report_table_id, report_name, table_name) VALUES (3, '3', 'mv_report_03');
INSERT INTO report_table (report_table_id, report_name, table_name) VALUES (4, '4', 'mv_report_04');
INSERT INTO report_table (report_table_id, report_name, table_name) VALUES (5, '5', 'mv_report_05');



DROP TABLE if exists report_column;

CREATE TABLE report_column (
  report_column_id INT PRIMARY KEY,
  column_name VARCHAR(200),
  column_function VARCHAR(50) DEFAULT NULL
);


INSERT INTO report_column (report_column_id, column_name, column_function) VALUES (1,'BFL|Anglesea','SUM');
INSERT INTO report_column (report_column_id, column_name, column_function) VALUES (2,'BFL|Barwon_Heads','SUM');
INSERT INTO report_column (report_column_id, column_name, column_function) VALUES (3,'BFL|Drysdale','SUM');
INSERT INTO report_column (report_column_id, column_name, column_function) VALUES (4,'BFL|Geelong_Amateur','SUM');
INSERT INTO report_column (report_column_id, column_name, column_function) VALUES (5,'BFL|Modewarre','SUM');
INSERT INTO report_column (report_column_id, column_name, column_function) VALUES (6,'BFL|Newcomb_Power','SUM');
INSERT INTO report_column (report_column_id, column_name, column_function) VALUES (7,'BFL|Ocean_Grove','SUM');
INSERT INTO report_column (report_column_id, column_name, column_function) VALUES (8,'BFL|Portarlington','SUM');
INSERT INTO report_column (report_column_id, column_name, column_function) VALUES (9,'BFL|Queenscliff','SUM');
INSERT INTO report_column (report_column_id, column_name, column_function) VALUES (10,'BFL|Torquay','SUM');
INSERT INTO report_column (report_column_id, column_name, column_function) VALUES (11,'GDFL|Anakie','SUM');
INSERT INTO report_column (report_column_id, column_name, column_function) VALUES (12,'GDFL|Bannockburn','SUM');
INSERT INTO report_column (report_column_id, column_name, column_function) VALUES (13,'GDFL|Bell_Post_Hill','SUM');
INSERT INTO report_column (report_column_id, column_name, column_function) VALUES (14,'GDFL|Belmont_Lions','SUM');
INSERT INTO report_column (report_column_id, column_name, column_function) VALUES (15,'GDFL|Corio','SUM');
INSERT INTO report_column (report_column_id, column_name, column_function) VALUES (16,'GDFL|East_Geelong','SUM');
INSERT INTO report_column (report_column_id, column_name, column_function) VALUES (17,'GDFL|Geelong_West','SUM');
INSERT INTO report_column (report_column_id, column_name, column_function) VALUES (18,'GDFL|Inverleigh','SUM');
INSERT INTO report_column (report_column_id, column_name, column_function) VALUES (19,'GDFL|North_Geelong','SUM');
INSERT INTO report_column (report_column_id, column_name, column_function) VALUES (20,'GDFL|Thomson','SUM');
INSERT INTO report_column (report_column_id, column_name, column_function) VALUES (21,'GDFL|Werribee_Centrals','SUM');
INSERT INTO report_column (report_column_id, column_name, column_function) VALUES (22,'GDFL|Winchelsea','SUM');
INSERT INTO report_column (report_column_id, column_name, column_function) VALUES (23,'GFL|Bell_Park','SUM');
INSERT INTO report_column (report_column_id, column_name, column_function) VALUES (24,'GFL|Colac','SUM');
INSERT INTO report_column (report_column_id, column_name, column_function) VALUES (25,'GFL|Grovedale','SUM');
INSERT INTO report_column (report_column_id, column_name, column_function) VALUES (26,'GFL|Gwsp','SUM');
INSERT INTO report_column (report_column_id, column_name, column_function) VALUES (27,'GFL|Lara','SUM');
INSERT INTO report_column (report_column_id, column_name, column_function) VALUES (28,'GFL|Leopold','SUM');
INSERT INTO report_column (report_column_id, column_name, column_function) VALUES (29,'GFL|Newtown_&_Chilwell','SUM');
INSERT INTO report_column (report_column_id, column_name, column_function) VALUES (30,'GFL|North_Shore','SUM');
INSERT INTO report_column (report_column_id, column_name, column_function) VALUES (31,'GFL|South_Barwon','SUM');
INSERT INTO report_column (report_column_id, column_name, column_function) VALUES (32,'GFL|St_Albans','SUM');
INSERT INTO report_column (report_column_id, column_name, column_function) VALUES (33,'GFL|St_Joseph\'s','SUM');
INSERT INTO report_column (report_column_id, column_name, column_function) VALUES (34,'GFL|St_Mary\'s','SUM');
INSERT INTO report_column (report_column_id, column_name, column_function) VALUES (35,'None|Anakie','SUM');
INSERT INTO report_column (report_column_id, column_name, column_function) VALUES (36,'None|Anglesea','SUM');
INSERT INTO report_column (report_column_id, column_name, column_function) VALUES (37,'None|Bannockburn','SUM');
INSERT INTO report_column (report_column_id, column_name, column_function) VALUES (38,'None|Barwon_Heads','SUM');
INSERT INTO report_column (report_column_id, column_name, column_function) VALUES (39,'None|Bell_Park','SUM');
INSERT INTO report_column (report_column_id, column_name, column_function) VALUES (40,'None|Belmont_Lions_/_Newcomb','SUM');
INSERT INTO report_column (report_column_id, column_name, column_function) VALUES (41,'None|Belmont_Lions','SUM');
INSERT INTO report_column (report_column_id, column_name, column_function) VALUES (42,'None|Colac','SUM');
INSERT INTO report_column (report_column_id, column_name, column_function) VALUES (43,'None|Corio','SUM');
INSERT INTO report_column (report_column_id, column_name, column_function) VALUES (44,'None|Drysdale_Bennett','SUM');
INSERT INTO report_column (report_column_id, column_name, column_function) VALUES (45,'None|Drysdale_Byrne','SUM');
INSERT INTO report_column (report_column_id, column_name, column_function) VALUES (46,'None|Drysdale_Eddy','SUM');
INSERT INTO report_column (report_column_id, column_name, column_function) VALUES (47,'None|Drysdale_Hall','SUM');
INSERT INTO report_column (report_column_id, column_name, column_function) VALUES (48,'None|Drysdale_Hector','SUM');
INSERT INTO report_column (report_column_id, column_name, column_function) VALUES (49,'None|Drysdale','SUM');
INSERT INTO report_column (report_column_id, column_name, column_function) VALUES (50,'None|East_Geelong','SUM');
INSERT INTO report_column (report_column_id, column_name, column_function) VALUES (51,'None|Geelong_Amateur','SUM');
INSERT INTO report_column (report_column_id, column_name, column_function) VALUES (52,'None|Geelong_West_St_Peters','SUM');
INSERT INTO report_column (report_column_id, column_name, column_function) VALUES (53,'None|Grovedale','SUM');
INSERT INTO report_column (report_column_id, column_name, column_function) VALUES (54,'None|Gwsp_/_Bannockburn','SUM');
INSERT INTO report_column (report_column_id, column_name, column_function) VALUES (55,'None|Inverleigh','SUM');
INSERT INTO report_column (report_column_id, column_name, column_function) VALUES (56,'None|Lara','SUM');
INSERT INTO report_column (report_column_id, column_name, column_function) VALUES (57,'None|Leopold','SUM');
INSERT INTO report_column (report_column_id, column_name, column_function) VALUES (58,'None|Modewarre','SUM');
INSERT INTO report_column (report_column_id, column_name, column_function) VALUES (59,'None|Newcomb','SUM');
INSERT INTO report_column (report_column_id, column_name, column_function) VALUES (60,'None|Newtown_&_Chilwell','SUM');
INSERT INTO report_column (report_column_id, column_name, column_function) VALUES (61,'None|North_Geelong','SUM');
INSERT INTO report_column (report_column_id, column_name, column_function) VALUES (62,'None|North_Shore','SUM');
INSERT INTO report_column (report_column_id, column_name, column_function) VALUES (63,'None|Ocean_Grove','SUM');
INSERT INTO report_column (report_column_id, column_name, column_function) VALUES (64,'None|Ogcc','SUM');
INSERT INTO report_column (report_column_id, column_name, column_function) VALUES (65,'None|Portarlington','SUM');
INSERT INTO report_column (report_column_id, column_name, column_function) VALUES (66,'None|Queenscliff','SUM');
INSERT INTO report_column (report_column_id, column_name, column_function) VALUES (67,'None|South_Barwon_/_Geelong_Amateur','SUM');
INSERT INTO report_column (report_column_id, column_name, column_function) VALUES (68,'None|South_Barwon','SUM');
INSERT INTO report_column (report_column_id, column_name, column_function) VALUES (69,'None|St_Albans_Allthorpe','SUM');
INSERT INTO report_column (report_column_id, column_name, column_function) VALUES (70,'None|St_Albans_Reid','SUM');
INSERT INTO report_column (report_column_id, column_name, column_function) VALUES (71,'None|St_Albans','SUM');
INSERT INTO report_column (report_column_id, column_name, column_function) VALUES (72,'None|St_Joseph\'s_Hill','SUM');
INSERT INTO report_column (report_column_id, column_name, column_function) VALUES (73,'None|St_Joseph\'s_Podbury','SUM');
INSERT INTO report_column (report_column_id, column_name, column_function) VALUES (74,'None|St_Joseph\'s','SUM');
INSERT INTO report_column (report_column_id, column_name, column_function) VALUES (75,'None|St_Mary\'s','SUM');
INSERT INTO report_column (report_column_id, column_name, column_function) VALUES (76,'None|Tigers_Gold','SUM');
INSERT INTO report_column (report_column_id, column_name, column_function) VALUES (77,'None|Torquay_Bumpstead','SUM');
INSERT INTO report_column (report_column_id, column_name, column_function) VALUES (78,'None|Torquay_Coles','SUM');
INSERT INTO report_column (report_column_id, column_name, column_function) VALUES (79,'None|Torquay_Dunstan','SUM');
INSERT INTO report_column (report_column_id, column_name, column_function) VALUES (80,'None|Torquay_Jones','SUM');
INSERT INTO report_column (report_column_id, column_name, column_function) VALUES (81,'None|Torquay_Nairn','SUM');
INSERT INTO report_column (report_column_id, column_name, column_function) VALUES (82,'None|Torquay_Papworth','SUM');
INSERT INTO report_column (report_column_id, column_name, column_function) VALUES (83,'None|Torquay_Pyers','SUM');
INSERT INTO report_column (report_column_id, column_name, column_function) VALUES (84,'None|Torquay_Scott','SUM');
INSERT INTO report_column (report_column_id, column_name, column_function) VALUES (85,'None|Torquay','SUM');
INSERT INTO report_column (report_column_id, column_name, column_function) VALUES (86,'None|Werribee_Centrals','SUM');
INSERT INTO report_column (report_column_id, column_name, column_function) VALUES (87,'None|Winchelsea_/_Grovedale','SUM');
INSERT INTO report_column (report_column_id, column_name, column_function) VALUES (88,'None|Winchelsea','SUM');
INSERT INTO report_column (report_column_id, column_name, column_function) VALUES (89,'Seniors|BFL','SUM');
INSERT INTO report_column (report_column_id, column_name, column_function) VALUES (90,'Seniors|GDFL','SUM');
INSERT INTO report_column (report_column_id, column_name, column_function) VALUES (91,'Seniors|GFL','SUM');
INSERT INTO report_column (report_column_id, column_name, column_function) VALUES (92,'Seniors|2 Umpires','SUM');
INSERT INTO report_column (report_column_id, column_name, column_function) VALUES (93,'Reserves|BFL','SUM');
INSERT INTO report_column (report_column_id, column_name, column_function) VALUES (94,'Reserves|GDFL','SUM');
INSERT INTO report_column (report_column_id, column_name, column_function) VALUES (95,'Reserves|GFL','SUM');
INSERT INTO report_column (report_column_id, column_name, column_function) VALUES (96,'Colts|None','SUM');
INSERT INTO report_column (report_column_id, column_name, column_function) VALUES (97,'Under 16|None','SUM');
INSERT INTO report_column (report_column_id, column_name, column_function) VALUES (98,'Under 14|None','SUM');
INSERT INTO report_column (report_column_id, column_name, column_function) VALUES (99,'Youth Girls|None','SUM');
INSERT INTO report_column (report_column_id, column_name, column_function) VALUES (100,'Junior Girls|None','SUM');
INSERT INTO report_column (report_column_id, column_name, column_function) VALUES (101,'No Senior Boundary|BFL',NULL);
INSERT INTO report_column (report_column_id, column_name, column_function) VALUES (102,'No Senior Boundary|GDFL',NULL);
INSERT INTO report_column (report_column_id, column_name, column_function) VALUES (103,'No Senior Boundary|GFL',NULL);
INSERT INTO report_column (report_column_id, column_name, column_function) VALUES (104,'No Senior Boundary|No.',NULL);
INSERT INTO report_column (report_column_id, column_name, column_function) VALUES (105,'No Senior Goal|BFL',NULL);
INSERT INTO report_column (report_column_id, column_name, column_function) VALUES (106,'No Senior Goal|GDFL',NULL);
INSERT INTO report_column (report_column_id, column_name, column_function) VALUES (107,'No Senior Goal|GFL',NULL);
INSERT INTO report_column (report_column_id, column_name, column_function) VALUES (108,'No Senior Goal|No.',NULL);
INSERT INTO report_column (report_column_id, column_name, column_function) VALUES (109,'No Reserve Goal|BFL',NULL);
INSERT INTO report_column (report_column_id, column_name, column_function) VALUES (110,'No Reserve Goal|GDFL',NULL);
INSERT INTO report_column (report_column_id, column_name, column_function) VALUES (111,'No Reserve Goal|GFL',NULL);
INSERT INTO report_column (report_column_id, column_name, column_function) VALUES (112,'No Reserve Goal|No.',NULL);
INSERT INTO report_column (report_column_id, column_name, column_function) VALUES (113,'No Colts Field|Clubs',NULL);
INSERT INTO report_column (report_column_id, column_name, column_function) VALUES (114,'No Colts Field|No.',NULL);
INSERT INTO report_column (report_column_id, column_name, column_function) VALUES (115,'No U16 Field|Clubs',NULL);
INSERT INTO report_column (report_column_id, column_name, column_function) VALUES (116,'No U16 Field|No.',NULL);
INSERT INTO report_column (report_column_id, column_name, column_function) VALUES (117,'No U14 Field|Clubs',NULL);
INSERT INTO report_column (report_column_id, column_name, column_function) VALUES (118,'No U14 Field|No.',NULL);
INSERT INTO report_column (report_column_id, column_name, column_function) VALUES (119,'Boundary|Seniors|BFL',NULL);
INSERT INTO report_column (report_column_id, column_name, column_function) VALUES (120,'Boundary|Seniors|GDFL',NULL);
INSERT INTO report_column (report_column_id, column_name, column_function) VALUES (121,'Boundary|Seniors|GFL',NULL);
INSERT INTO report_column (report_column_id, column_name, column_function) VALUES (122,'Boundary|Reserves|BFL',NULL);
INSERT INTO report_column (report_column_id, column_name, column_function) VALUES (123,'Boundary|Reserves|GDFL',NULL);
INSERT INTO report_column (report_column_id, column_name, column_function) VALUES (124,'Boundary|Reserves|GFL',NULL);
INSERT INTO report_column (report_column_id, column_name, column_function) VALUES (125,'Boundary|Colts|None',NULL);
INSERT INTO report_column (report_column_id, column_name, column_function) VALUES (126,'Boundary|Under 16|None',NULL);
INSERT INTO report_column (report_column_id, column_name, column_function) VALUES (127,'Boundary|Under 14|None',NULL);
INSERT INTO report_column (report_column_id, column_name, column_function) VALUES (128,'Boundary|Youth Girls|None',NULL);
INSERT INTO report_column (report_column_id, column_name, column_function) VALUES (129,'Boundary|Junior Girls|None',NULL);
INSERT INTO report_column (report_column_id, column_name, column_function) VALUES (130,'Field|Seniors|BFL',NULL);
INSERT INTO report_column (report_column_id, column_name, column_function) VALUES (131,'Field|Seniors|GDFL',NULL);
INSERT INTO report_column (report_column_id, column_name, column_function) VALUES (132,'Field|Seniors|GFL',NULL);
INSERT INTO report_column (report_column_id, column_name, column_function) VALUES (133,'Field|Reserves|BFL',NULL);
INSERT INTO report_column (report_column_id, column_name, column_function) VALUES (134,'Field|Reserves|GDFL',NULL);
INSERT INTO report_column (report_column_id, column_name, column_function) VALUES (135,'Field|Reserves|GFL',NULL);
INSERT INTO report_column (report_column_id, column_name, column_function) VALUES (136,'Field|Colts|None',NULL);
INSERT INTO report_column (report_column_id, column_name, column_function) VALUES (137,'Field|Under 16|None',NULL);
INSERT INTO report_column (report_column_id, column_name, column_function) VALUES (138,'Field|Under 14|None',NULL);
INSERT INTO report_column (report_column_id, column_name, column_function) VALUES (139,'Field|Youth Girls|None',NULL);
INSERT INTO report_column (report_column_id, column_name, column_function) VALUES (140,'Field|Junior Girls|None',NULL);
INSERT INTO report_column (report_column_id, column_name, column_function) VALUES (141,'Goal|Seniors|BFL',NULL);
INSERT INTO report_column (report_column_id, column_name, column_function) VALUES (142,'Goal|Seniors|GDFL',NULL);
INSERT INTO report_column (report_column_id, column_name, column_function) VALUES (143,'Goal|Seniors|GFL',NULL);
INSERT INTO report_column (report_column_id, column_name, column_function) VALUES (144,'Goal|Reserves|BFL',NULL);
INSERT INTO report_column (report_column_id, column_name, column_function) VALUES (145,'Goal|Reserves|GDFL',NULL);
INSERT INTO report_column (report_column_id, column_name, column_function) VALUES (146,'Goal|Reserves|GFL',NULL);
INSERT INTO report_column (report_column_id, column_name, column_function) VALUES (147,'Goal|Colts|None',NULL);
INSERT INTO report_column (report_column_id, column_name, column_function) VALUES (148,'Goal|Under 16|None',NULL);
INSERT INTO report_column (report_column_id, column_name, column_function) VALUES (149,'Goal|Under 14|None',NULL);
INSERT INTO report_column (report_column_id, column_name, column_function) VALUES (150,'Goal|Youth Girls|None',NULL);
INSERT INTO report_column (report_column_id, column_name, column_function) VALUES (151,'Goal|Junior Girls|None',NULL);
INSERT INTO report_column (report_column_id, column_name, column_function) VALUES (152,'BFL',NULL);
INSERT INTO report_column (report_column_id, column_name, column_function) VALUES (153,'GDFL',NULL);
INSERT INTO report_column (report_column_id, column_name, column_function) VALUES (154,'GFL',NULL);
INSERT INTO report_column (report_column_id, column_name, column_function) VALUES (155,'None',NULL);
INSERT INTO report_column (report_column_id, column_name, column_function) VALUES (156,'Total',NULL);




DROP TABLE if exists report_column_lookup;

CREATE TABLE report_column_lookup (
  report_column_lookup_id INT PRIMARY KEY,
  filter_name VARCHAR(40),
  filter_value VARCHAR(100),
  report_table_id INT,
  report_column_id INT,
  FOREIGN KEY (report_table_id) REFERENCES report_table(report_table_id) ON DELETE CASCADE,
  FOREIGN KEY (report_column_id) REFERENCES report_column(report_column_id) ON DELETE CASCADE

);


INSERT INTO report_column_lookup (report_column_lookup_id, filter_name, filter_value, report_table_id, report_column_id) VALUES (1, 'short_league_name',  'All', 1, 11);
INSERT INTO report_column_lookup (report_column_lookup_id, filter_name, filter_value, report_table_id, report_column_id) VALUES (2, 'short_league_name',  'All', 1, 12);
INSERT INTO report_column_lookup (report_column_lookup_id, filter_name, filter_value, report_table_id, report_column_id) VALUES (3, 'short_league_name',  'All', 1, 43);
INSERT INTO report_column_lookup (report_column_lookup_id, filter_name, filter_value, report_table_id, report_column_id) VALUES (4, 'short_league_name',  'All', 1, 16);
INSERT INTO report_column_lookup (report_column_lookup_id, filter_name, filter_value, report_table_id, report_column_id) VALUES (5, 'short_league_name',  'All', 1, 19);
INSERT INTO report_column_lookup (report_column_lookup_id, filter_name, filter_value, report_table_id, report_column_id) VALUES (6, 'short_league_name',  'All', 1, 65);
INSERT INTO report_column_lookup (report_column_lookup_id, filter_name, filter_value, report_table_id, report_column_id) VALUES (7, 'short_league_name',  'All', 1, 21);
INSERT INTO report_column_lookup (report_column_lookup_id, filter_name, filter_value, report_table_id, report_column_id) VALUES (8, 'short_league_name',  'All', 1, 22);
INSERT INTO report_column_lookup (report_column_lookup_id, filter_name, filter_value, report_table_id, report_column_id) VALUES (9, 'short_league_name',  'All', 1, 23);
INSERT INTO report_column_lookup (report_column_lookup_id, filter_name, filter_value, report_table_id, report_column_id) VALUES (10, 'short_league_name',  'All', 1, 13);
INSERT INTO report_column_lookup (report_column_lookup_id, filter_name, filter_value, report_table_id, report_column_id) VALUES (11, 'short_league_name',  'All', 1, 14);
INSERT INTO report_column_lookup (report_column_lookup_id, filter_name, filter_value, report_table_id, report_column_id) VALUES (12, 'short_league_name',  'All', 1, 24);
INSERT INTO report_column_lookup (report_column_lookup_id, filter_name, filter_value, report_table_id, report_column_id) VALUES (13, 'short_league_name',  'All', 1, 4);
INSERT INTO report_column_lookup (report_column_lookup_id, filter_name, filter_value, report_table_id, report_column_id) VALUES (14, 'short_league_name',  'All', 1, 17);
INSERT INTO report_column_lookup (report_column_lookup_id, filter_name, filter_value, report_table_id, report_column_id) VALUES (15, 'short_league_name',  'All', 1, 25);
INSERT INTO report_column_lookup (report_column_lookup_id, filter_name, filter_value, report_table_id, report_column_id) VALUES (16, 'short_league_name',  'All', 1, 26);
INSERT INTO report_column_lookup (report_column_lookup_id, filter_name, filter_value, report_table_id, report_column_id) VALUES (17, 'short_league_name',  'All', 1, 18);
INSERT INTO report_column_lookup (report_column_lookup_id, filter_name, filter_value, report_table_id, report_column_id) VALUES (18, 'short_league_name',  'All', 1, 27);
INSERT INTO report_column_lookup (report_column_lookup_id, filter_name, filter_value, report_table_id, report_column_id) VALUES (19, 'short_league_name',  'All', 1, 28);
INSERT INTO report_column_lookup (report_column_lookup_id, filter_name, filter_value, report_table_id, report_column_id) VALUES (20, 'short_league_name',  'All', 1, 29);
INSERT INTO report_column_lookup (report_column_lookup_id, filter_name, filter_value, report_table_id, report_column_id) VALUES (21, 'short_league_name',  'All', 1, 30);
INSERT INTO report_column_lookup (report_column_lookup_id, filter_name, filter_value, report_table_id, report_column_id) VALUES (22, 'short_league_name',  'All', 1, 31);
INSERT INTO report_column_lookup (report_column_lookup_id, filter_name, filter_value, report_table_id, report_column_id) VALUES (23, 'short_league_name',  'All', 1, 33);
INSERT INTO report_column_lookup (report_column_lookup_id, filter_name, filter_value, report_table_id, report_column_id) VALUES (24, 'short_league_name',  'All', 1, 34);
INSERT INTO report_column_lookup (report_column_lookup_id, filter_name, filter_value, report_table_id, report_column_id) VALUES (25, 'short_league_name',  'All', 1, 10);
INSERT INTO report_column_lookup (report_column_lookup_id, filter_name, filter_value, report_table_id, report_column_id) VALUES (26, 'short_league_name',  'All', 1, 38);
INSERT INTO report_column_lookup (report_column_lookup_id, filter_name, filter_value, report_table_id, report_column_id) VALUES (27, 'short_league_name',  'All', 1, 49);
INSERT INTO report_column_lookup (report_column_lookup_id, filter_name, filter_value, report_table_id, report_column_id) VALUES (28, 'short_league_name',  'All', 1, 50);
INSERT INTO report_column_lookup (report_column_lookup_id, filter_name, filter_value, report_table_id, report_column_id) VALUES (29, 'short_league_name',  'All', 1, 52);
INSERT INTO report_column_lookup (report_column_lookup_id, filter_name, filter_value, report_table_id, report_column_id) VALUES (30, 'short_league_name',  'All', 1, 53);
INSERT INTO report_column_lookup (report_column_lookup_id, filter_name, filter_value, report_table_id, report_column_id) VALUES (31, 'short_league_name',  'All', 1, 55);
INSERT INTO report_column_lookup (report_column_lookup_id, filter_name, filter_value, report_table_id, report_column_id) VALUES (32, 'short_league_name',  'All', 1, 57);
INSERT INTO report_column_lookup (report_column_lookup_id, filter_name, filter_value, report_table_id, report_column_id) VALUES (33, 'short_league_name',  'All', 1, 59);
INSERT INTO report_column_lookup (report_column_lookup_id, filter_name, filter_value, report_table_id, report_column_id) VALUES (34, 'short_league_name',  'All', 1, 60);
INSERT INTO report_column_lookup (report_column_lookup_id, filter_name, filter_value, report_table_id, report_column_id) VALUES (35, 'short_league_name',  'All', 1, 63);
INSERT INTO report_column_lookup (report_column_lookup_id, filter_name, filter_value, report_table_id, report_column_id) VALUES (36, 'short_league_name',  'All', 1, 68);
INSERT INTO report_column_lookup (report_column_lookup_id, filter_name, filter_value, report_table_id, report_column_id) VALUES (37, 'short_league_name',  'All', 1, 71);
INSERT INTO report_column_lookup (report_column_lookup_id, filter_name, filter_value, report_table_id, report_column_id) VALUES (38, 'short_league_name',  'All', 1, 74);
INSERT INTO report_column_lookup (report_column_lookup_id, filter_name, filter_value, report_table_id, report_column_id) VALUES (39, 'short_league_name',  'All', 1, 75);
INSERT INTO report_column_lookup (report_column_lookup_id, filter_name, filter_value, report_table_id, report_column_id) VALUES (40, 'short_league_name',  'All', 1, 85);
INSERT INTO report_column_lookup (report_column_lookup_id, filter_name, filter_value, report_table_id, report_column_id) VALUES (41, 'short_league_name',  'All', 1, 1);
INSERT INTO report_column_lookup (report_column_lookup_id, filter_name, filter_value, report_table_id, report_column_id) VALUES (42, 'short_league_name',  'All', 1, 2);
INSERT INTO report_column_lookup (report_column_lookup_id, filter_name, filter_value, report_table_id, report_column_id) VALUES (43, 'short_league_name',  'All', 1, 15);
INSERT INTO report_column_lookup (report_column_lookup_id, filter_name, filter_value, report_table_id, report_column_id) VALUES (44, 'short_league_name',  'All', 1, 20);
INSERT INTO report_column_lookup (report_column_lookup_id, filter_name, filter_value, report_table_id, report_column_id) VALUES (45, 'short_league_name',  'All', 1, 36);
INSERT INTO report_column_lookup (report_column_lookup_id, filter_name, filter_value, report_table_id, report_column_id) VALUES (46, 'short_league_name',  'All', 1, 39);
INSERT INTO report_column_lookup (report_column_lookup_id, filter_name, filter_value, report_table_id, report_column_id) VALUES (47, 'short_league_name',  'All', 1, 62);
INSERT INTO report_column_lookup (report_column_lookup_id, filter_name, filter_value, report_table_id, report_column_id) VALUES (48, 'short_league_name',  'All', 1, 41);
INSERT INTO report_column_lookup (report_column_lookup_id, filter_name, filter_value, report_table_id, report_column_id) VALUES (49, 'short_league_name',  'All', 1, 42);
INSERT INTO report_column_lookup (report_column_lookup_id, filter_name, filter_value, report_table_id, report_column_id) VALUES (50, 'short_league_name',  'All', 1, 61);
INSERT INTO report_column_lookup (report_column_lookup_id, filter_name, filter_value, report_table_id, report_column_id) VALUES (51, 'short_league_name',  'All', 1, 64);
INSERT INTO report_column_lookup (report_column_lookup_id, filter_name, filter_value, report_table_id, report_column_id) VALUES (52, 'short_league_name',  'All', 1, 80);
INSERT INTO report_column_lookup (report_column_lookup_id, filter_name, filter_value, report_table_id, report_column_id) VALUES (53, 'short_league_name',  'All', 1, 82);
INSERT INTO report_column_lookup (report_column_lookup_id, filter_name, filter_value, report_table_id, report_column_id) VALUES (54, 'short_league_name',  'All', 1, 87);
INSERT INTO report_column_lookup (report_column_lookup_id, filter_name, filter_value, report_table_id, report_column_id) VALUES (55, 'short_league_name',  'All', 1, 5);
INSERT INTO report_column_lookup (report_column_lookup_id, filter_name, filter_value, report_table_id, report_column_id) VALUES (56, 'short_league_name',  'All', 1, 6);
INSERT INTO report_column_lookup (report_column_lookup_id, filter_name, filter_value, report_table_id, report_column_id) VALUES (57, 'short_league_name',  'All', 1, 9);
INSERT INTO report_column_lookup (report_column_lookup_id, filter_name, filter_value, report_table_id, report_column_id) VALUES (58, 'short_league_name',  'All', 1, 32);
INSERT INTO report_column_lookup (report_column_lookup_id, filter_name, filter_value, report_table_id, report_column_id) VALUES (59, 'short_league_name',  'All', 1, 45);
INSERT INTO report_column_lookup (report_column_lookup_id, filter_name, filter_value, report_table_id, report_column_id) VALUES (60, 'short_league_name',  'All', 1, 47);
INSERT INTO report_column_lookup (report_column_lookup_id, filter_name, filter_value, report_table_id, report_column_id) VALUES (61, 'short_league_name',  'All', 1, 48);
INSERT INTO report_column_lookup (report_column_lookup_id, filter_name, filter_value, report_table_id, report_column_id) VALUES (62, 'short_league_name',  'All', 1, 56);
INSERT INTO report_column_lookup (report_column_lookup_id, filter_name, filter_value, report_table_id, report_column_id) VALUES (63, 'short_league_name',  'All', 1, 66);
INSERT INTO report_column_lookup (report_column_lookup_id, filter_name, filter_value, report_table_id, report_column_id) VALUES (64, 'short_league_name',  'All', 1, 70);
INSERT INTO report_column_lookup (report_column_lookup_id, filter_name, filter_value, report_table_id, report_column_id) VALUES (65, 'short_league_name',  'All', 1, 77);
INSERT INTO report_column_lookup (report_column_lookup_id, filter_name, filter_value, report_table_id, report_column_id) VALUES (66, 'short_league_name',  'All', 1, 83);
INSERT INTO report_column_lookup (report_column_lookup_id, filter_name, filter_value, report_table_id, report_column_id) VALUES (67, 'short_league_name',  'All', 1, 58);
INSERT INTO report_column_lookup (report_column_lookup_id, filter_name, filter_value, report_table_id, report_column_id) VALUES (68, 'short_league_name',  'All', 1, 7);
INSERT INTO report_column_lookup (report_column_lookup_id, filter_name, filter_value, report_table_id, report_column_id) VALUES (69, 'short_league_name',  'All', 1, 3);
INSERT INTO report_column_lookup (report_column_lookup_id, filter_name, filter_value, report_table_id, report_column_id) VALUES (70, 'short_league_name',  'All', 1, 8);
INSERT INTO report_column_lookup (report_column_lookup_id, filter_name, filter_value, report_table_id, report_column_id) VALUES (71, 'short_league_name',  'All', 1, 73);
INSERT INTO report_column_lookup (report_column_lookup_id, filter_name, filter_value, report_table_id, report_column_id) VALUES (72, 'short_league_name',  'All', 1, 51);
INSERT INTO report_column_lookup (report_column_lookup_id, filter_name, filter_value, report_table_id, report_column_id) VALUES (73, 'short_league_name',  'All', 1, 88);
INSERT INTO report_column_lookup (report_column_lookup_id, filter_name, filter_value, report_table_id, report_column_id) VALUES (74, 'short_league_name',  'All', 1, 35);
INSERT INTO report_column_lookup (report_column_lookup_id, filter_name, filter_value, report_table_id, report_column_id) VALUES (75, 'short_league_name',  'All', 1, 37);
INSERT INTO report_column_lookup (report_column_lookup_id, filter_name, filter_value, report_table_id, report_column_id) VALUES (76, 'short_league_name',  'All', 1, 67);
INSERT INTO report_column_lookup (report_column_lookup_id, filter_name, filter_value, report_table_id, report_column_id) VALUES (77, 'short_league_name',  'All', 1, 72);
INSERT INTO report_column_lookup (report_column_lookup_id, filter_name, filter_value, report_table_id, report_column_id) VALUES (78, 'short_league_name',  'All', 1, 79);
INSERT INTO report_column_lookup (report_column_lookup_id, filter_name, filter_value, report_table_id, report_column_id) VALUES (79, 'short_league_name',  'All', 1, 86);
INSERT INTO report_column_lookup (report_column_lookup_id, filter_name, filter_value, report_table_id, report_column_id) VALUES (80, 'short_league_name',  'All', 1, 46);
INSERT INTO report_column_lookup (report_column_lookup_id, filter_name, filter_value, report_table_id, report_column_id) VALUES (81, 'short_league_name',  'All', 1, 40);
INSERT INTO report_column_lookup (report_column_lookup_id, filter_name, filter_value, report_table_id, report_column_id) VALUES (82, 'short_league_name',  'All', 1, 78);
INSERT INTO report_column_lookup (report_column_lookup_id, filter_name, filter_value, report_table_id, report_column_id) VALUES (83, 'short_league_name',  'All', 1, 54);
INSERT INTO report_column_lookup (report_column_lookup_id, filter_name, filter_value, report_table_id, report_column_id) VALUES (84, 'short_league_name',  'All', 1, 69);
INSERT INTO report_column_lookup (report_column_lookup_id, filter_name, filter_value, report_table_id, report_column_id) VALUES (85, 'short_league_name',  'All', 1, 44);
INSERT INTO report_column_lookup (report_column_lookup_id, filter_name, filter_value, report_table_id, report_column_id) VALUES (86, 'short_league_name',  'All', 1, 84);
INSERT INTO report_column_lookup (report_column_lookup_id, filter_name, filter_value, report_table_id, report_column_id) VALUES (87, 'short_league_name',  'All', 1, 81);
INSERT INTO report_column_lookup (report_column_lookup_id, filter_name, filter_value, report_table_id, report_column_id) VALUES (88, 'short_league_name',  'All', 1, 76);
INSERT INTO report_column_lookup (report_column_lookup_id, filter_name, filter_value, report_table_id, report_column_id) VALUES (89, 'short_league_name',  'BFL', 1, 4);
INSERT INTO report_column_lookup (report_column_lookup_id, filter_name, filter_value, report_table_id, report_column_id) VALUES (90, 'short_league_name',  'BFL', 1, 10);
INSERT INTO report_column_lookup (report_column_lookup_id, filter_name, filter_value, report_table_id, report_column_id) VALUES (91, 'short_league_name',  'BFL', 1, 1);
INSERT INTO report_column_lookup (report_column_lookup_id, filter_name, filter_value, report_table_id, report_column_id) VALUES (92, 'short_league_name',  'BFL', 1, 2);
INSERT INTO report_column_lookup (report_column_lookup_id, filter_name, filter_value, report_table_id, report_column_id) VALUES (93, 'short_league_name',  'BFL', 1, 5);
INSERT INTO report_column_lookup (report_column_lookup_id, filter_name, filter_value, report_table_id, report_column_id) VALUES (94, 'short_league_name',  'BFL', 1, 6);
INSERT INTO report_column_lookup (report_column_lookup_id, filter_name, filter_value, report_table_id, report_column_id) VALUES (95, 'short_league_name',  'BFL', 1, 9);
INSERT INTO report_column_lookup (report_column_lookup_id, filter_name, filter_value, report_table_id, report_column_id) VALUES (96, 'short_league_name',  'BFL', 1, 7);
INSERT INTO report_column_lookup (report_column_lookup_id, filter_name, filter_value, report_table_id, report_column_id) VALUES (97, 'short_league_name',  'BFL', 1, 3);
INSERT INTO report_column_lookup (report_column_lookup_id, filter_name, filter_value, report_table_id, report_column_id) VALUES (98, 'short_league_name',  'BFL', 1, 8);
INSERT INTO report_column_lookup (report_column_lookup_id, filter_name, filter_value, report_table_id, report_column_id) VALUES (99, 'short_league_name',  'GDFL', 1, 11);
INSERT INTO report_column_lookup (report_column_lookup_id, filter_name, filter_value, report_table_id, report_column_id) VALUES (100, 'short_league_name',  'GDFL', 1, 12);
INSERT INTO report_column_lookup (report_column_lookup_id, filter_name, filter_value, report_table_id, report_column_id) VALUES (101, 'short_league_name',  'GDFL', 1, 16);
INSERT INTO report_column_lookup (report_column_lookup_id, filter_name, filter_value, report_table_id, report_column_id) VALUES (102, 'short_league_name',  'GDFL', 1, 19);
INSERT INTO report_column_lookup (report_column_lookup_id, filter_name, filter_value, report_table_id, report_column_id) VALUES (103, 'short_league_name',  'GDFL', 1, 21);
INSERT INTO report_column_lookup (report_column_lookup_id, filter_name, filter_value, report_table_id, report_column_id) VALUES (104, 'short_league_name',  'GDFL', 1, 22);
INSERT INTO report_column_lookup (report_column_lookup_id, filter_name, filter_value, report_table_id, report_column_id) VALUES (105, 'short_league_name',  'GDFL', 1, 13);
INSERT INTO report_column_lookup (report_column_lookup_id, filter_name, filter_value, report_table_id, report_column_id) VALUES (106, 'short_league_name',  'GDFL', 1, 14);
INSERT INTO report_column_lookup (report_column_lookup_id, filter_name, filter_value, report_table_id, report_column_id) VALUES (107, 'short_league_name',  'GDFL', 1, 17);
INSERT INTO report_column_lookup (report_column_lookup_id, filter_name, filter_value, report_table_id, report_column_id) VALUES (108, 'short_league_name',  'GDFL', 1, 18);
INSERT INTO report_column_lookup (report_column_lookup_id, filter_name, filter_value, report_table_id, report_column_id) VALUES (109, 'short_league_name',  'GDFL', 1, 15);
INSERT INTO report_column_lookup (report_column_lookup_id, filter_name, filter_value, report_table_id, report_column_id) VALUES (110, 'short_league_name',  'GDFL', 1, 20);
INSERT INTO report_column_lookup (report_column_lookup_id, filter_name, filter_value, report_table_id, report_column_id) VALUES (111, 'short_league_name',  'GFL', 1, 23);
INSERT INTO report_column_lookup (report_column_lookup_id, filter_name, filter_value, report_table_id, report_column_id) VALUES (112, 'short_league_name',  'GFL', 1, 24);
INSERT INTO report_column_lookup (report_column_lookup_id, filter_name, filter_value, report_table_id, report_column_id) VALUES (113, 'short_league_name',  'GFL', 1, 25);
INSERT INTO report_column_lookup (report_column_lookup_id, filter_name, filter_value, report_table_id, report_column_id) VALUES (114, 'short_league_name',  'GFL', 1, 26);
INSERT INTO report_column_lookup (report_column_lookup_id, filter_name, filter_value, report_table_id, report_column_id) VALUES (115, 'short_league_name',  'GFL', 1, 27);
INSERT INTO report_column_lookup (report_column_lookup_id, filter_name, filter_value, report_table_id, report_column_id) VALUES (116, 'short_league_name',  'GFL', 1, 28);
INSERT INTO report_column_lookup (report_column_lookup_id, filter_name, filter_value, report_table_id, report_column_id) VALUES (117, 'short_league_name',  'GFL', 1, 29);
INSERT INTO report_column_lookup (report_column_lookup_id, filter_name, filter_value, report_table_id, report_column_id) VALUES (118, 'short_league_name',  'GFL', 1, 30);
INSERT INTO report_column_lookup (report_column_lookup_id, filter_name, filter_value, report_table_id, report_column_id) VALUES (119, 'short_league_name',  'GFL', 1, 31);
INSERT INTO report_column_lookup (report_column_lookup_id, filter_name, filter_value, report_table_id, report_column_id) VALUES (120, 'short_league_name',  'GFL', 1, 33);
INSERT INTO report_column_lookup (report_column_lookup_id, filter_name, filter_value, report_table_id, report_column_id) VALUES (121, 'short_league_name',  'GFL', 1, 34);
INSERT INTO report_column_lookup (report_column_lookup_id, filter_name, filter_value, report_table_id, report_column_id) VALUES (122, 'short_league_name',  'GFL', 1, 32);
INSERT INTO report_column_lookup (report_column_lookup_id, filter_name, filter_value, report_table_id, report_column_id) VALUES (123, 'short_league_name',  'All', 2, 89);
INSERT INTO report_column_lookup (report_column_lookup_id, filter_name, filter_value, report_table_id, report_column_id) VALUES (124, 'short_league_name',  'All', 2, 90);
INSERT INTO report_column_lookup (report_column_lookup_id, filter_name, filter_value, report_table_id, report_column_id) VALUES (125, 'short_league_name',  'All', 2, 91);
INSERT INTO report_column_lookup (report_column_lookup_id, filter_name, filter_value, report_table_id, report_column_id) VALUES (126, 'short_league_name',  'All', 2, 92);
INSERT INTO report_column_lookup (report_column_lookup_id, filter_name, filter_value, report_table_id, report_column_id) VALUES (127, 'short_league_name',  'All', 2, 93);
INSERT INTO report_column_lookup (report_column_lookup_id, filter_name, filter_value, report_table_id, report_column_id) VALUES (128, 'short_league_name',  'All', 2, 94);
INSERT INTO report_column_lookup (report_column_lookup_id, filter_name, filter_value, report_table_id, report_column_id) VALUES (129, 'short_league_name',  'All', 2, 95);
INSERT INTO report_column_lookup (report_column_lookup_id, filter_name, filter_value, report_table_id, report_column_id) VALUES (130, 'short_league_name',  'All', 2, 96);
INSERT INTO report_column_lookup (report_column_lookup_id, filter_name, filter_value, report_table_id, report_column_id) VALUES (131, 'short_league_name',  'All', 2, 97);
INSERT INTO report_column_lookup (report_column_lookup_id, filter_name, filter_value, report_table_id, report_column_id) VALUES (132, 'short_league_name',  'All', 2, 98);
INSERT INTO report_column_lookup (report_column_lookup_id, filter_name, filter_value, report_table_id, report_column_id) VALUES (133, 'short_league_name',  'All', 2, 99);
INSERT INTO report_column_lookup (report_column_lookup_id, filter_name, filter_value, report_table_id, report_column_id) VALUES (134, 'short_league_name',  'All', 2, 100);
INSERT INTO report_column_lookup (report_column_lookup_id, filter_name, filter_value, report_table_id, report_column_id) VALUES (135, 'short_league_name',  'BFL', 2, 89);
INSERT INTO report_column_lookup (report_column_lookup_id, filter_name, filter_value, report_table_id, report_column_id) VALUES (136, 'short_league_name',  'BFL', 2, 93);
INSERT INTO report_column_lookup (report_column_lookup_id, filter_name, filter_value, report_table_id, report_column_id) VALUES (137, 'short_league_name',  'GDFL', 2, 90);
INSERT INTO report_column_lookup (report_column_lookup_id, filter_name, filter_value, report_table_id, report_column_id) VALUES (138, 'short_league_name',  'GDFL', 2, 94);
INSERT INTO report_column_lookup (report_column_lookup_id, filter_name, filter_value, report_table_id, report_column_id) VALUES (139, 'short_league_name',  'GFL', 2, 91);
INSERT INTO report_column_lookup (report_column_lookup_id, filter_name, filter_value, report_table_id, report_column_id) VALUES (140, 'short_league_name',  'GFL', 2, 95);
INSERT INTO report_column_lookup (report_column_lookup_id, filter_name, filter_value, report_table_id, report_column_id) VALUES (141, 'age_group',  'Seniors', 2, 89);
INSERT INTO report_column_lookup (report_column_lookup_id, filter_name, filter_value, report_table_id, report_column_id) VALUES (142, 'age_group',  'Seniors', 2, 90);
INSERT INTO report_column_lookup (report_column_lookup_id, filter_name, filter_value, report_table_id, report_column_id) VALUES (143, 'age_group',  'Seniors', 2, 91);
INSERT INTO report_column_lookup (report_column_lookup_id, filter_name, filter_value, report_table_id, report_column_id) VALUES (144, 'age_group',  'Seniors', 2, 92);
INSERT INTO report_column_lookup (report_column_lookup_id, filter_name, filter_value, report_table_id, report_column_id) VALUES (145, 'age_group',  'Reserves', 2, 93);
INSERT INTO report_column_lookup (report_column_lookup_id, filter_name, filter_value, report_table_id, report_column_id) VALUES (146, 'age_group',  'Reserves', 2, 94);
INSERT INTO report_column_lookup (report_column_lookup_id, filter_name, filter_value, report_table_id, report_column_id) VALUES (147, 'age_group',  'Reserves', 2, 95);
INSERT INTO report_column_lookup (report_column_lookup_id, filter_name, filter_value, report_table_id, report_column_id) VALUES (148, 'age_group',  'Colts', 2, 96);
INSERT INTO report_column_lookup (report_column_lookup_id, filter_name, filter_value, report_table_id, report_column_id) VALUES (149, 'age_group',  'Under 16', 2, 97);
INSERT INTO report_column_lookup (report_column_lookup_id, filter_name, filter_value, report_table_id, report_column_id) VALUES (150, 'age_group',  'Under 14', 2, 98);
INSERT INTO report_column_lookup (report_column_lookup_id, filter_name, filter_value, report_table_id, report_column_id) VALUES (151, 'age_group',  'Youth Girls', 2, 99);
INSERT INTO report_column_lookup (report_column_lookup_id, filter_name, filter_value, report_table_id, report_column_id) VALUES (152, 'age_group',  'Junior Girls', 2, 100);
INSERT INTO report_column_lookup (report_column_lookup_id, filter_name, filter_value, report_table_id, report_column_id) VALUES (153, 'age_group',  'All', 2, 89);
INSERT INTO report_column_lookup (report_column_lookup_id, filter_name, filter_value, report_table_id, report_column_id) VALUES (154, 'age_group',  'All', 2, 90);
INSERT INTO report_column_lookup (report_column_lookup_id, filter_name, filter_value, report_table_id, report_column_id) VALUES (155, 'age_group',  'All', 2, 91);
INSERT INTO report_column_lookup (report_column_lookup_id, filter_name, filter_value, report_table_id, report_column_id) VALUES (156, 'age_group',  'All', 2, 92);
INSERT INTO report_column_lookup (report_column_lookup_id, filter_name, filter_value, report_table_id, report_column_id) VALUES (157, 'age_group',  'All', 2, 93);
INSERT INTO report_column_lookup (report_column_lookup_id, filter_name, filter_value, report_table_id, report_column_id) VALUES (158, 'age_group',  'All', 2, 94);
INSERT INTO report_column_lookup (report_column_lookup_id, filter_name, filter_value, report_table_id, report_column_id) VALUES (159, 'age_group',  'All', 2, 95);
INSERT INTO report_column_lookup (report_column_lookup_id, filter_name, filter_value, report_table_id, report_column_id) VALUES (160, 'age_group',  'All', 2, 96);
INSERT INTO report_column_lookup (report_column_lookup_id, filter_name, filter_value, report_table_id, report_column_id) VALUES (161, 'age_group',  'All', 2, 97);
INSERT INTO report_column_lookup (report_column_lookup_id, filter_name, filter_value, report_table_id, report_column_id) VALUES (162, 'age_group',  'All', 2, 98);
INSERT INTO report_column_lookup (report_column_lookup_id, filter_name, filter_value, report_table_id, report_column_id) VALUES (163, 'age_group',  'All', 2, 99);
INSERT INTO report_column_lookup (report_column_lookup_id, filter_name, filter_value, report_table_id, report_column_id) VALUES (164, 'age_group',  'All', 2, 100);
INSERT INTO report_column_lookup (report_column_lookup_id, filter_name, filter_value, report_table_id, report_column_id) VALUES (165, 'short_league_name',  'All', 3, 101);
INSERT INTO report_column_lookup (report_column_lookup_id, filter_name, filter_value, report_table_id, report_column_id) VALUES (166, 'short_league_name',  'All', 3, 102);
INSERT INTO report_column_lookup (report_column_lookup_id, filter_name, filter_value, report_table_id, report_column_id) VALUES (167, 'short_league_name',  'All', 3, 103);
INSERT INTO report_column_lookup (report_column_lookup_id, filter_name, filter_value, report_table_id, report_column_id) VALUES (168, 'short_league_name',  'All', 3, 104);
INSERT INTO report_column_lookup (report_column_lookup_id, filter_name, filter_value, report_table_id, report_column_id) VALUES (169, 'short_league_name',  'All', 3, 105);
INSERT INTO report_column_lookup (report_column_lookup_id, filter_name, filter_value, report_table_id, report_column_id) VALUES (170, 'short_league_name',  'All', 3, 106);
INSERT INTO report_column_lookup (report_column_lookup_id, filter_name, filter_value, report_table_id, report_column_id) VALUES (171, 'short_league_name',  'All', 3, 107);
INSERT INTO report_column_lookup (report_column_lookup_id, filter_name, filter_value, report_table_id, report_column_id) VALUES (172, 'short_league_name',  'All', 3, 108);
INSERT INTO report_column_lookup (report_column_lookup_id, filter_name, filter_value, report_table_id, report_column_id) VALUES (173, 'short_league_name',  'All', 3, 109);
INSERT INTO report_column_lookup (report_column_lookup_id, filter_name, filter_value, report_table_id, report_column_id) VALUES (174, 'short_league_name',  'All', 3, 110);
INSERT INTO report_column_lookup (report_column_lookup_id, filter_name, filter_value, report_table_id, report_column_id) VALUES (175, 'short_league_name',  'All', 3, 111);
INSERT INTO report_column_lookup (report_column_lookup_id, filter_name, filter_value, report_table_id, report_column_id) VALUES (176, 'short_league_name',  'All', 3, 112);
INSERT INTO report_column_lookup (report_column_lookup_id, filter_name, filter_value, report_table_id, report_column_id) VALUES (177, 'short_league_name',  'All', 3, 113);
INSERT INTO report_column_lookup (report_column_lookup_id, filter_name, filter_value, report_table_id, report_column_id) VALUES (178, 'short_league_name',  'All', 3, 114);
INSERT INTO report_column_lookup (report_column_lookup_id, filter_name, filter_value, report_table_id, report_column_id) VALUES (179, 'short_league_name',  'All', 3, 115);
INSERT INTO report_column_lookup (report_column_lookup_id, filter_name, filter_value, report_table_id, report_column_id) VALUES (180, 'short_league_name',  'All', 3, 116);
INSERT INTO report_column_lookup (report_column_lookup_id, filter_name, filter_value, report_table_id, report_column_id) VALUES (181, 'short_league_name',  'All', 3, 117);
INSERT INTO report_column_lookup (report_column_lookup_id, filter_name, filter_value, report_table_id, report_column_id) VALUES (182, 'short_league_name',  'All', 3, 118);
INSERT INTO report_column_lookup (report_column_lookup_id, filter_name, filter_value, report_table_id, report_column_id) VALUES (183, 'short_league_name',  'BFL', 3, 101);
INSERT INTO report_column_lookup (report_column_lookup_id, filter_name, filter_value, report_table_id, report_column_id) VALUES (184, 'short_league_name',  'BFL', 3, 104);
INSERT INTO report_column_lookup (report_column_lookup_id, filter_name, filter_value, report_table_id, report_column_id) VALUES (185, 'short_league_name',  'BFL', 3, 105);
INSERT INTO report_column_lookup (report_column_lookup_id, filter_name, filter_value, report_table_id, report_column_id) VALUES (186, 'short_league_name',  'BFL', 3, 108);
INSERT INTO report_column_lookup (report_column_lookup_id, filter_name, filter_value, report_table_id, report_column_id) VALUES (187, 'short_league_name',  'BFL', 3, 109);
INSERT INTO report_column_lookup (report_column_lookup_id, filter_name, filter_value, report_table_id, report_column_id) VALUES (188, 'short_league_name',  'BFL', 3, 112);
INSERT INTO report_column_lookup (report_column_lookup_id, filter_name, filter_value, report_table_id, report_column_id) VALUES (189, 'short_league_name',  'GDFL', 3, 102);
INSERT INTO report_column_lookup (report_column_lookup_id, filter_name, filter_value, report_table_id, report_column_id) VALUES (190, 'short_league_name',  'GDFL', 3, 104);
INSERT INTO report_column_lookup (report_column_lookup_id, filter_name, filter_value, report_table_id, report_column_id) VALUES (191, 'short_league_name',  'GDFL', 3, 106);
INSERT INTO report_column_lookup (report_column_lookup_id, filter_name, filter_value, report_table_id, report_column_id) VALUES (192, 'short_league_name',  'GDFL', 3, 108);
INSERT INTO report_column_lookup (report_column_lookup_id, filter_name, filter_value, report_table_id, report_column_id) VALUES (193, 'short_league_name',  'GDFL', 3, 110);
INSERT INTO report_column_lookup (report_column_lookup_id, filter_name, filter_value, report_table_id, report_column_id) VALUES (194, 'short_league_name',  'GDFL', 3, 112);
INSERT INTO report_column_lookup (report_column_lookup_id, filter_name, filter_value, report_table_id, report_column_id) VALUES (195, 'short_league_name',  'GFL', 3, 103);
INSERT INTO report_column_lookup (report_column_lookup_id, filter_name, filter_value, report_table_id, report_column_id) VALUES (196, 'short_league_name',  'GFL', 3, 104);
INSERT INTO report_column_lookup (report_column_lookup_id, filter_name, filter_value, report_table_id, report_column_id) VALUES (197, 'short_league_name',  'GFL', 3, 105);
INSERT INTO report_column_lookup (report_column_lookup_id, filter_name, filter_value, report_table_id, report_column_id) VALUES (198, 'short_league_name',  'GFL', 3, 108);
INSERT INTO report_column_lookup (report_column_lookup_id, filter_name, filter_value, report_table_id, report_column_id) VALUES (199, 'short_league_name',  'GFL', 3, 109);
INSERT INTO report_column_lookup (report_column_lookup_id, filter_name, filter_value, report_table_id, report_column_id) VALUES (200, 'short_league_name',  'GFL', 3, 112);
INSERT INTO report_column_lookup (report_column_lookup_id, filter_name, filter_value, report_table_id, report_column_id) VALUES (201, 'age_group',  'All', 3, 101);
INSERT INTO report_column_lookup (report_column_lookup_id, filter_name, filter_value, report_table_id, report_column_id) VALUES (202, 'age_group',  'All', 3, 102);
INSERT INTO report_column_lookup (report_column_lookup_id, filter_name, filter_value, report_table_id, report_column_id) VALUES (203, 'age_group',  'All', 3, 103);
INSERT INTO report_column_lookup (report_column_lookup_id, filter_name, filter_value, report_table_id, report_column_id) VALUES (204, 'age_group',  'All', 3, 104);
INSERT INTO report_column_lookup (report_column_lookup_id, filter_name, filter_value, report_table_id, report_column_id) VALUES (205, 'age_group',  'All', 3, 105);
INSERT INTO report_column_lookup (report_column_lookup_id, filter_name, filter_value, report_table_id, report_column_id) VALUES (206, 'age_group',  'All', 3, 106);
INSERT INTO report_column_lookup (report_column_lookup_id, filter_name, filter_value, report_table_id, report_column_id) VALUES (207, 'age_group',  'All', 3, 107);
INSERT INTO report_column_lookup (report_column_lookup_id, filter_name, filter_value, report_table_id, report_column_id) VALUES (208, 'age_group',  'All', 3, 108);
INSERT INTO report_column_lookup (report_column_lookup_id, filter_name, filter_value, report_table_id, report_column_id) VALUES (209, 'age_group',  'All', 3, 109);
INSERT INTO report_column_lookup (report_column_lookup_id, filter_name, filter_value, report_table_id, report_column_id) VALUES (210, 'age_group',  'All', 3, 110);
INSERT INTO report_column_lookup (report_column_lookup_id, filter_name, filter_value, report_table_id, report_column_id) VALUES (211, 'age_group',  'All', 3, 111);
INSERT INTO report_column_lookup (report_column_lookup_id, filter_name, filter_value, report_table_id, report_column_id) VALUES (212, 'age_group',  'All', 3, 112);
INSERT INTO report_column_lookup (report_column_lookup_id, filter_name, filter_value, report_table_id, report_column_id) VALUES (213, 'age_group',  'All', 3, 113);
INSERT INTO report_column_lookup (report_column_lookup_id, filter_name, filter_value, report_table_id, report_column_id) VALUES (214, 'age_group',  'All', 3, 114);
INSERT INTO report_column_lookup (report_column_lookup_id, filter_name, filter_value, report_table_id, report_column_id) VALUES (215, 'age_group',  'All', 3, 115);
INSERT INTO report_column_lookup (report_column_lookup_id, filter_name, filter_value, report_table_id, report_column_id) VALUES (216, 'age_group',  'All', 3, 116);
INSERT INTO report_column_lookup (report_column_lookup_id, filter_name, filter_value, report_table_id, report_column_id) VALUES (217, 'age_group',  'All', 3, 117);
INSERT INTO report_column_lookup (report_column_lookup_id, filter_name, filter_value, report_table_id, report_column_id) VALUES (218, 'age_group',  'All', 3, 118);
INSERT INTO report_column_lookup (report_column_lookup_id, filter_name, filter_value, report_table_id, report_column_id) VALUES (219, 'age_group',  'Seniors', 3, 101);
INSERT INTO report_column_lookup (report_column_lookup_id, filter_name, filter_value, report_table_id, report_column_id) VALUES (220, 'age_group',  'Seniors', 3, 102);
INSERT INTO report_column_lookup (report_column_lookup_id, filter_name, filter_value, report_table_id, report_column_id) VALUES (221, 'age_group',  'Seniors', 3, 103);
INSERT INTO report_column_lookup (report_column_lookup_id, filter_name, filter_value, report_table_id, report_column_id) VALUES (222, 'age_group',  'Seniors', 3, 104);
INSERT INTO report_column_lookup (report_column_lookup_id, filter_name, filter_value, report_table_id, report_column_id) VALUES (223, 'age_group',  'Seniors', 3, 105);
INSERT INTO report_column_lookup (report_column_lookup_id, filter_name, filter_value, report_table_id, report_column_id) VALUES (224, 'age_group',  'Seniors', 3, 106);
INSERT INTO report_column_lookup (report_column_lookup_id, filter_name, filter_value, report_table_id, report_column_id) VALUES (225, 'age_group',  'Seniors', 3, 107);
INSERT INTO report_column_lookup (report_column_lookup_id, filter_name, filter_value, report_table_id, report_column_id) VALUES (226, 'age_group',  'Seniors', 3, 108);
INSERT INTO report_column_lookup (report_column_lookup_id, filter_name, filter_value, report_table_id, report_column_id) VALUES (227, 'age_group',  'Reserves', 3, 109);
INSERT INTO report_column_lookup (report_column_lookup_id, filter_name, filter_value, report_table_id, report_column_id) VALUES (228, 'age_group',  'Reserves', 3, 110);
INSERT INTO report_column_lookup (report_column_lookup_id, filter_name, filter_value, report_table_id, report_column_id) VALUES (229, 'age_group',  'Reserves', 3, 111);
INSERT INTO report_column_lookup (report_column_lookup_id, filter_name, filter_value, report_table_id, report_column_id) VALUES (230, 'age_group',  'Reserves', 3, 112);
INSERT INTO report_column_lookup (report_column_lookup_id, filter_name, filter_value, report_table_id, report_column_id) VALUES (231, 'age_group',  'Colts', 3, 113);
INSERT INTO report_column_lookup (report_column_lookup_id, filter_name, filter_value, report_table_id, report_column_id) VALUES (232, 'age_group',  'Colts', 3, 114);
INSERT INTO report_column_lookup (report_column_lookup_id, filter_name, filter_value, report_table_id, report_column_id) VALUES (233, 'age_group',  'Under 16', 3, 115);
INSERT INTO report_column_lookup (report_column_lookup_id, filter_name, filter_value, report_table_id, report_column_id) VALUES (234, 'age_group',  'Under 16', 3, 116);
INSERT INTO report_column_lookup (report_column_lookup_id, filter_name, filter_value, report_table_id, report_column_id) VALUES (235, 'age_group',  'Under 14', 3, 117);
INSERT INTO report_column_lookup (report_column_lookup_id, filter_name, filter_value, report_table_id, report_column_id) VALUES (236, 'age_group',  'Under 14', 3, 118);
INSERT INTO report_column_lookup (report_column_lookup_id, filter_name, filter_value, report_table_id, report_column_id) VALUES (237, 'umpire_type',  'All', 3, 101);
INSERT INTO report_column_lookup (report_column_lookup_id, filter_name, filter_value, report_table_id, report_column_id) VALUES (238, 'umpire_type',  'All', 3, 102);
INSERT INTO report_column_lookup (report_column_lookup_id, filter_name, filter_value, report_table_id, report_column_id) VALUES (239, 'umpire_type',  'All', 3, 103);
INSERT INTO report_column_lookup (report_column_lookup_id, filter_name, filter_value, report_table_id, report_column_id) VALUES (240, 'umpire_type',  'All', 3, 104);
INSERT INTO report_column_lookup (report_column_lookup_id, filter_name, filter_value, report_table_id, report_column_id) VALUES (241, 'umpire_type',  'All', 3, 105);
INSERT INTO report_column_lookup (report_column_lookup_id, filter_name, filter_value, report_table_id, report_column_id) VALUES (242, 'umpire_type',  'All', 3, 106);
INSERT INTO report_column_lookup (report_column_lookup_id, filter_name, filter_value, report_table_id, report_column_id) VALUES (243, 'umpire_type',  'All', 3, 107);
INSERT INTO report_column_lookup (report_column_lookup_id, filter_name, filter_value, report_table_id, report_column_id) VALUES (244, 'umpire_type',  'All', 3, 108);
INSERT INTO report_column_lookup (report_column_lookup_id, filter_name, filter_value, report_table_id, report_column_id) VALUES (245, 'umpire_type',  'All', 3, 109);
INSERT INTO report_column_lookup (report_column_lookup_id, filter_name, filter_value, report_table_id, report_column_id) VALUES (246, 'umpire_type',  'All', 3, 110);
INSERT INTO report_column_lookup (report_column_lookup_id, filter_name, filter_value, report_table_id, report_column_id) VALUES (247, 'umpire_type',  'All', 3, 111);
INSERT INTO report_column_lookup (report_column_lookup_id, filter_name, filter_value, report_table_id, report_column_id) VALUES (248, 'umpire_type',  'All', 3, 112);
INSERT INTO report_column_lookup (report_column_lookup_id, filter_name, filter_value, report_table_id, report_column_id) VALUES (249, 'umpire_type',  'All', 3, 113);
INSERT INTO report_column_lookup (report_column_lookup_id, filter_name, filter_value, report_table_id, report_column_id) VALUES (250, 'umpire_type',  'All', 3, 114);
INSERT INTO report_column_lookup (report_column_lookup_id, filter_name, filter_value, report_table_id, report_column_id) VALUES (251, 'umpire_type',  'All', 3, 115);
INSERT INTO report_column_lookup (report_column_lookup_id, filter_name, filter_value, report_table_id, report_column_id) VALUES (252, 'umpire_type',  'All', 3, 116);
INSERT INTO report_column_lookup (report_column_lookup_id, filter_name, filter_value, report_table_id, report_column_id) VALUES (253, 'umpire_type',  'All', 3, 117);
INSERT INTO report_column_lookup (report_column_lookup_id, filter_name, filter_value, report_table_id, report_column_id) VALUES (254, 'umpire_type',  'All', 3, 118);
INSERT INTO report_column_lookup (report_column_lookup_id, filter_name, filter_value, report_table_id, report_column_id) VALUES (255, 'umpire_type',  'Boundary', 3, 101);
INSERT INTO report_column_lookup (report_column_lookup_id, filter_name, filter_value, report_table_id, report_column_id) VALUES (256, 'umpire_type',  'Boundary', 3, 102);
INSERT INTO report_column_lookup (report_column_lookup_id, filter_name, filter_value, report_table_id, report_column_id) VALUES (257, 'umpire_type',  'Boundary', 3, 103);
INSERT INTO report_column_lookup (report_column_lookup_id, filter_name, filter_value, report_table_id, report_column_id) VALUES (258, 'umpire_type',  'Boundary', 3, 104);
INSERT INTO report_column_lookup (report_column_lookup_id, filter_name, filter_value, report_table_id, report_column_id) VALUES (259, 'umpire_type',  'Field', 3, 113);
INSERT INTO report_column_lookup (report_column_lookup_id, filter_name, filter_value, report_table_id, report_column_id) VALUES (260, 'umpire_type',  'Field', 3, 114);
INSERT INTO report_column_lookup (report_column_lookup_id, filter_name, filter_value, report_table_id, report_column_id) VALUES (261, 'umpire_type',  'Field', 3, 115);
INSERT INTO report_column_lookup (report_column_lookup_id, filter_name, filter_value, report_table_id, report_column_id) VALUES (262, 'umpire_type',  'Field', 3, 116);
INSERT INTO report_column_lookup (report_column_lookup_id, filter_name, filter_value, report_table_id, report_column_id) VALUES (263, 'umpire_type',  'Field', 3, 117);
INSERT INTO report_column_lookup (report_column_lookup_id, filter_name, filter_value, report_table_id, report_column_id) VALUES (264, 'umpire_type',  'Field', 3, 118);
INSERT INTO report_column_lookup (report_column_lookup_id, filter_name, filter_value, report_table_id, report_column_id) VALUES (265, 'umpire_type',  'Goal', 3, 105);
INSERT INTO report_column_lookup (report_column_lookup_id, filter_name, filter_value, report_table_id, report_column_id) VALUES (266, 'umpire_type',  'Goal', 3, 106);
INSERT INTO report_column_lookup (report_column_lookup_id, filter_name, filter_value, report_table_id, report_column_id) VALUES (267, 'umpire_type',  'Goal', 3, 107);
INSERT INTO report_column_lookup (report_column_lookup_id, filter_name, filter_value, report_table_id, report_column_id) VALUES (268, 'umpire_type',  'Goal', 3, 108);
INSERT INTO report_column_lookup (report_column_lookup_id, filter_name, filter_value, report_table_id, report_column_id) VALUES (269, 'umpire_type',  'Goal', 3, 109);
INSERT INTO report_column_lookup (report_column_lookup_id, filter_name, filter_value, report_table_id, report_column_id) VALUES (270, 'umpire_type',  'Goal', 3, 110);
INSERT INTO report_column_lookup (report_column_lookup_id, filter_name, filter_value, report_table_id, report_column_id) VALUES (271, 'umpire_type',  'Goal', 3, 111);
INSERT INTO report_column_lookup (report_column_lookup_id, filter_name, filter_value, report_table_id, report_column_id) VALUES (272, 'umpire_type',  'Goal', 3, 112);
INSERT INTO report_column_lookup (report_column_lookup_id, filter_name, filter_value, report_table_id, report_column_id) VALUES (273, 'short_league_name',  'All', 4, 119);
INSERT INTO report_column_lookup (report_column_lookup_id, filter_name, filter_value, report_table_id, report_column_id) VALUES (274, 'short_league_name',  'All', 4, 120);
INSERT INTO report_column_lookup (report_column_lookup_id, filter_name, filter_value, report_table_id, report_column_id) VALUES (275, 'short_league_name',  'All', 4, 121);
INSERT INTO report_column_lookup (report_column_lookup_id, filter_name, filter_value, report_table_id, report_column_id) VALUES (276, 'short_league_name',  'All', 4, 122);
INSERT INTO report_column_lookup (report_column_lookup_id, filter_name, filter_value, report_table_id, report_column_id) VALUES (277, 'short_league_name',  'All', 4, 123);
INSERT INTO report_column_lookup (report_column_lookup_id, filter_name, filter_value, report_table_id, report_column_id) VALUES (278, 'short_league_name',  'All', 4, 124);
INSERT INTO report_column_lookup (report_column_lookup_id, filter_name, filter_value, report_table_id, report_column_id) VALUES (279, 'short_league_name',  'All', 4, 125);
INSERT INTO report_column_lookup (report_column_lookup_id, filter_name, filter_value, report_table_id, report_column_id) VALUES (280, 'short_league_name',  'All', 4, 126);
INSERT INTO report_column_lookup (report_column_lookup_id, filter_name, filter_value, report_table_id, report_column_id) VALUES (281, 'short_league_name',  'All', 4, 127);
INSERT INTO report_column_lookup (report_column_lookup_id, filter_name, filter_value, report_table_id, report_column_id) VALUES (282, 'short_league_name',  'All', 4, 128);
INSERT INTO report_column_lookup (report_column_lookup_id, filter_name, filter_value, report_table_id, report_column_id) VALUES (283, 'short_league_name',  'All', 4, 129);
INSERT INTO report_column_lookup (report_column_lookup_id, filter_name, filter_value, report_table_id, report_column_id) VALUES (284, 'short_league_name',  'All', 4, 130);
INSERT INTO report_column_lookup (report_column_lookup_id, filter_name, filter_value, report_table_id, report_column_id) VALUES (285, 'short_league_name',  'All', 4, 131);
INSERT INTO report_column_lookup (report_column_lookup_id, filter_name, filter_value, report_table_id, report_column_id) VALUES (286, 'short_league_name',  'All', 4, 132);
INSERT INTO report_column_lookup (report_column_lookup_id, filter_name, filter_value, report_table_id, report_column_id) VALUES (287, 'short_league_name',  'All', 4, 133);
INSERT INTO report_column_lookup (report_column_lookup_id, filter_name, filter_value, report_table_id, report_column_id) VALUES (288, 'short_league_name',  'All', 4, 134);
INSERT INTO report_column_lookup (report_column_lookup_id, filter_name, filter_value, report_table_id, report_column_id) VALUES (289, 'short_league_name',  'All', 4, 135);
INSERT INTO report_column_lookup (report_column_lookup_id, filter_name, filter_value, report_table_id, report_column_id) VALUES (290, 'short_league_name',  'All', 4, 136);
INSERT INTO report_column_lookup (report_column_lookup_id, filter_name, filter_value, report_table_id, report_column_id) VALUES (291, 'short_league_name',  'All', 4, 137);
INSERT INTO report_column_lookup (report_column_lookup_id, filter_name, filter_value, report_table_id, report_column_id) VALUES (292, 'short_league_name',  'All', 4, 138);
INSERT INTO report_column_lookup (report_column_lookup_id, filter_name, filter_value, report_table_id, report_column_id) VALUES (293, 'short_league_name',  'All', 4, 139);
INSERT INTO report_column_lookup (report_column_lookup_id, filter_name, filter_value, report_table_id, report_column_id) VALUES (294, 'short_league_name',  'All', 4, 140);
INSERT INTO report_column_lookup (report_column_lookup_id, filter_name, filter_value, report_table_id, report_column_id) VALUES (295, 'short_league_name',  'All', 4, 141);
INSERT INTO report_column_lookup (report_column_lookup_id, filter_name, filter_value, report_table_id, report_column_id) VALUES (296, 'short_league_name',  'All', 4, 142);
INSERT INTO report_column_lookup (report_column_lookup_id, filter_name, filter_value, report_table_id, report_column_id) VALUES (297, 'short_league_name',  'All', 4, 143);
INSERT INTO report_column_lookup (report_column_lookup_id, filter_name, filter_value, report_table_id, report_column_id) VALUES (298, 'short_league_name',  'All', 4, 144);
INSERT INTO report_column_lookup (report_column_lookup_id, filter_name, filter_value, report_table_id, report_column_id) VALUES (299, 'short_league_name',  'All', 4, 145);
INSERT INTO report_column_lookup (report_column_lookup_id, filter_name, filter_value, report_table_id, report_column_id) VALUES (300, 'short_league_name',  'All', 4, 146);
INSERT INTO report_column_lookup (report_column_lookup_id, filter_name, filter_value, report_table_id, report_column_id) VALUES (301, 'short_league_name',  'All', 4, 147);
INSERT INTO report_column_lookup (report_column_lookup_id, filter_name, filter_value, report_table_id, report_column_id) VALUES (302, 'short_league_name',  'All', 4, 148);
INSERT INTO report_column_lookup (report_column_lookup_id, filter_name, filter_value, report_table_id, report_column_id) VALUES (303, 'short_league_name',  'All', 4, 149);
INSERT INTO report_column_lookup (report_column_lookup_id, filter_name, filter_value, report_table_id, report_column_id) VALUES (304, 'short_league_name',  'All', 4, 150);
INSERT INTO report_column_lookup (report_column_lookup_id, filter_name, filter_value, report_table_id, report_column_id) VALUES (305, 'short_league_name',  'All', 4, 151);
INSERT INTO report_column_lookup (report_column_lookup_id, filter_name, filter_value, report_table_id, report_column_id) VALUES (306, 'short_league_name',  'BFL', 4, 119);
INSERT INTO report_column_lookup (report_column_lookup_id, filter_name, filter_value, report_table_id, report_column_id) VALUES (307, 'short_league_name',  'BFL', 4, 122);
INSERT INTO report_column_lookup (report_column_lookup_id, filter_name, filter_value, report_table_id, report_column_id) VALUES (308, 'short_league_name',  'BFL', 4, 130);
INSERT INTO report_column_lookup (report_column_lookup_id, filter_name, filter_value, report_table_id, report_column_id) VALUES (309, 'short_league_name',  'BFL', 4, 133);
INSERT INTO report_column_lookup (report_column_lookup_id, filter_name, filter_value, report_table_id, report_column_id) VALUES (310, 'short_league_name',  'BFL', 4, 141);
INSERT INTO report_column_lookup (report_column_lookup_id, filter_name, filter_value, report_table_id, report_column_id) VALUES (311, 'short_league_name',  'BFL', 4, 144);
INSERT INTO report_column_lookup (report_column_lookup_id, filter_name, filter_value, report_table_id, report_column_id) VALUES (312, 'short_league_name',  'GDFL', 4, 120);
INSERT INTO report_column_lookup (report_column_lookup_id, filter_name, filter_value, report_table_id, report_column_id) VALUES (313, 'short_league_name',  'GDFL', 4, 123);
INSERT INTO report_column_lookup (report_column_lookup_id, filter_name, filter_value, report_table_id, report_column_id) VALUES (314, 'short_league_name',  'GDFL', 4, 131);
INSERT INTO report_column_lookup (report_column_lookup_id, filter_name, filter_value, report_table_id, report_column_id) VALUES (315, 'short_league_name',  'GDFL', 4, 134);
INSERT INTO report_column_lookup (report_column_lookup_id, filter_name, filter_value, report_table_id, report_column_id) VALUES (316, 'short_league_name',  'GDFL', 4, 142);
INSERT INTO report_column_lookup (report_column_lookup_id, filter_name, filter_value, report_table_id, report_column_id) VALUES (317, 'short_league_name',  'GDFL', 4, 145);
INSERT INTO report_column_lookup (report_column_lookup_id, filter_name, filter_value, report_table_id, report_column_id) VALUES (318, 'short_league_name',  'GFL', 4, 121);
INSERT INTO report_column_lookup (report_column_lookup_id, filter_name, filter_value, report_table_id, report_column_id) VALUES (319, 'short_league_name',  'GFL', 4, 124);
INSERT INTO report_column_lookup (report_column_lookup_id, filter_name, filter_value, report_table_id, report_column_id) VALUES (320, 'short_league_name',  'GFL', 4, 132);
INSERT INTO report_column_lookup (report_column_lookup_id, filter_name, filter_value, report_table_id, report_column_id) VALUES (321, 'short_league_name',  'GFL', 4, 135);
INSERT INTO report_column_lookup (report_column_lookup_id, filter_name, filter_value, report_table_id, report_column_id) VALUES (322, 'short_league_name',  'GFL', 4, 143);
INSERT INTO report_column_lookup (report_column_lookup_id, filter_name, filter_value, report_table_id, report_column_id) VALUES (323, 'short_league_name',  'GFL', 4, 146);
INSERT INTO report_column_lookup (report_column_lookup_id, filter_name, filter_value, report_table_id, report_column_id) VALUES (324, 'age_group',  'All', 4, 119);
INSERT INTO report_column_lookup (report_column_lookup_id, filter_name, filter_value, report_table_id, report_column_id) VALUES (325, 'age_group',  'All', 4, 120);
INSERT INTO report_column_lookup (report_column_lookup_id, filter_name, filter_value, report_table_id, report_column_id) VALUES (326, 'age_group',  'All', 4, 121);
INSERT INTO report_column_lookup (report_column_lookup_id, filter_name, filter_value, report_table_id, report_column_id) VALUES (327, 'age_group',  'All', 4, 122);
INSERT INTO report_column_lookup (report_column_lookup_id, filter_name, filter_value, report_table_id, report_column_id) VALUES (328, 'age_group',  'All', 4, 123);
INSERT INTO report_column_lookup (report_column_lookup_id, filter_name, filter_value, report_table_id, report_column_id) VALUES (329, 'age_group',  'All', 4, 124);
INSERT INTO report_column_lookup (report_column_lookup_id, filter_name, filter_value, report_table_id, report_column_id) VALUES (330, 'age_group',  'All', 4, 125);
INSERT INTO report_column_lookup (report_column_lookup_id, filter_name, filter_value, report_table_id, report_column_id) VALUES (331, 'age_group',  'All', 4, 126);
INSERT INTO report_column_lookup (report_column_lookup_id, filter_name, filter_value, report_table_id, report_column_id) VALUES (332, 'age_group',  'All', 4, 127);
INSERT INTO report_column_lookup (report_column_lookup_id, filter_name, filter_value, report_table_id, report_column_id) VALUES (333, 'age_group',  'All', 4, 128);
INSERT INTO report_column_lookup (report_column_lookup_id, filter_name, filter_value, report_table_id, report_column_id) VALUES (334, 'age_group',  'All', 4, 129);
INSERT INTO report_column_lookup (report_column_lookup_id, filter_name, filter_value, report_table_id, report_column_id) VALUES (335, 'age_group',  'All', 4, 130);
INSERT INTO report_column_lookup (report_column_lookup_id, filter_name, filter_value, report_table_id, report_column_id) VALUES (336, 'age_group',  'All', 4, 131);
INSERT INTO report_column_lookup (report_column_lookup_id, filter_name, filter_value, report_table_id, report_column_id) VALUES (337, 'age_group',  'All', 4, 132);
INSERT INTO report_column_lookup (report_column_lookup_id, filter_name, filter_value, report_table_id, report_column_id) VALUES (338, 'age_group',  'All', 4, 133);
INSERT INTO report_column_lookup (report_column_lookup_id, filter_name, filter_value, report_table_id, report_column_id) VALUES (339, 'age_group',  'All', 4, 134);
INSERT INTO report_column_lookup (report_column_lookup_id, filter_name, filter_value, report_table_id, report_column_id) VALUES (340, 'age_group',  'All', 4, 135);
INSERT INTO report_column_lookup (report_column_lookup_id, filter_name, filter_value, report_table_id, report_column_id) VALUES (341, 'age_group',  'All', 4, 136);
INSERT INTO report_column_lookup (report_column_lookup_id, filter_name, filter_value, report_table_id, report_column_id) VALUES (342, 'age_group',  'All', 4, 137);
INSERT INTO report_column_lookup (report_column_lookup_id, filter_name, filter_value, report_table_id, report_column_id) VALUES (343, 'age_group',  'All', 4, 138);
INSERT INTO report_column_lookup (report_column_lookup_id, filter_name, filter_value, report_table_id, report_column_id) VALUES (344, 'age_group',  'All', 4, 139);
INSERT INTO report_column_lookup (report_column_lookup_id, filter_name, filter_value, report_table_id, report_column_id) VALUES (345, 'age_group',  'All', 4, 140);
INSERT INTO report_column_lookup (report_column_lookup_id, filter_name, filter_value, report_table_id, report_column_id) VALUES (346, 'age_group',  'All', 4, 141);
INSERT INTO report_column_lookup (report_column_lookup_id, filter_name, filter_value, report_table_id, report_column_id) VALUES (347, 'age_group',  'All', 4, 142);
INSERT INTO report_column_lookup (report_column_lookup_id, filter_name, filter_value, report_table_id, report_column_id) VALUES (348, 'age_group',  'All', 4, 143);
INSERT INTO report_column_lookup (report_column_lookup_id, filter_name, filter_value, report_table_id, report_column_id) VALUES (349, 'age_group',  'All', 4, 144);
INSERT INTO report_column_lookup (report_column_lookup_id, filter_name, filter_value, report_table_id, report_column_id) VALUES (350, 'age_group',  'All', 4, 145);
INSERT INTO report_column_lookup (report_column_lookup_id, filter_name, filter_value, report_table_id, report_column_id) VALUES (351, 'age_group',  'All', 4, 146);
INSERT INTO report_column_lookup (report_column_lookup_id, filter_name, filter_value, report_table_id, report_column_id) VALUES (352, 'age_group',  'All', 4, 147);
INSERT INTO report_column_lookup (report_column_lookup_id, filter_name, filter_value, report_table_id, report_column_id) VALUES (353, 'age_group',  'All', 4, 148);
INSERT INTO report_column_lookup (report_column_lookup_id, filter_name, filter_value, report_table_id, report_column_id) VALUES (354, 'age_group',  'All', 4, 149);
INSERT INTO report_column_lookup (report_column_lookup_id, filter_name, filter_value, report_table_id, report_column_id) VALUES (355, 'age_group',  'All', 4, 150);
INSERT INTO report_column_lookup (report_column_lookup_id, filter_name, filter_value, report_table_id, report_column_id) VALUES (356, 'age_group',  'All', 4, 151);
INSERT INTO report_column_lookup (report_column_lookup_id, filter_name, filter_value, report_table_id, report_column_id) VALUES (357, 'age_group',  'Seniors', 4, 119);
INSERT INTO report_column_lookup (report_column_lookup_id, filter_name, filter_value, report_table_id, report_column_id) VALUES (358, 'age_group',  'Seniors', 4, 120);
INSERT INTO report_column_lookup (report_column_lookup_id, filter_name, filter_value, report_table_id, report_column_id) VALUES (359, 'age_group',  'Seniors', 4, 121);
INSERT INTO report_column_lookup (report_column_lookup_id, filter_name, filter_value, report_table_id, report_column_id) VALUES (360, 'age_group',  'Seniors', 4, 130);
INSERT INTO report_column_lookup (report_column_lookup_id, filter_name, filter_value, report_table_id, report_column_id) VALUES (361, 'age_group',  'Seniors', 4, 131);
INSERT INTO report_column_lookup (report_column_lookup_id, filter_name, filter_value, report_table_id, report_column_id) VALUES (362, 'age_group',  'Seniors', 4, 132);
INSERT INTO report_column_lookup (report_column_lookup_id, filter_name, filter_value, report_table_id, report_column_id) VALUES (363, 'age_group',  'Seniors', 4, 141);
INSERT INTO report_column_lookup (report_column_lookup_id, filter_name, filter_value, report_table_id, report_column_id) VALUES (364, 'age_group',  'Seniors', 4, 142);
INSERT INTO report_column_lookup (report_column_lookup_id, filter_name, filter_value, report_table_id, report_column_id) VALUES (365, 'age_group',  'Seniors', 4, 143);
INSERT INTO report_column_lookup (report_column_lookup_id, filter_name, filter_value, report_table_id, report_column_id) VALUES (366, 'age_group',  'Reserves', 4, 122);
INSERT INTO report_column_lookup (report_column_lookup_id, filter_name, filter_value, report_table_id, report_column_id) VALUES (367, 'age_group',  'Reserves', 4, 123);
INSERT INTO report_column_lookup (report_column_lookup_id, filter_name, filter_value, report_table_id, report_column_id) VALUES (368, 'age_group',  'Reserves', 4, 124);
INSERT INTO report_column_lookup (report_column_lookup_id, filter_name, filter_value, report_table_id, report_column_id) VALUES (369, 'age_group',  'Reserves', 4, 133);
INSERT INTO report_column_lookup (report_column_lookup_id, filter_name, filter_value, report_table_id, report_column_id) VALUES (370, 'age_group',  'Reserves', 4, 134);
INSERT INTO report_column_lookup (report_column_lookup_id, filter_name, filter_value, report_table_id, report_column_id) VALUES (371, 'age_group',  'Reserves', 4, 135);
INSERT INTO report_column_lookup (report_column_lookup_id, filter_name, filter_value, report_table_id, report_column_id) VALUES (372, 'age_group',  'Reserves', 4, 144);
INSERT INTO report_column_lookup (report_column_lookup_id, filter_name, filter_value, report_table_id, report_column_id) VALUES (373, 'age_group',  'Reserves', 4, 145);
INSERT INTO report_column_lookup (report_column_lookup_id, filter_name, filter_value, report_table_id, report_column_id) VALUES (374, 'age_group',  'Reserves', 4, 146);
INSERT INTO report_column_lookup (report_column_lookup_id, filter_name, filter_value, report_table_id, report_column_id) VALUES (375, 'age_group',  'Colts', 4, 125);
INSERT INTO report_column_lookup (report_column_lookup_id, filter_name, filter_value, report_table_id, report_column_id) VALUES (376, 'age_group',  'Colts', 4, 136);
INSERT INTO report_column_lookup (report_column_lookup_id, filter_name, filter_value, report_table_id, report_column_id) VALUES (377, 'age_group',  'Colts', 4, 147);
INSERT INTO report_column_lookup (report_column_lookup_id, filter_name, filter_value, report_table_id, report_column_id) VALUES (378, 'age_group',  'Under 16', 4, 126);
INSERT INTO report_column_lookup (report_column_lookup_id, filter_name, filter_value, report_table_id, report_column_id) VALUES (379, 'age_group',  'Under 16', 4, 137);
INSERT INTO report_column_lookup (report_column_lookup_id, filter_name, filter_value, report_table_id, report_column_id) VALUES (380, 'age_group',  'Under 16', 4, 148);
INSERT INTO report_column_lookup (report_column_lookup_id, filter_name, filter_value, report_table_id, report_column_id) VALUES (381, 'age_group',  'Under 14', 4, 127);
INSERT INTO report_column_lookup (report_column_lookup_id, filter_name, filter_value, report_table_id, report_column_id) VALUES (382, 'age_group',  'Under 14', 4, 138);
INSERT INTO report_column_lookup (report_column_lookup_id, filter_name, filter_value, report_table_id, report_column_id) VALUES (383, 'age_group',  'Under 14', 4, 149);
INSERT INTO report_column_lookup (report_column_lookup_id, filter_name, filter_value, report_table_id, report_column_id) VALUES (384, 'age_group',  'Youth Girls', 4, 128);
INSERT INTO report_column_lookup (report_column_lookup_id, filter_name, filter_value, report_table_id, report_column_id) VALUES (385, 'age_group',  'Youth Girls', 4, 139);
INSERT INTO report_column_lookup (report_column_lookup_id, filter_name, filter_value, report_table_id, report_column_id) VALUES (386, 'age_group',  'Youth Girls', 4, 150);
INSERT INTO report_column_lookup (report_column_lookup_id, filter_name, filter_value, report_table_id, report_column_id) VALUES (387, 'age_group',  'Junior Girls', 4, 129);
INSERT INTO report_column_lookup (report_column_lookup_id, filter_name, filter_value, report_table_id, report_column_id) VALUES (388, 'age_group',  'Junior Girls', 4, 140);
INSERT INTO report_column_lookup (report_column_lookup_id, filter_name, filter_value, report_table_id, report_column_id) VALUES (389, 'age_group',  'Junior Girls', 4, 151);
INSERT INTO report_column_lookup (report_column_lookup_id, filter_name, filter_value, report_table_id, report_column_id) VALUES (390, 'umpire_type',  'All', 4, 119);
INSERT INTO report_column_lookup (report_column_lookup_id, filter_name, filter_value, report_table_id, report_column_id) VALUES (391, 'umpire_type',  'All', 4, 120);
INSERT INTO report_column_lookup (report_column_lookup_id, filter_name, filter_value, report_table_id, report_column_id) VALUES (392, 'umpire_type',  'All', 4, 121);
INSERT INTO report_column_lookup (report_column_lookup_id, filter_name, filter_value, report_table_id, report_column_id) VALUES (393, 'umpire_type',  'All', 4, 122);
INSERT INTO report_column_lookup (report_column_lookup_id, filter_name, filter_value, report_table_id, report_column_id) VALUES (394, 'umpire_type',  'All', 4, 123);
INSERT INTO report_column_lookup (report_column_lookup_id, filter_name, filter_value, report_table_id, report_column_id) VALUES (395, 'umpire_type',  'All', 4, 124);
INSERT INTO report_column_lookup (report_column_lookup_id, filter_name, filter_value, report_table_id, report_column_id) VALUES (396, 'umpire_type',  'All', 4, 125);
INSERT INTO report_column_lookup (report_column_lookup_id, filter_name, filter_value, report_table_id, report_column_id) VALUES (397, 'umpire_type',  'All', 4, 126);
INSERT INTO report_column_lookup (report_column_lookup_id, filter_name, filter_value, report_table_id, report_column_id) VALUES (398, 'umpire_type',  'All', 4, 127);
INSERT INTO report_column_lookup (report_column_lookup_id, filter_name, filter_value, report_table_id, report_column_id) VALUES (399, 'umpire_type',  'All', 4, 128);
INSERT INTO report_column_lookup (report_column_lookup_id, filter_name, filter_value, report_table_id, report_column_id) VALUES (400, 'umpire_type',  'All', 4, 129);
INSERT INTO report_column_lookup (report_column_lookup_id, filter_name, filter_value, report_table_id, report_column_id) VALUES (401, 'umpire_type',  'All', 4, 130);
INSERT INTO report_column_lookup (report_column_lookup_id, filter_name, filter_value, report_table_id, report_column_id) VALUES (402, 'umpire_type',  'All', 4, 131);
INSERT INTO report_column_lookup (report_column_lookup_id, filter_name, filter_value, report_table_id, report_column_id) VALUES (403, 'umpire_type',  'All', 4, 132);
INSERT INTO report_column_lookup (report_column_lookup_id, filter_name, filter_value, report_table_id, report_column_id) VALUES (404, 'umpire_type',  'All', 4, 133);
INSERT INTO report_column_lookup (report_column_lookup_id, filter_name, filter_value, report_table_id, report_column_id) VALUES (405, 'umpire_type',  'All', 4, 134);
INSERT INTO report_column_lookup (report_column_lookup_id, filter_name, filter_value, report_table_id, report_column_id) VALUES (406, 'umpire_type',  'All', 4, 135);
INSERT INTO report_column_lookup (report_column_lookup_id, filter_name, filter_value, report_table_id, report_column_id) VALUES (407, 'umpire_type',  'All', 4, 136);
INSERT INTO report_column_lookup (report_column_lookup_id, filter_name, filter_value, report_table_id, report_column_id) VALUES (408, 'umpire_type',  'All', 4, 137);
INSERT INTO report_column_lookup (report_column_lookup_id, filter_name, filter_value, report_table_id, report_column_id) VALUES (409, 'umpire_type',  'All', 4, 138);
INSERT INTO report_column_lookup (report_column_lookup_id, filter_name, filter_value, report_table_id, report_column_id) VALUES (410, 'umpire_type',  'All', 4, 139);
INSERT INTO report_column_lookup (report_column_lookup_id, filter_name, filter_value, report_table_id, report_column_id) VALUES (411, 'umpire_type',  'All', 4, 140);
INSERT INTO report_column_lookup (report_column_lookup_id, filter_name, filter_value, report_table_id, report_column_id) VALUES (412, 'umpire_type',  'All', 4, 141);
INSERT INTO report_column_lookup (report_column_lookup_id, filter_name, filter_value, report_table_id, report_column_id) VALUES (413, 'umpire_type',  'All', 4, 142);
INSERT INTO report_column_lookup (report_column_lookup_id, filter_name, filter_value, report_table_id, report_column_id) VALUES (414, 'umpire_type',  'All', 4, 143);
INSERT INTO report_column_lookup (report_column_lookup_id, filter_name, filter_value, report_table_id, report_column_id) VALUES (415, 'umpire_type',  'All', 4, 144);
INSERT INTO report_column_lookup (report_column_lookup_id, filter_name, filter_value, report_table_id, report_column_id) VALUES (416, 'umpire_type',  'All', 4, 145);
INSERT INTO report_column_lookup (report_column_lookup_id, filter_name, filter_value, report_table_id, report_column_id) VALUES (417, 'umpire_type',  'All', 4, 146);
INSERT INTO report_column_lookup (report_column_lookup_id, filter_name, filter_value, report_table_id, report_column_id) VALUES (418, 'umpire_type',  'All', 4, 147);
INSERT INTO report_column_lookup (report_column_lookup_id, filter_name, filter_value, report_table_id, report_column_id) VALUES (419, 'umpire_type',  'All', 4, 148);
INSERT INTO report_column_lookup (report_column_lookup_id, filter_name, filter_value, report_table_id, report_column_id) VALUES (420, 'umpire_type',  'All', 4, 149);
INSERT INTO report_column_lookup (report_column_lookup_id, filter_name, filter_value, report_table_id, report_column_id) VALUES (421, 'umpire_type',  'All', 4, 150);
INSERT INTO report_column_lookup (report_column_lookup_id, filter_name, filter_value, report_table_id, report_column_id) VALUES (422, 'umpire_type',  'All', 4, 151);
INSERT INTO report_column_lookup (report_column_lookup_id, filter_name, filter_value, report_table_id, report_column_id) VALUES (423, 'umpire_type',  'Boundary', 4, 119);
INSERT INTO report_column_lookup (report_column_lookup_id, filter_name, filter_value, report_table_id, report_column_id) VALUES (424, 'umpire_type',  'Boundary', 4, 120);
INSERT INTO report_column_lookup (report_column_lookup_id, filter_name, filter_value, report_table_id, report_column_id) VALUES (425, 'umpire_type',  'Boundary', 4, 121);
INSERT INTO report_column_lookup (report_column_lookup_id, filter_name, filter_value, report_table_id, report_column_id) VALUES (426, 'umpire_type',  'Boundary', 4, 122);
INSERT INTO report_column_lookup (report_column_lookup_id, filter_name, filter_value, report_table_id, report_column_id) VALUES (427, 'umpire_type',  'Boundary', 4, 123);
INSERT INTO report_column_lookup (report_column_lookup_id, filter_name, filter_value, report_table_id, report_column_id) VALUES (428, 'umpire_type',  'Boundary', 4, 124);
INSERT INTO report_column_lookup (report_column_lookup_id, filter_name, filter_value, report_table_id, report_column_id) VALUES (429, 'umpire_type',  'Boundary', 4, 125);
INSERT INTO report_column_lookup (report_column_lookup_id, filter_name, filter_value, report_table_id, report_column_id) VALUES (430, 'umpire_type',  'Boundary', 4, 126);
INSERT INTO report_column_lookup (report_column_lookup_id, filter_name, filter_value, report_table_id, report_column_id) VALUES (431, 'umpire_type',  'Boundary', 4, 127);
INSERT INTO report_column_lookup (report_column_lookup_id, filter_name, filter_value, report_table_id, report_column_id) VALUES (432, 'umpire_type',  'Boundary', 4, 128);
INSERT INTO report_column_lookup (report_column_lookup_id, filter_name, filter_value, report_table_id, report_column_id) VALUES (433, 'umpire_type',  'Boundary', 4, 129);
INSERT INTO report_column_lookup (report_column_lookup_id, filter_name, filter_value, report_table_id, report_column_id) VALUES (434, 'umpire_type',  'Field', 4, 130);
INSERT INTO report_column_lookup (report_column_lookup_id, filter_name, filter_value, report_table_id, report_column_id) VALUES (435, 'umpire_type',  'Field', 4, 131);
INSERT INTO report_column_lookup (report_column_lookup_id, filter_name, filter_value, report_table_id, report_column_id) VALUES (436, 'umpire_type',  'Field', 4, 132);
INSERT INTO report_column_lookup (report_column_lookup_id, filter_name, filter_value, report_table_id, report_column_id) VALUES (437, 'umpire_type',  'Field', 4, 133);
INSERT INTO report_column_lookup (report_column_lookup_id, filter_name, filter_value, report_table_id, report_column_id) VALUES (438, 'umpire_type',  'Field', 4, 134);
INSERT INTO report_column_lookup (report_column_lookup_id, filter_name, filter_value, report_table_id, report_column_id) VALUES (439, 'umpire_type',  'Field', 4, 135);
INSERT INTO report_column_lookup (report_column_lookup_id, filter_name, filter_value, report_table_id, report_column_id) VALUES (440, 'umpire_type',  'Field', 4, 136);
INSERT INTO report_column_lookup (report_column_lookup_id, filter_name, filter_value, report_table_id, report_column_id) VALUES (441, 'umpire_type',  'Field', 4, 137);
INSERT INTO report_column_lookup (report_column_lookup_id, filter_name, filter_value, report_table_id, report_column_id) VALUES (442, 'umpire_type',  'Field', 4, 138);
INSERT INTO report_column_lookup (report_column_lookup_id, filter_name, filter_value, report_table_id, report_column_id) VALUES (443, 'umpire_type',  'Field', 4, 139);
INSERT INTO report_column_lookup (report_column_lookup_id, filter_name, filter_value, report_table_id, report_column_id) VALUES (444, 'umpire_type',  'Field', 4, 140);
INSERT INTO report_column_lookup (report_column_lookup_id, filter_name, filter_value, report_table_id, report_column_id) VALUES (445, 'umpire_type',  'Goal', 4, 141);
INSERT INTO report_column_lookup (report_column_lookup_id, filter_name, filter_value, report_table_id, report_column_id) VALUES (446, 'umpire_type',  'Goal', 4, 142);
INSERT INTO report_column_lookup (report_column_lookup_id, filter_name, filter_value, report_table_id, report_column_id) VALUES (447, 'umpire_type',  'Goal', 4, 143);
INSERT INTO report_column_lookup (report_column_lookup_id, filter_name, filter_value, report_table_id, report_column_id) VALUES (448, 'umpire_type',  'Goal', 4, 144);
INSERT INTO report_column_lookup (report_column_lookup_id, filter_name, filter_value, report_table_id, report_column_id) VALUES (449, 'umpire_type',  'Goal', 4, 145);
INSERT INTO report_column_lookup (report_column_lookup_id, filter_name, filter_value, report_table_id, report_column_id) VALUES (450, 'umpire_type',  'Goal', 4, 146);
INSERT INTO report_column_lookup (report_column_lookup_id, filter_name, filter_value, report_table_id, report_column_id) VALUES (451, 'umpire_type',  'Goal', 4, 147);
INSERT INTO report_column_lookup (report_column_lookup_id, filter_name, filter_value, report_table_id, report_column_id) VALUES (452, 'umpire_type',  'Goal', 4, 148);
INSERT INTO report_column_lookup (report_column_lookup_id, filter_name, filter_value, report_table_id, report_column_id) VALUES (453, 'umpire_type',  'Goal', 4, 149);
INSERT INTO report_column_lookup (report_column_lookup_id, filter_name, filter_value, report_table_id, report_column_id) VALUES (454, 'umpire_type',  'Goal', 4, 150);
INSERT INTO report_column_lookup (report_column_lookup_id, filter_name, filter_value, report_table_id, report_column_id) VALUES (455, 'umpire_type',  'Goal', 4, 151);
INSERT INTO report_column_lookup (report_column_lookup_id, filter_name, filter_value, report_table_id, report_column_id) VALUES (456, 'short_league_name',  'All', 5, 152);
INSERT INTO report_column_lookup (report_column_lookup_id, filter_name, filter_value, report_table_id, report_column_id) VALUES (457, 'short_league_name',  'All', 5, 153);
INSERT INTO report_column_lookup (report_column_lookup_id, filter_name, filter_value, report_table_id, report_column_id) VALUES (458, 'short_league_name',  'All', 5, 154);
INSERT INTO report_column_lookup (report_column_lookup_id, filter_name, filter_value, report_table_id, report_column_id) VALUES (459, 'short_league_name',  'All', 5, 155);
INSERT INTO report_column_lookup (report_column_lookup_id, filter_name, filter_value, report_table_id, report_column_id) VALUES (460, 'short_league_name',  'All', 5, 156);
INSERT INTO report_column_lookup (report_column_lookup_id, filter_name, filter_value, report_table_id, report_column_id) VALUES (461, 'age_group',  'All', 5, 152);
INSERT INTO report_column_lookup (report_column_lookup_id, filter_name, filter_value, report_table_id, report_column_id) VALUES (462, 'age_group',  'All', 5, 153);
INSERT INTO report_column_lookup (report_column_lookup_id, filter_name, filter_value, report_table_id, report_column_id) VALUES (463, 'age_group',  'All', 5, 154);
INSERT INTO report_column_lookup (report_column_lookup_id, filter_name, filter_value, report_table_id, report_column_id) VALUES (464, 'age_group',  'All', 5, 155);
INSERT INTO report_column_lookup (report_column_lookup_id, filter_name, filter_value, report_table_id, report_column_id) VALUES (465, 'age_group',  'All', 5, 156);
INSERT INTO report_column_lookup (report_column_lookup_id, filter_name, filter_value, report_table_id, report_column_id) VALUES (466, 'umpire_type',  'All', 5, 152);
INSERT INTO report_column_lookup (report_column_lookup_id, filter_name, filter_value, report_table_id, report_column_id) VALUES (467, 'umpire_type',  'All', 5, 153);
INSERT INTO report_column_lookup (report_column_lookup_id, filter_name, filter_value, report_table_id, report_column_id) VALUES (468, 'umpire_type',  'All', 5, 154);
INSERT INTO report_column_lookup (report_column_lookup_id, filter_name, filter_value, report_table_id, report_column_id) VALUES (469, 'umpire_type',  'All', 5, 155);
INSERT INTO report_column_lookup (report_column_lookup_id, filter_name, filter_value, report_table_id, report_column_id) VALUES (470, 'umpire_type',  'All', 5, 156);



DROP TABLE if exists report_column_lookup_display;

CREATE TABLE report_column_lookup_display (
  report_column_lookup_display_id INT PRIMARY KEY,
  report_column_id INT,
  column_display_filter_name VARCHAR(200),
  column_display_name VARCHAR(200),
  FOREIGN KEY (report_column_id) REFERENCES report_column(report_column_id) ON DELETE CASCADE
);


INSERT INTO report_column_lookup_display (report_column_lookup_display_id, report_column_id, column_display_filter_name, column_display_name) VALUES (1, 1, 'short_league_name', 'BFL');
INSERT INTO report_column_lookup_display (report_column_lookup_display_id, report_column_id, column_display_filter_name, column_display_name) VALUES (2, 2, 'short_league_name', 'BFL');
INSERT INTO report_column_lookup_display (report_column_lookup_display_id, report_column_id, column_display_filter_name, column_display_name) VALUES (3, 3, 'short_league_name', 'BFL');
INSERT INTO report_column_lookup_display (report_column_lookup_display_id, report_column_id, column_display_filter_name, column_display_name) VALUES (4, 4, 'short_league_name', 'BFL');
INSERT INTO report_column_lookup_display (report_column_lookup_display_id, report_column_id, column_display_filter_name, column_display_name) VALUES (5, 5, 'short_league_name', 'BFL');
INSERT INTO report_column_lookup_display (report_column_lookup_display_id, report_column_id, column_display_filter_name, column_display_name) VALUES (6, 6, 'short_league_name', 'BFL');
INSERT INTO report_column_lookup_display (report_column_lookup_display_id, report_column_id, column_display_filter_name, column_display_name) VALUES (7, 7, 'short_league_name', 'BFL');
INSERT INTO report_column_lookup_display (report_column_lookup_display_id, report_column_id, column_display_filter_name, column_display_name) VALUES (8, 8, 'short_league_name', 'BFL');
INSERT INTO report_column_lookup_display (report_column_lookup_display_id, report_column_id, column_display_filter_name, column_display_name) VALUES (9, 9, 'short_league_name', 'BFL');
INSERT INTO report_column_lookup_display (report_column_lookup_display_id, report_column_id, column_display_filter_name, column_display_name) VALUES (10, 10, 'short_league_name', 'BFL');
INSERT INTO report_column_lookup_display (report_column_lookup_display_id, report_column_id, column_display_filter_name, column_display_name) VALUES (11, 11, 'short_league_name', 'GDFL');
INSERT INTO report_column_lookup_display (report_column_lookup_display_id, report_column_id, column_display_filter_name, column_display_name) VALUES (12, 12, 'short_league_name', 'GDFL');
INSERT INTO report_column_lookup_display (report_column_lookup_display_id, report_column_id, column_display_filter_name, column_display_name) VALUES (13, 13, 'short_league_name', 'GDFL');
INSERT INTO report_column_lookup_display (report_column_lookup_display_id, report_column_id, column_display_filter_name, column_display_name) VALUES (14, 14, 'short_league_name', 'GDFL');
INSERT INTO report_column_lookup_display (report_column_lookup_display_id, report_column_id, column_display_filter_name, column_display_name) VALUES (15, 15, 'short_league_name', 'GDFL');
INSERT INTO report_column_lookup_display (report_column_lookup_display_id, report_column_id, column_display_filter_name, column_display_name) VALUES (16, 16, 'short_league_name', 'GDFL');
INSERT INTO report_column_lookup_display (report_column_lookup_display_id, report_column_id, column_display_filter_name, column_display_name) VALUES (17, 17, 'short_league_name', 'GDFL');
INSERT INTO report_column_lookup_display (report_column_lookup_display_id, report_column_id, column_display_filter_name, column_display_name) VALUES (18, 18, 'short_league_name', 'GDFL');
INSERT INTO report_column_lookup_display (report_column_lookup_display_id, report_column_id, column_display_filter_name, column_display_name) VALUES (19, 19, 'short_league_name', 'GDFL');
INSERT INTO report_column_lookup_display (report_column_lookup_display_id, report_column_id, column_display_filter_name, column_display_name) VALUES (20, 20, 'short_league_name', 'GDFL');
INSERT INTO report_column_lookup_display (report_column_lookup_display_id, report_column_id, column_display_filter_name, column_display_name) VALUES (21, 21, 'short_league_name', 'GDFL');
INSERT INTO report_column_lookup_display (report_column_lookup_display_id, report_column_id, column_display_filter_name, column_display_name) VALUES (22, 22, 'short_league_name', 'GDFL');
INSERT INTO report_column_lookup_display (report_column_lookup_display_id, report_column_id, column_display_filter_name, column_display_name) VALUES (23, 23, 'short_league_name', 'GFL');
INSERT INTO report_column_lookup_display (report_column_lookup_display_id, report_column_id, column_display_filter_name, column_display_name) VALUES (24, 24, 'short_league_name', 'GFL');
INSERT INTO report_column_lookup_display (report_column_lookup_display_id, report_column_id, column_display_filter_name, column_display_name) VALUES (25, 25, 'short_league_name', 'GFL');
INSERT INTO report_column_lookup_display (report_column_lookup_display_id, report_column_id, column_display_filter_name, column_display_name) VALUES (26, 26, 'short_league_name', 'GFL');
INSERT INTO report_column_lookup_display (report_column_lookup_display_id, report_column_id, column_display_filter_name, column_display_name) VALUES (27, 27, 'short_league_name', 'GFL');
INSERT INTO report_column_lookup_display (report_column_lookup_display_id, report_column_id, column_display_filter_name, column_display_name) VALUES (28, 28, 'short_league_name', 'GFL');
INSERT INTO report_column_lookup_display (report_column_lookup_display_id, report_column_id, column_display_filter_name, column_display_name) VALUES (29, 29, 'short_league_name', 'GFL');
INSERT INTO report_column_lookup_display (report_column_lookup_display_id, report_column_id, column_display_filter_name, column_display_name) VALUES (30, 30, 'short_league_name', 'GFL');
INSERT INTO report_column_lookup_display (report_column_lookup_display_id, report_column_id, column_display_filter_name, column_display_name) VALUES (31, 31, 'short_league_name', 'GFL');
INSERT INTO report_column_lookup_display (report_column_lookup_display_id, report_column_id, column_display_filter_name, column_display_name) VALUES (32, 32, 'short_league_name', 'GFL');
INSERT INTO report_column_lookup_display (report_column_lookup_display_id, report_column_id, column_display_filter_name, column_display_name) VALUES (33, 33, 'short_league_name', 'GFL');
INSERT INTO report_column_lookup_display (report_column_lookup_display_id, report_column_id, column_display_filter_name, column_display_name) VALUES (34, 34, 'short_league_name', 'GFL');
INSERT INTO report_column_lookup_display (report_column_lookup_display_id, report_column_id, column_display_filter_name, column_display_name) VALUES (35, 35, 'short_league_name', 'None');
INSERT INTO report_column_lookup_display (report_column_lookup_display_id, report_column_id, column_display_filter_name, column_display_name) VALUES (36, 36, 'short_league_name', 'None');
INSERT INTO report_column_lookup_display (report_column_lookup_display_id, report_column_id, column_display_filter_name, column_display_name) VALUES (37, 37, 'short_league_name', 'None');
INSERT INTO report_column_lookup_display (report_column_lookup_display_id, report_column_id, column_display_filter_name, column_display_name) VALUES (38, 38, 'short_league_name', 'None');
INSERT INTO report_column_lookup_display (report_column_lookup_display_id, report_column_id, column_display_filter_name, column_display_name) VALUES (39, 39, 'short_league_name', 'None');
INSERT INTO report_column_lookup_display (report_column_lookup_display_id, report_column_id, column_display_filter_name, column_display_name) VALUES (40, 40, 'short_league_name', 'None');
INSERT INTO report_column_lookup_display (report_column_lookup_display_id, report_column_id, column_display_filter_name, column_display_name) VALUES (41, 41, 'short_league_name', 'None');
INSERT INTO report_column_lookup_display (report_column_lookup_display_id, report_column_id, column_display_filter_name, column_display_name) VALUES (42, 42, 'short_league_name', 'None');
INSERT INTO report_column_lookup_display (report_column_lookup_display_id, report_column_id, column_display_filter_name, column_display_name) VALUES (43, 43, 'short_league_name', 'None');
INSERT INTO report_column_lookup_display (report_column_lookup_display_id, report_column_id, column_display_filter_name, column_display_name) VALUES (44, 44, 'short_league_name', 'None');
INSERT INTO report_column_lookup_display (report_column_lookup_display_id, report_column_id, column_display_filter_name, column_display_name) VALUES (45, 45, 'short_league_name', 'None');
INSERT INTO report_column_lookup_display (report_column_lookup_display_id, report_column_id, column_display_filter_name, column_display_name) VALUES (46, 46, 'short_league_name', 'None');
INSERT INTO report_column_lookup_display (report_column_lookup_display_id, report_column_id, column_display_filter_name, column_display_name) VALUES (47, 47, 'short_league_name', 'None');
INSERT INTO report_column_lookup_display (report_column_lookup_display_id, report_column_id, column_display_filter_name, column_display_name) VALUES (48, 48, 'short_league_name', 'None');
INSERT INTO report_column_lookup_display (report_column_lookup_display_id, report_column_id, column_display_filter_name, column_display_name) VALUES (49, 49, 'short_league_name', 'None');
INSERT INTO report_column_lookup_display (report_column_lookup_display_id, report_column_id, column_display_filter_name, column_display_name) VALUES (50, 50, 'short_league_name', 'None');
INSERT INTO report_column_lookup_display (report_column_lookup_display_id, report_column_id, column_display_filter_name, column_display_name) VALUES (51, 51, 'short_league_name', 'None');
INSERT INTO report_column_lookup_display (report_column_lookup_display_id, report_column_id, column_display_filter_name, column_display_name) VALUES (52, 52, 'short_league_name', 'None');
INSERT INTO report_column_lookup_display (report_column_lookup_display_id, report_column_id, column_display_filter_name, column_display_name) VALUES (53, 53, 'short_league_name', 'None');
INSERT INTO report_column_lookup_display (report_column_lookup_display_id, report_column_id, column_display_filter_name, column_display_name) VALUES (54, 54, 'short_league_name', 'None');
INSERT INTO report_column_lookup_display (report_column_lookup_display_id, report_column_id, column_display_filter_name, column_display_name) VALUES (55, 55, 'short_league_name', 'None');
INSERT INTO report_column_lookup_display (report_column_lookup_display_id, report_column_id, column_display_filter_name, column_display_name) VALUES (56, 56, 'short_league_name', 'None');
INSERT INTO report_column_lookup_display (report_column_lookup_display_id, report_column_id, column_display_filter_name, column_display_name) VALUES (57, 57, 'short_league_name', 'None');
INSERT INTO report_column_lookup_display (report_column_lookup_display_id, report_column_id, column_display_filter_name, column_display_name) VALUES (58, 58, 'short_league_name', 'None');
INSERT INTO report_column_lookup_display (report_column_lookup_display_id, report_column_id, column_display_filter_name, column_display_name) VALUES (59, 59, 'short_league_name', 'None');
INSERT INTO report_column_lookup_display (report_column_lookup_display_id, report_column_id, column_display_filter_name, column_display_name) VALUES (60, 60, 'short_league_name', 'None');
INSERT INTO report_column_lookup_display (report_column_lookup_display_id, report_column_id, column_display_filter_name, column_display_name) VALUES (61, 61, 'short_league_name', 'None');
INSERT INTO report_column_lookup_display (report_column_lookup_display_id, report_column_id, column_display_filter_name, column_display_name) VALUES (62, 62, 'short_league_name', 'None');
INSERT INTO report_column_lookup_display (report_column_lookup_display_id, report_column_id, column_display_filter_name, column_display_name) VALUES (63, 63, 'short_league_name', 'None');
INSERT INTO report_column_lookup_display (report_column_lookup_display_id, report_column_id, column_display_filter_name, column_display_name) VALUES (64, 64, 'short_league_name', 'None');
INSERT INTO report_column_lookup_display (report_column_lookup_display_id, report_column_id, column_display_filter_name, column_display_name) VALUES (65, 65, 'short_league_name', 'None');
INSERT INTO report_column_lookup_display (report_column_lookup_display_id, report_column_id, column_display_filter_name, column_display_name) VALUES (66, 66, 'short_league_name', 'None');
INSERT INTO report_column_lookup_display (report_column_lookup_display_id, report_column_id, column_display_filter_name, column_display_name) VALUES (67, 67, 'short_league_name', 'None');
INSERT INTO report_column_lookup_display (report_column_lookup_display_id, report_column_id, column_display_filter_name, column_display_name) VALUES (68, 68, 'short_league_name', 'None');
INSERT INTO report_column_lookup_display (report_column_lookup_display_id, report_column_id, column_display_filter_name, column_display_name) VALUES (69, 69, 'short_league_name', 'None');
INSERT INTO report_column_lookup_display (report_column_lookup_display_id, report_column_id, column_display_filter_name, column_display_name) VALUES (70, 70, 'short_league_name', 'None');
INSERT INTO report_column_lookup_display (report_column_lookup_display_id, report_column_id, column_display_filter_name, column_display_name) VALUES (71, 71, 'short_league_name', 'None');
INSERT INTO report_column_lookup_display (report_column_lookup_display_id, report_column_id, column_display_filter_name, column_display_name) VALUES (72, 72, 'short_league_name', 'None');
INSERT INTO report_column_lookup_display (report_column_lookup_display_id, report_column_id, column_display_filter_name, column_display_name) VALUES (73, 73, 'short_league_name', 'None');
INSERT INTO report_column_lookup_display (report_column_lookup_display_id, report_column_id, column_display_filter_name, column_display_name) VALUES (74, 74, 'short_league_name', 'None');
INSERT INTO report_column_lookup_display (report_column_lookup_display_id, report_column_id, column_display_filter_name, column_display_name) VALUES (75, 75, 'short_league_name', 'None');
INSERT INTO report_column_lookup_display (report_column_lookup_display_id, report_column_id, column_display_filter_name, column_display_name) VALUES (76, 76, 'short_league_name', 'None');
INSERT INTO report_column_lookup_display (report_column_lookup_display_id, report_column_id, column_display_filter_name, column_display_name) VALUES (77, 77, 'short_league_name', 'None');
INSERT INTO report_column_lookup_display (report_column_lookup_display_id, report_column_id, column_display_filter_name, column_display_name) VALUES (78, 78, 'short_league_name', 'None');
INSERT INTO report_column_lookup_display (report_column_lookup_display_id, report_column_id, column_display_filter_name, column_display_name) VALUES (79, 79, 'short_league_name', 'None');
INSERT INTO report_column_lookup_display (report_column_lookup_display_id, report_column_id, column_display_filter_name, column_display_name) VALUES (80, 80, 'short_league_name', 'None');
INSERT INTO report_column_lookup_display (report_column_lookup_display_id, report_column_id, column_display_filter_name, column_display_name) VALUES (81, 81, 'short_league_name', 'None');
INSERT INTO report_column_lookup_display (report_column_lookup_display_id, report_column_id, column_display_filter_name, column_display_name) VALUES (82, 82, 'short_league_name', 'None');
INSERT INTO report_column_lookup_display (report_column_lookup_display_id, report_column_id, column_display_filter_name, column_display_name) VALUES (83, 83, 'short_league_name', 'None');
INSERT INTO report_column_lookup_display (report_column_lookup_display_id, report_column_id, column_display_filter_name, column_display_name) VALUES (84, 84, 'short_league_name', 'None');
INSERT INTO report_column_lookup_display (report_column_lookup_display_id, report_column_id, column_display_filter_name, column_display_name) VALUES (85, 85, 'short_league_name', 'None');
INSERT INTO report_column_lookup_display (report_column_lookup_display_id, report_column_id, column_display_filter_name, column_display_name) VALUES (86, 86, 'short_league_name', 'None');
INSERT INTO report_column_lookup_display (report_column_lookup_display_id, report_column_id, column_display_filter_name, column_display_name) VALUES (87, 87, 'short_league_name', 'None');
INSERT INTO report_column_lookup_display (report_column_lookup_display_id, report_column_id, column_display_filter_name, column_display_name) VALUES (88, 88, 'short_league_name', 'None');
INSERT INTO report_column_lookup_display (report_column_lookup_display_id, report_column_id, column_display_filter_name, column_display_name) VALUES (89, 1, 'club_name', 'Anglesea');
INSERT INTO report_column_lookup_display (report_column_lookup_display_id, report_column_id, column_display_filter_name, column_display_name) VALUES (90, 2, 'club_name', 'Barwon Heads');
INSERT INTO report_column_lookup_display (report_column_lookup_display_id, report_column_id, column_display_filter_name, column_display_name) VALUES (91, 3, 'club_name', 'Drysdale');
INSERT INTO report_column_lookup_display (report_column_lookup_display_id, report_column_id, column_display_filter_name, column_display_name) VALUES (92, 4, 'club_name', 'Geelong Amateur');
INSERT INTO report_column_lookup_display (report_column_lookup_display_id, report_column_id, column_display_filter_name, column_display_name) VALUES (93, 5, 'club_name', 'Modewarre');
INSERT INTO report_column_lookup_display (report_column_lookup_display_id, report_column_id, column_display_filter_name, column_display_name) VALUES (94, 6, 'club_name', 'Newcomb Power');
INSERT INTO report_column_lookup_display (report_column_lookup_display_id, report_column_id, column_display_filter_name, column_display_name) VALUES (95, 7, 'club_name', 'Ocean Grove');
INSERT INTO report_column_lookup_display (report_column_lookup_display_id, report_column_id, column_display_filter_name, column_display_name) VALUES (96, 8, 'club_name', 'Portarlington');
INSERT INTO report_column_lookup_display (report_column_lookup_display_id, report_column_id, column_display_filter_name, column_display_name) VALUES (97, 9, 'club_name', 'Queenscliff');
INSERT INTO report_column_lookup_display (report_column_lookup_display_id, report_column_id, column_display_filter_name, column_display_name) VALUES (98, 10, 'club_name', 'Torquay');
INSERT INTO report_column_lookup_display (report_column_lookup_display_id, report_column_id, column_display_filter_name, column_display_name) VALUES (99, 11, 'club_name', 'Anakie');
INSERT INTO report_column_lookup_display (report_column_lookup_display_id, report_column_id, column_display_filter_name, column_display_name) VALUES (100, 12, 'club_name', 'Bannockburn');
INSERT INTO report_column_lookup_display (report_column_lookup_display_id, report_column_id, column_display_filter_name, column_display_name) VALUES (101, 13, 'club_name', 'Bell Post Hill');
INSERT INTO report_column_lookup_display (report_column_lookup_display_id, report_column_id, column_display_filter_name, column_display_name) VALUES (102, 14, 'club_name', 'Belmont Lions');
INSERT INTO report_column_lookup_display (report_column_lookup_display_id, report_column_id, column_display_filter_name, column_display_name) VALUES (103, 15, 'club_name', 'Corio');
INSERT INTO report_column_lookup_display (report_column_lookup_display_id, report_column_id, column_display_filter_name, column_display_name) VALUES (104, 16, 'club_name', 'East Geelong');
INSERT INTO report_column_lookup_display (report_column_lookup_display_id, report_column_id, column_display_filter_name, column_display_name) VALUES (105, 17, 'club_name', 'Geelong West');
INSERT INTO report_column_lookup_display (report_column_lookup_display_id, report_column_id, column_display_filter_name, column_display_name) VALUES (106, 18, 'club_name', 'Inverleigh');
INSERT INTO report_column_lookup_display (report_column_lookup_display_id, report_column_id, column_display_filter_name, column_display_name) VALUES (107, 19, 'club_name', 'North Geelong');
INSERT INTO report_column_lookup_display (report_column_lookup_display_id, report_column_id, column_display_filter_name, column_display_name) VALUES (108, 20, 'club_name', 'Thomson');
INSERT INTO report_column_lookup_display (report_column_lookup_display_id, report_column_id, column_display_filter_name, column_display_name) VALUES (109, 21, 'club_name', 'Werribee Centrals');
INSERT INTO report_column_lookup_display (report_column_lookup_display_id, report_column_id, column_display_filter_name, column_display_name) VALUES (110, 22, 'club_name', 'Winchelsea');
INSERT INTO report_column_lookup_display (report_column_lookup_display_id, report_column_id, column_display_filter_name, column_display_name) VALUES (111, 23, 'club_name', 'Bell Park');
INSERT INTO report_column_lookup_display (report_column_lookup_display_id, report_column_id, column_display_filter_name, column_display_name) VALUES (112, 24, 'club_name', 'Colac');
INSERT INTO report_column_lookup_display (report_column_lookup_display_id, report_column_id, column_display_filter_name, column_display_name) VALUES (113, 25, 'club_name', 'Grovedale');
INSERT INTO report_column_lookup_display (report_column_lookup_display_id, report_column_id, column_display_filter_name, column_display_name) VALUES (114, 26, 'club_name', 'Gwsp');
INSERT INTO report_column_lookup_display (report_column_lookup_display_id, report_column_id, column_display_filter_name, column_display_name) VALUES (115, 27, 'club_name', 'Lara');
INSERT INTO report_column_lookup_display (report_column_lookup_display_id, report_column_id, column_display_filter_name, column_display_name) VALUES (116, 28, 'club_name', 'Leopold');
INSERT INTO report_column_lookup_display (report_column_lookup_display_id, report_column_id, column_display_filter_name, column_display_name) VALUES (117, 29, 'club_name', 'Newtown & Chilwell');
INSERT INTO report_column_lookup_display (report_column_lookup_display_id, report_column_id, column_display_filter_name, column_display_name) VALUES (118, 30, 'club_name', 'North Shore');
INSERT INTO report_column_lookup_display (report_column_lookup_display_id, report_column_id, column_display_filter_name, column_display_name) VALUES (119, 31, 'club_name', 'South Barwon');
INSERT INTO report_column_lookup_display (report_column_lookup_display_id, report_column_id, column_display_filter_name, column_display_name) VALUES (120, 32, 'club_name', 'St Albans');
INSERT INTO report_column_lookup_display (report_column_lookup_display_id, report_column_id, column_display_filter_name, column_display_name) VALUES (121, 33, 'club_name', 'St Joseph\'s');
INSERT INTO report_column_lookup_display (report_column_lookup_display_id, report_column_id, column_display_filter_name, column_display_name) VALUES (122, 34, 'club_name', 'St Mary\'s');
INSERT INTO report_column_lookup_display (report_column_lookup_display_id, report_column_id, column_display_filter_name, column_display_name) VALUES (123, 35, 'club_name', 'Anakie');
INSERT INTO report_column_lookup_display (report_column_lookup_display_id, report_column_id, column_display_filter_name, column_display_name) VALUES (124, 36, 'club_name', 'Anglesea');
INSERT INTO report_column_lookup_display (report_column_lookup_display_id, report_column_id, column_display_filter_name, column_display_name) VALUES (125, 37, 'club_name', 'Bannockburn');
INSERT INTO report_column_lookup_display (report_column_lookup_display_id, report_column_id, column_display_filter_name, column_display_name) VALUES (126, 38, 'club_name', 'Barwon Heads');
INSERT INTO report_column_lookup_display (report_column_lookup_display_id, report_column_id, column_display_filter_name, column_display_name) VALUES (127, 39, 'club_name', 'Bell Park');
INSERT INTO report_column_lookup_display (report_column_lookup_display_id, report_column_id, column_display_filter_name, column_display_name) VALUES (128, 40, 'club_name', 'Belmont Lions / Newcomb');
INSERT INTO report_column_lookup_display (report_column_lookup_display_id, report_column_id, column_display_filter_name, column_display_name) VALUES (129, 41, 'club_name', 'Belmont Lions');
INSERT INTO report_column_lookup_display (report_column_lookup_display_id, report_column_id, column_display_filter_name, column_display_name) VALUES (130, 42, 'club_name', 'Colac');
INSERT INTO report_column_lookup_display (report_column_lookup_display_id, report_column_id, column_display_filter_name, column_display_name) VALUES (131, 43, 'club_name', 'Corio');
INSERT INTO report_column_lookup_display (report_column_lookup_display_id, report_column_id, column_display_filter_name, column_display_name) VALUES (132, 44, 'club_name', 'Drysdale Bennett');
INSERT INTO report_column_lookup_display (report_column_lookup_display_id, report_column_id, column_display_filter_name, column_display_name) VALUES (133, 45, 'club_name', 'Drysdale Byrne');
INSERT INTO report_column_lookup_display (report_column_lookup_display_id, report_column_id, column_display_filter_name, column_display_name) VALUES (134, 46, 'club_name', 'Drysdale Eddy');
INSERT INTO report_column_lookup_display (report_column_lookup_display_id, report_column_id, column_display_filter_name, column_display_name) VALUES (135, 47, 'club_name', 'Drysdale Hall');
INSERT INTO report_column_lookup_display (report_column_lookup_display_id, report_column_id, column_display_filter_name, column_display_name) VALUES (136, 48, 'club_name', 'Drysdale Hector');
INSERT INTO report_column_lookup_display (report_column_lookup_display_id, report_column_id, column_display_filter_name, column_display_name) VALUES (137, 49, 'club_name', 'Drysdale');
INSERT INTO report_column_lookup_display (report_column_lookup_display_id, report_column_id, column_display_filter_name, column_display_name) VALUES (138, 50, 'club_name', 'East Geelong');
INSERT INTO report_column_lookup_display (report_column_lookup_display_id, report_column_id, column_display_filter_name, column_display_name) VALUES (139, 51, 'club_name', 'Geelong Amateur');
INSERT INTO report_column_lookup_display (report_column_lookup_display_id, report_column_id, column_display_filter_name, column_display_name) VALUES (140, 52, 'club_name', 'Geelong West St Peters');
INSERT INTO report_column_lookup_display (report_column_lookup_display_id, report_column_id, column_display_filter_name, column_display_name) VALUES (141, 53, 'club_name', 'Grovedale');
INSERT INTO report_column_lookup_display (report_column_lookup_display_id, report_column_id, column_display_filter_name, column_display_name) VALUES (142, 54, 'club_name', 'Gwsp / Bannockburn');
INSERT INTO report_column_lookup_display (report_column_lookup_display_id, report_column_id, column_display_filter_name, column_display_name) VALUES (143, 55, 'club_name', 'Inverleigh');
INSERT INTO report_column_lookup_display (report_column_lookup_display_id, report_column_id, column_display_filter_name, column_display_name) VALUES (144, 56, 'club_name', 'Lara');
INSERT INTO report_column_lookup_display (report_column_lookup_display_id, report_column_id, column_display_filter_name, column_display_name) VALUES (145, 57, 'club_name', 'Leopold');
INSERT INTO report_column_lookup_display (report_column_lookup_display_id, report_column_id, column_display_filter_name, column_display_name) VALUES (146, 58, 'club_name', 'Modewarre');
INSERT INTO report_column_lookup_display (report_column_lookup_display_id, report_column_id, column_display_filter_name, column_display_name) VALUES (147, 59, 'club_name', 'Newcomb');
INSERT INTO report_column_lookup_display (report_column_lookup_display_id, report_column_id, column_display_filter_name, column_display_name) VALUES (148, 60, 'club_name', 'Newtown & Chilwell');
INSERT INTO report_column_lookup_display (report_column_lookup_display_id, report_column_id, column_display_filter_name, column_display_name) VALUES (149, 61, 'club_name', 'North Geelong');
INSERT INTO report_column_lookup_display (report_column_lookup_display_id, report_column_id, column_display_filter_name, column_display_name) VALUES (150, 62, 'club_name', 'North Shore');
INSERT INTO report_column_lookup_display (report_column_lookup_display_id, report_column_id, column_display_filter_name, column_display_name) VALUES (151, 63, 'club_name', 'Ocean Grove');
INSERT INTO report_column_lookup_display (report_column_lookup_display_id, report_column_id, column_display_filter_name, column_display_name) VALUES (152, 64, 'club_name', 'Ogcc');
INSERT INTO report_column_lookup_display (report_column_lookup_display_id, report_column_id, column_display_filter_name, column_display_name) VALUES (153, 65, 'club_name', 'Portarlington');
INSERT INTO report_column_lookup_display (report_column_lookup_display_id, report_column_id, column_display_filter_name, column_display_name) VALUES (154, 66, 'club_name', 'Queenscliff');
INSERT INTO report_column_lookup_display (report_column_lookup_display_id, report_column_id, column_display_filter_name, column_display_name) VALUES (155, 67, 'club_name', 'South Barwon / Geelong Amateur');
INSERT INTO report_column_lookup_display (report_column_lookup_display_id, report_column_id, column_display_filter_name, column_display_name) VALUES (156, 68, 'club_name', 'South Barwon');
INSERT INTO report_column_lookup_display (report_column_lookup_display_id, report_column_id, column_display_filter_name, column_display_name) VALUES (157, 69, 'club_name', 'St Albans Allthorpe');
INSERT INTO report_column_lookup_display (report_column_lookup_display_id, report_column_id, column_display_filter_name, column_display_name) VALUES (158, 70, 'club_name', 'St Albans Reid');
INSERT INTO report_column_lookup_display (report_column_lookup_display_id, report_column_id, column_display_filter_name, column_display_name) VALUES (159, 71, 'club_name', 'St Albans');
INSERT INTO report_column_lookup_display (report_column_lookup_display_id, report_column_id, column_display_filter_name, column_display_name) VALUES (160, 72, 'club_name', 'St Joseph\'s Hill');
INSERT INTO report_column_lookup_display (report_column_lookup_display_id, report_column_id, column_display_filter_name, column_display_name) VALUES (161, 73, 'club_name', 'St Joseph\'s Podbury');
INSERT INTO report_column_lookup_display (report_column_lookup_display_id, report_column_id, column_display_filter_name, column_display_name) VALUES (162, 74, 'club_name', 'St Joseph\'s');
INSERT INTO report_column_lookup_display (report_column_lookup_display_id, report_column_id, column_display_filter_name, column_display_name) VALUES (163, 75, 'club_name', 'St Mary\'s');
INSERT INTO report_column_lookup_display (report_column_lookup_display_id, report_column_id, column_display_filter_name, column_display_name) VALUES (164, 76, 'club_name', 'Tigers Gold');
INSERT INTO report_column_lookup_display (report_column_lookup_display_id, report_column_id, column_display_filter_name, column_display_name) VALUES (165, 77, 'club_name', 'Torquay Bumpstead');
INSERT INTO report_column_lookup_display (report_column_lookup_display_id, report_column_id, column_display_filter_name, column_display_name) VALUES (166, 78, 'club_name', 'Torquay Coles');
INSERT INTO report_column_lookup_display (report_column_lookup_display_id, report_column_id, column_display_filter_name, column_display_name) VALUES (167, 79, 'club_name', 'Torquay Dunstan');
INSERT INTO report_column_lookup_display (report_column_lookup_display_id, report_column_id, column_display_filter_name, column_display_name) VALUES (168, 80, 'club_name', 'Torquay Jones');
INSERT INTO report_column_lookup_display (report_column_lookup_display_id, report_column_id, column_display_filter_name, column_display_name) VALUES (169, 81, 'club_name', 'Torquay Nairn');
INSERT INTO report_column_lookup_display (report_column_lookup_display_id, report_column_id, column_display_filter_name, column_display_name) VALUES (170, 82, 'club_name', 'Torquay Papworth');
INSERT INTO report_column_lookup_display (report_column_lookup_display_id, report_column_id, column_display_filter_name, column_display_name) VALUES (171, 83, 'club_name', 'Torquay Pyers');
INSERT INTO report_column_lookup_display (report_column_lookup_display_id, report_column_id, column_display_filter_name, column_display_name) VALUES (172, 84, 'club_name', 'Torquay Scott');
INSERT INTO report_column_lookup_display (report_column_lookup_display_id, report_column_id, column_display_filter_name, column_display_name) VALUES (173, 85, 'club_name', 'Torquay');
INSERT INTO report_column_lookup_display (report_column_lookup_display_id, report_column_id, column_display_filter_name, column_display_name) VALUES (174, 86, 'club_name', 'Werribee Centrals');
INSERT INTO report_column_lookup_display (report_column_lookup_display_id, report_column_id, column_display_filter_name, column_display_name) VALUES (175, 87, 'club_name', 'Winchelsea / Grovedale');
INSERT INTO report_column_lookup_display (report_column_lookup_display_id, report_column_id, column_display_filter_name, column_display_name) VALUES (176, 88, 'club_name', 'Winchelsea');
INSERT INTO report_column_lookup_display (report_column_lookup_display_id, report_column_id, column_display_filter_name, column_display_name) VALUES (177, 89, 'short_league_name', 'BFL');
INSERT INTO report_column_lookup_display (report_column_lookup_display_id, report_column_id, column_display_filter_name, column_display_name) VALUES (178, 90, 'short_league_name', 'GDFL');
INSERT INTO report_column_lookup_display (report_column_lookup_display_id, report_column_id, column_display_filter_name, column_display_name) VALUES (179, 91, 'short_league_name', 'GFL');
INSERT INTO report_column_lookup_display (report_column_lookup_display_id, report_column_id, column_display_filter_name, column_display_name) VALUES (180, 92, 'short_league_name', '2 Umpires');
INSERT INTO report_column_lookup_display (report_column_lookup_display_id, report_column_id, column_display_filter_name, column_display_name) VALUES (181, 93, 'short_league_name', 'BFL');
INSERT INTO report_column_lookup_display (report_column_lookup_display_id, report_column_id, column_display_filter_name, column_display_name) VALUES (182, 94, 'short_league_name', 'GDFL');
INSERT INTO report_column_lookup_display (report_column_lookup_display_id, report_column_id, column_display_filter_name, column_display_name) VALUES (183, 95, 'short_league_name', 'GFL');
INSERT INTO report_column_lookup_display (report_column_lookup_display_id, report_column_id, column_display_filter_name, column_display_name) VALUES (184, 96, 'short_league_name', 'None');
INSERT INTO report_column_lookup_display (report_column_lookup_display_id, report_column_id, column_display_filter_name, column_display_name) VALUES (185, 97, 'short_league_name', 'None');
INSERT INTO report_column_lookup_display (report_column_lookup_display_id, report_column_id, column_display_filter_name, column_display_name) VALUES (186, 98, 'short_league_name', 'None');
INSERT INTO report_column_lookup_display (report_column_lookup_display_id, report_column_id, column_display_filter_name, column_display_name) VALUES (187, 99, 'short_league_name', 'None');
INSERT INTO report_column_lookup_display (report_column_lookup_display_id, report_column_id, column_display_filter_name, column_display_name) VALUES (188, 100, 'short_league_name', 'None');
INSERT INTO report_column_lookup_display (report_column_lookup_display_id, report_column_id, column_display_filter_name, column_display_name) VALUES (189, 89, 'age_group', 'Seniors');
INSERT INTO report_column_lookup_display (report_column_lookup_display_id, report_column_id, column_display_filter_name, column_display_name) VALUES (190, 90, 'age_group', 'Seniors');
INSERT INTO report_column_lookup_display (report_column_lookup_display_id, report_column_id, column_display_filter_name, column_display_name) VALUES (191, 91, 'age_group', 'Seniors');
INSERT INTO report_column_lookup_display (report_column_lookup_display_id, report_column_id, column_display_filter_name, column_display_name) VALUES (192, 92, 'age_group', 'Seniors');
INSERT INTO report_column_lookup_display (report_column_lookup_display_id, report_column_id, column_display_filter_name, column_display_name) VALUES (193, 93, 'age_group', 'Reserves');
INSERT INTO report_column_lookup_display (report_column_lookup_display_id, report_column_id, column_display_filter_name, column_display_name) VALUES (194, 94, 'age_group', 'Reserves');
INSERT INTO report_column_lookup_display (report_column_lookup_display_id, report_column_id, column_display_filter_name, column_display_name) VALUES (195, 95, 'age_group', 'Reserves');
INSERT INTO report_column_lookup_display (report_column_lookup_display_id, report_column_id, column_display_filter_name, column_display_name) VALUES (196, 96, 'age_group', 'Colts');
INSERT INTO report_column_lookup_display (report_column_lookup_display_id, report_column_id, column_display_filter_name, column_display_name) VALUES (197, 97, 'age_group', 'Under 16');
INSERT INTO report_column_lookup_display (report_column_lookup_display_id, report_column_id, column_display_filter_name, column_display_name) VALUES (198, 98, 'age_group', 'Under 14');
INSERT INTO report_column_lookup_display (report_column_lookup_display_id, report_column_id, column_display_filter_name, column_display_name) VALUES (199, 99, 'age_group', 'Youth Girls');
INSERT INTO report_column_lookup_display (report_column_lookup_display_id, report_column_id, column_display_filter_name, column_display_name) VALUES (200, 100, 'age_group', 'Junior Girls');
INSERT INTO report_column_lookup_display (report_column_lookup_display_id, report_column_id, column_display_filter_name, column_display_name) VALUES (201, 101, 'short_league_name', 'BFL');
INSERT INTO report_column_lookup_display (report_column_lookup_display_id, report_column_id, column_display_filter_name, column_display_name) VALUES (202, 102, 'short_league_name', 'GDFL');
INSERT INTO report_column_lookup_display (report_column_lookup_display_id, report_column_id, column_display_filter_name, column_display_name) VALUES (203, 103, 'short_league_name', 'GFL');
INSERT INTO report_column_lookup_display (report_column_lookup_display_id, report_column_id, column_display_filter_name, column_display_name) VALUES (204, 104, 'short_league_name', 'No.');
INSERT INTO report_column_lookup_display (report_column_lookup_display_id, report_column_id, column_display_filter_name, column_display_name) VALUES (205, 105, 'short_league_name', 'BFL');
INSERT INTO report_column_lookup_display (report_column_lookup_display_id, report_column_id, column_display_filter_name, column_display_name) VALUES (206, 106, 'short_league_name', 'GDFL');
INSERT INTO report_column_lookup_display (report_column_lookup_display_id, report_column_id, column_display_filter_name, column_display_name) VALUES (207, 107, 'short_league_name', 'GFL');
INSERT INTO report_column_lookup_display (report_column_lookup_display_id, report_column_id, column_display_filter_name, column_display_name) VALUES (208, 108, 'short_league_name', 'No.');
INSERT INTO report_column_lookup_display (report_column_lookup_display_id, report_column_id, column_display_filter_name, column_display_name) VALUES (209, 109, 'short_league_name', 'BFL');
INSERT INTO report_column_lookup_display (report_column_lookup_display_id, report_column_id, column_display_filter_name, column_display_name) VALUES (210, 110, 'short_league_name', 'GDFL');
INSERT INTO report_column_lookup_display (report_column_lookup_display_id, report_column_id, column_display_filter_name, column_display_name) VALUES (211, 111, 'short_league_name', 'GFL');
INSERT INTO report_column_lookup_display (report_column_lookup_display_id, report_column_id, column_display_filter_name, column_display_name) VALUES (212, 112, 'short_league_name', 'No.');
INSERT INTO report_column_lookup_display (report_column_lookup_display_id, report_column_id, column_display_filter_name, column_display_name) VALUES (213, 113, 'short_league_name', 'Clubs');
INSERT INTO report_column_lookup_display (report_column_lookup_display_id, report_column_id, column_display_filter_name, column_display_name) VALUES (214, 114, 'short_league_name', 'No.');
INSERT INTO report_column_lookup_display (report_column_lookup_display_id, report_column_id, column_display_filter_name, column_display_name) VALUES (215, 115, 'short_league_name', 'Clubs');
INSERT INTO report_column_lookup_display (report_column_lookup_display_id, report_column_id, column_display_filter_name, column_display_name) VALUES (216, 116, 'short_league_name', 'No.');
INSERT INTO report_column_lookup_display (report_column_lookup_display_id, report_column_id, column_display_filter_name, column_display_name) VALUES (217, 117, 'short_league_name', 'Clubs');
INSERT INTO report_column_lookup_display (report_column_lookup_display_id, report_column_id, column_display_filter_name, column_display_name) VALUES (218, 118, 'short_league_name', 'No.');
INSERT INTO report_column_lookup_display (report_column_lookup_display_id, report_column_id, column_display_filter_name, column_display_name) VALUES (219, 101, 'umpire_type_age_group', 'No Senior Boundary');
INSERT INTO report_column_lookup_display (report_column_lookup_display_id, report_column_id, column_display_filter_name, column_display_name) VALUES (220, 102, 'umpire_type_age_group', 'No Senior Boundary');
INSERT INTO report_column_lookup_display (report_column_lookup_display_id, report_column_id, column_display_filter_name, column_display_name) VALUES (221, 103, 'umpire_type_age_group', 'No Senior Boundary');
INSERT INTO report_column_lookup_display (report_column_lookup_display_id, report_column_id, column_display_filter_name, column_display_name) VALUES (222, 104, 'umpire_type_age_group', 'No Senior Boundary');
INSERT INTO report_column_lookup_display (report_column_lookup_display_id, report_column_id, column_display_filter_name, column_display_name) VALUES (223, 105, 'umpire_type_age_group', 'No Senior Goal');
INSERT INTO report_column_lookup_display (report_column_lookup_display_id, report_column_id, column_display_filter_name, column_display_name) VALUES (224, 106, 'umpire_type_age_group', 'No Senior Goal');
INSERT INTO report_column_lookup_display (report_column_lookup_display_id, report_column_id, column_display_filter_name, column_display_name) VALUES (225, 107, 'umpire_type_age_group', 'No Senior Goal');
INSERT INTO report_column_lookup_display (report_column_lookup_display_id, report_column_id, column_display_filter_name, column_display_name) VALUES (226, 108, 'umpire_type_age_group', 'No Senior Goal');
INSERT INTO report_column_lookup_display (report_column_lookup_display_id, report_column_id, column_display_filter_name, column_display_name) VALUES (227, 109, 'umpire_type_age_group', 'No Reserve Goal');
INSERT INTO report_column_lookup_display (report_column_lookup_display_id, report_column_id, column_display_filter_name, column_display_name) VALUES (228, 110, 'umpire_type_age_group', 'No Reserve Goal');
INSERT INTO report_column_lookup_display (report_column_lookup_display_id, report_column_id, column_display_filter_name, column_display_name) VALUES (229, 111, 'umpire_type_age_group', 'No Reserve Goal');
INSERT INTO report_column_lookup_display (report_column_lookup_display_id, report_column_id, column_display_filter_name, column_display_name) VALUES (230, 112, 'umpire_type_age_group', 'No Reserve Goal');
INSERT INTO report_column_lookup_display (report_column_lookup_display_id, report_column_id, column_display_filter_name, column_display_name) VALUES (231, 113, 'umpire_type_age_group', 'No Colts Field');
INSERT INTO report_column_lookup_display (report_column_lookup_display_id, report_column_id, column_display_filter_name, column_display_name) VALUES (232, 114, 'umpire_type_age_group', 'No Colts Field');
INSERT INTO report_column_lookup_display (report_column_lookup_display_id, report_column_id, column_display_filter_name, column_display_name) VALUES (233, 115, 'umpire_type_age_group', 'No U16 Field');
INSERT INTO report_column_lookup_display (report_column_lookup_display_id, report_column_id, column_display_filter_name, column_display_name) VALUES (234, 116, 'umpire_type_age_group', 'No U16 Field');
INSERT INTO report_column_lookup_display (report_column_lookup_display_id, report_column_id, column_display_filter_name, column_display_name) VALUES (235, 117, 'umpire_type_age_group', 'No U14 Field');
INSERT INTO report_column_lookup_display (report_column_lookup_display_id, report_column_id, column_display_filter_name, column_display_name) VALUES (236, 118, 'umpire_type_age_group', 'No U14 Field');
INSERT INTO report_column_lookup_display (report_column_lookup_display_id, report_column_id, column_display_filter_name, column_display_name) VALUES (237, 119, 'umpire_type', 'Boundary');
INSERT INTO report_column_lookup_display (report_column_lookup_display_id, report_column_id, column_display_filter_name, column_display_name) VALUES (238, 120, 'umpire_type', 'Boundary');
INSERT INTO report_column_lookup_display (report_column_lookup_display_id, report_column_id, column_display_filter_name, column_display_name) VALUES (239, 121, 'umpire_type', 'Boundary');
INSERT INTO report_column_lookup_display (report_column_lookup_display_id, report_column_id, column_display_filter_name, column_display_name) VALUES (240, 122, 'umpire_type', 'Boundary');
INSERT INTO report_column_lookup_display (report_column_lookup_display_id, report_column_id, column_display_filter_name, column_display_name) VALUES (241, 123, 'umpire_type', 'Boundary');
INSERT INTO report_column_lookup_display (report_column_lookup_display_id, report_column_id, column_display_filter_name, column_display_name) VALUES (242, 124, 'umpire_type', 'Boundary');
INSERT INTO report_column_lookup_display (report_column_lookup_display_id, report_column_id, column_display_filter_name, column_display_name) VALUES (243, 125, 'umpire_type', 'Boundary');
INSERT INTO report_column_lookup_display (report_column_lookup_display_id, report_column_id, column_display_filter_name, column_display_name) VALUES (244, 126, 'umpire_type', 'Boundary');
INSERT INTO report_column_lookup_display (report_column_lookup_display_id, report_column_id, column_display_filter_name, column_display_name) VALUES (245, 127, 'umpire_type', 'Boundary');
INSERT INTO report_column_lookup_display (report_column_lookup_display_id, report_column_id, column_display_filter_name, column_display_name) VALUES (246, 128, 'umpire_type', 'Boundary');
INSERT INTO report_column_lookup_display (report_column_lookup_display_id, report_column_id, column_display_filter_name, column_display_name) VALUES (247, 129, 'umpire_type', 'Boundary');
INSERT INTO report_column_lookup_display (report_column_lookup_display_id, report_column_id, column_display_filter_name, column_display_name) VALUES (248, 130, 'umpire_type', 'Field');
INSERT INTO report_column_lookup_display (report_column_lookup_display_id, report_column_id, column_display_filter_name, column_display_name) VALUES (249, 131, 'umpire_type', 'Field');
INSERT INTO report_column_lookup_display (report_column_lookup_display_id, report_column_id, column_display_filter_name, column_display_name) VALUES (250, 132, 'umpire_type', 'Field');
INSERT INTO report_column_lookup_display (report_column_lookup_display_id, report_column_id, column_display_filter_name, column_display_name) VALUES (251, 133, 'umpire_type', 'Field');
INSERT INTO report_column_lookup_display (report_column_lookup_display_id, report_column_id, column_display_filter_name, column_display_name) VALUES (252, 134, 'umpire_type', 'Field');
INSERT INTO report_column_lookup_display (report_column_lookup_display_id, report_column_id, column_display_filter_name, column_display_name) VALUES (253, 135, 'umpire_type', 'Field');
INSERT INTO report_column_lookup_display (report_column_lookup_display_id, report_column_id, column_display_filter_name, column_display_name) VALUES (254, 136, 'umpire_type', 'Field');
INSERT INTO report_column_lookup_display (report_column_lookup_display_id, report_column_id, column_display_filter_name, column_display_name) VALUES (255, 137, 'umpire_type', 'Field');
INSERT INTO report_column_lookup_display (report_column_lookup_display_id, report_column_id, column_display_filter_name, column_display_name) VALUES (256, 138, 'umpire_type', 'Field');
INSERT INTO report_column_lookup_display (report_column_lookup_display_id, report_column_id, column_display_filter_name, column_display_name) VALUES (257, 139, 'umpire_type', 'Field');
INSERT INTO report_column_lookup_display (report_column_lookup_display_id, report_column_id, column_display_filter_name, column_display_name) VALUES (258, 140, 'umpire_type', 'Field');
INSERT INTO report_column_lookup_display (report_column_lookup_display_id, report_column_id, column_display_filter_name, column_display_name) VALUES (259, 141, 'umpire_type', 'Goal');
INSERT INTO report_column_lookup_display (report_column_lookup_display_id, report_column_id, column_display_filter_name, column_display_name) VALUES (260, 142, 'umpire_type', 'Goal');
INSERT INTO report_column_lookup_display (report_column_lookup_display_id, report_column_id, column_display_filter_name, column_display_name) VALUES (261, 143, 'umpire_type', 'Goal');
INSERT INTO report_column_lookup_display (report_column_lookup_display_id, report_column_id, column_display_filter_name, column_display_name) VALUES (262, 144, 'umpire_type', 'Goal');
INSERT INTO report_column_lookup_display (report_column_lookup_display_id, report_column_id, column_display_filter_name, column_display_name) VALUES (263, 145, 'umpire_type', 'Goal');
INSERT INTO report_column_lookup_display (report_column_lookup_display_id, report_column_id, column_display_filter_name, column_display_name) VALUES (264, 146, 'umpire_type', 'Goal');
INSERT INTO report_column_lookup_display (report_column_lookup_display_id, report_column_id, column_display_filter_name, column_display_name) VALUES (265, 147, 'umpire_type', 'Goal');
INSERT INTO report_column_lookup_display (report_column_lookup_display_id, report_column_id, column_display_filter_name, column_display_name) VALUES (266, 148, 'umpire_type', 'Goal');
INSERT INTO report_column_lookup_display (report_column_lookup_display_id, report_column_id, column_display_filter_name, column_display_name) VALUES (267, 149, 'umpire_type', 'Goal');
INSERT INTO report_column_lookup_display (report_column_lookup_display_id, report_column_id, column_display_filter_name, column_display_name) VALUES (268, 150, 'umpire_type', 'Goal');
INSERT INTO report_column_lookup_display (report_column_lookup_display_id, report_column_id, column_display_filter_name, column_display_name) VALUES (269, 151, 'umpire_type', 'Goal');
INSERT INTO report_column_lookup_display (report_column_lookup_display_id, report_column_id, column_display_filter_name, column_display_name) VALUES (270, 119, 'age_group', 'Seniors');
INSERT INTO report_column_lookup_display (report_column_lookup_display_id, report_column_id, column_display_filter_name, column_display_name) VALUES (271, 120, 'age_group', 'Seniors');
INSERT INTO report_column_lookup_display (report_column_lookup_display_id, report_column_id, column_display_filter_name, column_display_name) VALUES (272, 121, 'age_group', 'Seniors');
INSERT INTO report_column_lookup_display (report_column_lookup_display_id, report_column_id, column_display_filter_name, column_display_name) VALUES (273, 122, 'age_group', 'Reserves');
INSERT INTO report_column_lookup_display (report_column_lookup_display_id, report_column_id, column_display_filter_name, column_display_name) VALUES (274, 123, 'age_group', 'Reserves');
INSERT INTO report_column_lookup_display (report_column_lookup_display_id, report_column_id, column_display_filter_name, column_display_name) VALUES (275, 124, 'age_group', 'Reserves');
INSERT INTO report_column_lookup_display (report_column_lookup_display_id, report_column_id, column_display_filter_name, column_display_name) VALUES (276, 125, 'age_group', 'Colts');
INSERT INTO report_column_lookup_display (report_column_lookup_display_id, report_column_id, column_display_filter_name, column_display_name) VALUES (277, 126, 'age_group', 'Under 16');
INSERT INTO report_column_lookup_display (report_column_lookup_display_id, report_column_id, column_display_filter_name, column_display_name) VALUES (278, 127, 'age_group', 'Under 14');
INSERT INTO report_column_lookup_display (report_column_lookup_display_id, report_column_id, column_display_filter_name, column_display_name) VALUES (279, 128, 'age_group', 'Youth Girls');
INSERT INTO report_column_lookup_display (report_column_lookup_display_id, report_column_id, column_display_filter_name, column_display_name) VALUES (280, 129, 'age_group', 'Junior Girls');
INSERT INTO report_column_lookup_display (report_column_lookup_display_id, report_column_id, column_display_filter_name, column_display_name) VALUES (281, 130, 'age_group', 'Seniors');
INSERT INTO report_column_lookup_display (report_column_lookup_display_id, report_column_id, column_display_filter_name, column_display_name) VALUES (282, 131, 'age_group', 'Seniors');
INSERT INTO report_column_lookup_display (report_column_lookup_display_id, report_column_id, column_display_filter_name, column_display_name) VALUES (283, 132, 'age_group', 'Seniors');
INSERT INTO report_column_lookup_display (report_column_lookup_display_id, report_column_id, column_display_filter_name, column_display_name) VALUES (284, 133, 'age_group', 'Reserves');
INSERT INTO report_column_lookup_display (report_column_lookup_display_id, report_column_id, column_display_filter_name, column_display_name) VALUES (285, 134, 'age_group', 'Reserves');
INSERT INTO report_column_lookup_display (report_column_lookup_display_id, report_column_id, column_display_filter_name, column_display_name) VALUES (286, 135, 'age_group', 'Reserves');
INSERT INTO report_column_lookup_display (report_column_lookup_display_id, report_column_id, column_display_filter_name, column_display_name) VALUES (287, 136, 'age_group', 'Colts');
INSERT INTO report_column_lookup_display (report_column_lookup_display_id, report_column_id, column_display_filter_name, column_display_name) VALUES (288, 137, 'age_group', 'Under 16');
INSERT INTO report_column_lookup_display (report_column_lookup_display_id, report_column_id, column_display_filter_name, column_display_name) VALUES (289, 138, 'age_group', 'Under 14');
INSERT INTO report_column_lookup_display (report_column_lookup_display_id, report_column_id, column_display_filter_name, column_display_name) VALUES (290, 139, 'age_group', 'Youth Girls');
INSERT INTO report_column_lookup_display (report_column_lookup_display_id, report_column_id, column_display_filter_name, column_display_name) VALUES (291, 140, 'age_group', 'Junior Girls');
INSERT INTO report_column_lookup_display (report_column_lookup_display_id, report_column_id, column_display_filter_name, column_display_name) VALUES (292, 141, 'age_group', 'Seniors');
INSERT INTO report_column_lookup_display (report_column_lookup_display_id, report_column_id, column_display_filter_name, column_display_name) VALUES (293, 142, 'age_group', 'Seniors');
INSERT INTO report_column_lookup_display (report_column_lookup_display_id, report_column_id, column_display_filter_name, column_display_name) VALUES (294, 143, 'age_group', 'Seniors');
INSERT INTO report_column_lookup_display (report_column_lookup_display_id, report_column_id, column_display_filter_name, column_display_name) VALUES (295, 144, 'age_group', 'Reserves');
INSERT INTO report_column_lookup_display (report_column_lookup_display_id, report_column_id, column_display_filter_name, column_display_name) VALUES (296, 145, 'age_group', 'Reserves');
INSERT INTO report_column_lookup_display (report_column_lookup_display_id, report_column_id, column_display_filter_name, column_display_name) VALUES (297, 146, 'age_group', 'Reserves');
INSERT INTO report_column_lookup_display (report_column_lookup_display_id, report_column_id, column_display_filter_name, column_display_name) VALUES (298, 147, 'age_group', 'Colts');
INSERT INTO report_column_lookup_display (report_column_lookup_display_id, report_column_id, column_display_filter_name, column_display_name) VALUES (299, 148, 'age_group', 'Under 16');
INSERT INTO report_column_lookup_display (report_column_lookup_display_id, report_column_id, column_display_filter_name, column_display_name) VALUES (300, 149, 'age_group', 'Under 14');
INSERT INTO report_column_lookup_display (report_column_lookup_display_id, report_column_id, column_display_filter_name, column_display_name) VALUES (301, 150, 'age_group', 'Youth Girls');
INSERT INTO report_column_lookup_display (report_column_lookup_display_id, report_column_id, column_display_filter_name, column_display_name) VALUES (302, 151, 'age_group', 'Junior Girls');
INSERT INTO report_column_lookup_display (report_column_lookup_display_id, report_column_id, column_display_filter_name, column_display_name) VALUES (303, 119, 'short_league_name', 'BFL');
INSERT INTO report_column_lookup_display (report_column_lookup_display_id, report_column_id, column_display_filter_name, column_display_name) VALUES (304, 120, 'short_league_name', 'GDFL');
INSERT INTO report_column_lookup_display (report_column_lookup_display_id, report_column_id, column_display_filter_name, column_display_name) VALUES (305, 121, 'short_league_name', 'GFL');
INSERT INTO report_column_lookup_display (report_column_lookup_display_id, report_column_id, column_display_filter_name, column_display_name) VALUES (306, 122, 'short_league_name', 'BFL');
INSERT INTO report_column_lookup_display (report_column_lookup_display_id, report_column_id, column_display_filter_name, column_display_name) VALUES (307, 123, 'short_league_name', 'GDFL');
INSERT INTO report_column_lookup_display (report_column_lookup_display_id, report_column_id, column_display_filter_name, column_display_name) VALUES (308, 124, 'short_league_name', 'GFL');
INSERT INTO report_column_lookup_display (report_column_lookup_display_id, report_column_id, column_display_filter_name, column_display_name) VALUES (309, 125, 'short_league_name', 'None');
INSERT INTO report_column_lookup_display (report_column_lookup_display_id, report_column_id, column_display_filter_name, column_display_name) VALUES (310, 126, 'short_league_name', 'None');
INSERT INTO report_column_lookup_display (report_column_lookup_display_id, report_column_id, column_display_filter_name, column_display_name) VALUES (311, 127, 'short_league_name', 'None');
INSERT INTO report_column_lookup_display (report_column_lookup_display_id, report_column_id, column_display_filter_name, column_display_name) VALUES (312, 128, 'short_league_name', 'None');
INSERT INTO report_column_lookup_display (report_column_lookup_display_id, report_column_id, column_display_filter_name, column_display_name) VALUES (313, 129, 'short_league_name', 'None');
INSERT INTO report_column_lookup_display (report_column_lookup_display_id, report_column_id, column_display_filter_name, column_display_name) VALUES (314, 130, 'short_league_name', 'BFL');
INSERT INTO report_column_lookup_display (report_column_lookup_display_id, report_column_id, column_display_filter_name, column_display_name) VALUES (315, 131, 'short_league_name', 'GDFL');
INSERT INTO report_column_lookup_display (report_column_lookup_display_id, report_column_id, column_display_filter_name, column_display_name) VALUES (316, 132, 'short_league_name', 'GFL');
INSERT INTO report_column_lookup_display (report_column_lookup_display_id, report_column_id, column_display_filter_name, column_display_name) VALUES (317, 133, 'short_league_name', 'BFL');
INSERT INTO report_column_lookup_display (report_column_lookup_display_id, report_column_id, column_display_filter_name, column_display_name) VALUES (318, 134, 'short_league_name', 'GDFL');
INSERT INTO report_column_lookup_display (report_column_lookup_display_id, report_column_id, column_display_filter_name, column_display_name) VALUES (319, 135, 'short_league_name', 'GFL');
INSERT INTO report_column_lookup_display (report_column_lookup_display_id, report_column_id, column_display_filter_name, column_display_name) VALUES (320, 136, 'short_league_name', 'None');
INSERT INTO report_column_lookup_display (report_column_lookup_display_id, report_column_id, column_display_filter_name, column_display_name) VALUES (321, 137, 'short_league_name', 'None');
INSERT INTO report_column_lookup_display (report_column_lookup_display_id, report_column_id, column_display_filter_name, column_display_name) VALUES (322, 138, 'short_league_name', 'None');
INSERT INTO report_column_lookup_display (report_column_lookup_display_id, report_column_id, column_display_filter_name, column_display_name) VALUES (323, 139, 'short_league_name', 'None');
INSERT INTO report_column_lookup_display (report_column_lookup_display_id, report_column_id, column_display_filter_name, column_display_name) VALUES (324, 140, 'short_league_name', 'None');
INSERT INTO report_column_lookup_display (report_column_lookup_display_id, report_column_id, column_display_filter_name, column_display_name) VALUES (325, 141, 'short_league_name', 'BFL');
INSERT INTO report_column_lookup_display (report_column_lookup_display_id, report_column_id, column_display_filter_name, column_display_name) VALUES (326, 142, 'short_league_name', 'GDFL');
INSERT INTO report_column_lookup_display (report_column_lookup_display_id, report_column_id, column_display_filter_name, column_display_name) VALUES (327, 143, 'short_league_name', 'GFL');
INSERT INTO report_column_lookup_display (report_column_lookup_display_id, report_column_id, column_display_filter_name, column_display_name) VALUES (328, 144, 'short_league_name', 'BFL');
INSERT INTO report_column_lookup_display (report_column_lookup_display_id, report_column_id, column_display_filter_name, column_display_name) VALUES (329, 145, 'short_league_name', 'GDFL');
INSERT INTO report_column_lookup_display (report_column_lookup_display_id, report_column_id, column_display_filter_name, column_display_name) VALUES (330, 146, 'short_league_name', 'GFL');
INSERT INTO report_column_lookup_display (report_column_lookup_display_id, report_column_id, column_display_filter_name, column_display_name) VALUES (331, 147, 'short_league_name', 'None');
INSERT INTO report_column_lookup_display (report_column_lookup_display_id, report_column_id, column_display_filter_name, column_display_name) VALUES (332, 148, 'short_league_name', 'None');
INSERT INTO report_column_lookup_display (report_column_lookup_display_id, report_column_id, column_display_filter_name, column_display_name) VALUES (333, 149, 'short_league_name', 'None');
INSERT INTO report_column_lookup_display (report_column_lookup_display_id, report_column_id, column_display_filter_name, column_display_name) VALUES (334, 150, 'short_league_name', 'None');
INSERT INTO report_column_lookup_display (report_column_lookup_display_id, report_column_id, column_display_filter_name, column_display_name) VALUES (335, 151, 'short_league_name', 'None');
INSERT INTO report_column_lookup_display (report_column_lookup_display_id, report_column_id, column_display_filter_name, column_display_name) VALUES (336, 152, 'short_league_name', 'BFL');
INSERT INTO report_column_lookup_display (report_column_lookup_display_id, report_column_id, column_display_filter_name, column_display_name) VALUES (337, 153, 'short_league_name', 'GDFL');
INSERT INTO report_column_lookup_display (report_column_lookup_display_id, report_column_id, column_display_filter_name, column_display_name) VALUES (338, 154, 'short_league_name', 'GFL');
INSERT INTO report_column_lookup_display (report_column_lookup_display_id, report_column_id, column_display_filter_name, column_display_name) VALUES (339, 155, 'short_league_name', 'None');
INSERT INTO report_column_lookup_display (report_column_lookup_display_id, report_column_id, column_display_filter_name, column_display_name) VALUES (340, 156, 'short_league_name', 'Total');
