INSERT INTO `umpire`.`age_group` (`ID`, `age_group`) VALUES ('1', 'Seniors');
INSERT INTO `umpire`.`age_group` (`ID`, `age_group`) VALUES ('2', 'Reserves');
INSERT INTO `umpire`.`age_group` (`ID`, `age_group`) VALUES ('3', 'Colts');
INSERT INTO `umpire`.`age_group` (`ID`, `age_group`) VALUES ('4', 'Under 16');
INSERT INTO `umpire`.`age_group` (`ID`, `age_group`) VALUES ('5', 'Under 14');
INSERT INTO `umpire`.`age_group` (`ID`, `age_group`) VALUES ('6', 'Youth Girls');
INSERT INTO `umpire`.`age_group` (`ID`, `age_group`) VALUES ('7', 'Junior Girls');



INSERT INTO `umpire`.`division` (`ID`, `division_name`) VALUES ('4', 'None');
INSERT INTO `umpire`.`division` (`ID`, `division_name`) VALUES ('5', 'Grading');
INSERT INTO `umpire`.`division` (`ID`, `division_name`) VALUES ('6', 'Practice');
INSERT INTO `umpire`.`division` (`ID`, `division_name`) VALUES ('7', 'Div 1');
INSERT INTO `umpire`.`division` (`ID`, `division_name`) VALUES ('8', 'Div 2');
INSERT INTO `umpire`.`division` (`ID`, `division_name`) VALUES ('9', 'Div 3');
INSERT INTO `umpire`.`division` (`ID`, `division_name`) VALUES ('10', 'Div 4');
INSERT INTO `umpire`.`division` (`ID`, `division_name`) VALUES ('11', 'Div 5');
INSERT INTO `umpire`.`division` (`ID`, `division_name`) VALUES ('12', 'Div 6');



INSERT INTO `umpire`.`age_group_division` (`ID`, `age_group_id`, `division_id`) VALUES ('1', '1', '4');
INSERT INTO `umpire`.`age_group_division` (`ID`, `age_group_id`, `division_id`) VALUES ('2', '2', '4');
INSERT INTO `umpire`.`age_group_division` (`ID`, `age_group_id`, `division_id`) VALUES ('3', '3', '5');
INSERT INTO `umpire`.`age_group_division` (`ID`, `age_group_id`, `division_id`) VALUES ('4', '3', '6');
INSERT INTO `umpire`.`age_group_division` (`ID`, `age_group_id`, `division_id`) VALUES ('5', '4', '5');
INSERT INTO `umpire`.`age_group_division` (`ID`, `age_group_id`, `division_id`) VALUES ('6', '5', '5');
INSERT INTO `umpire`.`age_group_division` (`ID`, `age_group_id`, `division_id`) VALUES ('7', '4', '7');
INSERT INTO `umpire`.`age_group_division` (`ID`, `age_group_id`, `division_id`) VALUES ('8', '4', '8');
INSERT INTO `umpire`.`age_group_division` (`ID`, `age_group_id`, `division_id`) VALUES ('9', '4', '9');
INSERT INTO `umpire`.`age_group_division` (`ID`, `age_group_id`, `division_id`) VALUES ('10', '4', '10');
INSERT INTO `umpire`.`age_group_division` (`ID`, `age_group_id`, `division_id`) VALUES ('11', '4', '11');
INSERT INTO `umpire`.`age_group_division` (`ID`, `age_group_id`, `division_id`) VALUES ('12', '5', '7');
INSERT INTO `umpire`.`age_group_division` (`ID`, `age_group_id`, `division_id`) VALUES ('13', '5', '8');
INSERT INTO `umpire`.`age_group_division` (`ID`, `age_group_id`, `division_id`) VALUES ('14', '5', '9');
INSERT INTO `umpire`.`age_group_division` (`ID`, `age_group_id`, `division_id`) VALUES ('15', '5', '10');
INSERT INTO `umpire`.`age_group_division` (`ID`, `age_group_id`, `division_id`) VALUES ('16', '5', '11');
INSERT INTO `umpire`.`age_group_division` (`ID`, `age_group_id`, `division_id`) VALUES ('17', '5', '12');
INSERT INTO `umpire`.`age_group_division` (`ID`, `age_group_id`, `division_id`) VALUES ('18', '6', '4');
INSERT INTO `umpire`.`age_group_division` (`ID`, `age_group_id`, `division_id`) VALUES ('19', '7', '4');
INSERT INTO `umpire`.`age_group_division` (`ID`, `age_group_id`, `division_id`) VALUES ('20', '3', '7');
INSERT INTO `umpire`.`age_group_division` (`ID`, `age_group_id`, `division_id`) VALUES ('21', '3', '8');
INSERT INTO `umpire`.`age_group_division` (`ID`, `age_group_id`, `division_id`) VALUES ('22', '3', '9');
INSERT INTO `umpire`.`age_group_division` (`ID`, `age_group_id`, `division_id`) VALUES ('23', '3', '10');



INSERT INTO `umpire`.`league` (`ID`, `league_name`, `sponsored_league_name`, `short_league_name`, `age_group_division_id`) VALUES ('3', 'AFL Barwon Blood Toyota Geelong FNL', 'AFL Barwon Blood Toyota Geelong FNL', 'GFL', '1');
INSERT INTO `umpire`.`league` (`ID`, `league_name`, `sponsored_league_name`, `short_league_name`, `age_group_division_id`) VALUES ('4', 'AFL Barwon Buckleys Entertainment Centre Geelong FNL', 'AFL Barwon Buckleys Entertainment Centre Geelong FNL', 'GFL', '2');
INSERT INTO `umpire`.`league` (`ID`, `league_name`, `sponsored_league_name`, `short_league_name`, `age_group_division_id`) VALUES ('5', 'AFL Barwon Dow Bellarine FNL', 'AFL Barwon Dow Bellarine FNL', 'BFL', '1');
INSERT INTO `umpire`.`league` (`ID`, `league_name`, `sponsored_league_name`, `short_league_name`, `age_group_division_id`) VALUES ('6', 'AFL Barwon Buckleys Entertainment Centre Bellarine FNL', 'AFL Barwon Buckleys Entertainment Centre Bellarine FNL', 'BFL', '2');
INSERT INTO `umpire`.`league` (`ID`, `league_name`, `sponsored_league_name`, `short_league_name`, `age_group_division_id`) VALUES ('7', 'AFL Barwon', 'AFL Barwon', 'None', '3');
INSERT INTO `umpire`.`league` (`ID`, `league_name`, `sponsored_league_name`, `short_league_name`, `age_group_division_id`) VALUES ('8', 'AFL Barwon', 'AFL Barwon', 'None', '4');
INSERT INTO `umpire`.`league` (`ID`, `league_name`, `sponsored_league_name`, `short_league_name`, `age_group_division_id`) VALUES ('9', 'GDFL Smiths Holden Cup', 'GDFL Smiths Holden Cup', 'GDFL', '1');
INSERT INTO `umpire`.`league` (`ID`, `league_name`, `sponsored_league_name`, `short_league_name`, `age_group_division_id`) VALUES ('10', 'GDFL Buckleys Cup', 'GDFL Buckleys Cup', 'GDFL', '2');
INSERT INTO `umpire`.`league` (`ID`, `league_name`, `sponsored_league_name`, `short_league_name`, `age_group_division_id`) VALUES ('11', 'AFL Barwon', 'AFL Barwon', 'None', '5');
INSERT INTO `umpire`.`league` (`ID`, `league_name`, `sponsored_league_name`, `short_league_name`, `age_group_division_id`) VALUES ('12', 'AFL Barwon', 'AFL Barwon', 'None', '6');
INSERT INTO `umpire`.`league` (`ID`, `league_name`, `sponsored_league_name`, `short_league_name`, `age_group_division_id`) VALUES ('13', 'AFL Barwon Buckley\'s Cup', 'AFL Barwon Buckley\'s Cup', 'None', '7');
INSERT INTO `umpire`.`league` (`ID`, `league_name`, `sponsored_league_name`, `short_league_name`, `age_group_division_id`) VALUES ('14', 'AFL Barwon Home Hardware Cup', 'AFL Barwon Home Hardware Cup', 'None', '8');
INSERT INTO `umpire`.`league` (`ID`, `league_name`, `sponsored_league_name`, `short_league_name`, `age_group_division_id`) VALUES ('15', 'AFL Barwon Geelong Advertiser Cup', 'AFL Barwon Geelong Advertiser Cup', 'None', '9');
INSERT INTO `umpire`.`league` (`ID`, `league_name`, `sponsored_league_name`, `short_league_name`, `age_group_division_id`) VALUES ('16', 'AFL Barwon Geelong Tech Centre Cup', 'AFL Barwon Geelong Tech Centre Cup', 'None', '10');
INSERT INTO `umpire`.`league` (`ID`, `league_name`, `sponsored_league_name`, `short_league_name`, `age_group_division_id`) VALUES ('17', 'AFL Barwon Coca Cola Cup', 'AFL Barwon Coca Cola Cup', 'None', '11');
INSERT INTO `umpire`.`league` (`ID`, `league_name`, `sponsored_league_name`, `short_league_name`, `age_group_division_id`) VALUES ('18', 'AFL Barwon Kempe Cup', 'AFL Barwon Kempe Cup', 'None', '12');
INSERT INTO `umpire`.`league` (`ID`, `league_name`, `sponsored_league_name`, `short_league_name`, `age_group_division_id`) VALUES ('19', 'AFL Barwon Buckley\'s Cup', 'AFL Barwon Buckley\'s Cup', 'None', '13');
INSERT INTO `umpire`.`league` (`ID`, `league_name`, `sponsored_league_name`, `short_league_name`, `age_group_division_id`) VALUES ('20', 'AFL Barwon GMHBA Cup', 'AFL Barwon GMHBA Cup', 'None', '14');
INSERT INTO `umpire`.`league` (`ID`, `league_name`, `sponsored_league_name`, `short_league_name`, `age_group_division_id`) VALUES ('21', 'AFL Barwon Supatramp Cup', 'AFL Barwon Supatramp Cup', 'None', '15');
INSERT INTO `umpire`.`league` (`ID`, `league_name`, `sponsored_league_name`, `short_league_name`, `age_group_division_id`) VALUES ('22', 'AFL Barwon Geelong Advertiser Cup', 'AFL Barwon Geelong Advertiser Cup', 'None', '16');
INSERT INTO `umpire`.`league` (`ID`, `league_name`, `sponsored_league_name`, `short_league_name`, `age_group_division_id`) VALUES ('23', 'AFL Barwon Red Onion Cup', 'AFL Barwon Red Onion Cup', 'None', '17');
INSERT INTO `umpire`.`league` (`ID`, `league_name`, `sponsored_league_name`, `short_league_name`, `age_group_division_id`) VALUES ('24', 'AFL Barwon', 'AFL Barwon', 'None', '18');
INSERT INTO `umpire`.`league` (`ID`, `league_name`, `sponsored_league_name`, `short_league_name`, `age_group_division_id`) VALUES ('25', 'AFL Barwon', 'AFL Barwon', 'None', '19');
INSERT INTO `umpire`.`league` (`ID`, `league_name`, `sponsored_league_name`, `short_league_name`, `age_group_division_id`) VALUES ('26', 'AFL Barwon KRock Cup', 'AFL Barwon KRock Cup', 'None', '20');
INSERT INTO `umpire`.`league` (`ID`, `league_name`, `sponsored_league_name`, `short_league_name`, `age_group_division_id`) VALUES ('27', 'AFL Barwon Bendigo Bank Cup', 'AFL Barwon Bendigo Bank Cup', 'None', '21');
INSERT INTO `umpire`.`league` (`ID`, `league_name`, `sponsored_league_name`, `short_league_name`, `age_group_division_id`) VALUES ('28', 'AFL Barwon Corio Bay Health Group Cup', 'AFL Barwon Corio Bay Health Group Cup', 'None', '22');
INSERT INTO `umpire`.`league` (`ID`, `league_name`, `sponsored_league_name`, `short_league_name`, `age_group_division_id`) VALUES ('29', 'AFL Barwon Corio Bay Health Group Cup', 'AFL Barwon Corio Bay Health Group Cup', 'None', '23');



INSERT INTO `umpire`.`season` (`ID`, `season_year`) VALUES ('1', '2015');



INSERT INTO `umpire`.`competition_lookup` (`ID`, `competition_name`, `season_id`, `league_id`) VALUES ('1', 'AFL Barwon - 2015 Blood Toyota Geelong FNL Seniors', '1', '3');
INSERT INTO `umpire`.`competition_lookup` (`ID`, `competition_name`, `season_id`, `league_id`) VALUES ('2', 'AFL Barwon - 2015 Buckleys Entertainment Centre Geelong FNL Reserves', '1', '4');
INSERT INTO `umpire`.`competition_lookup` (`ID`, `competition_name`, `season_id`, `league_id`) VALUES ('3', 'AFL Barwon - 2015 Dow Bellarine FNL Seniors', '1', '5');
INSERT INTO `umpire`.`competition_lookup` (`ID`, `competition_name`, `season_id`, `league_id`) VALUES ('4', 'AFL Barwon - 2015 Buckleys Entertainment Centre Bellarine FNL Reserves', '1', '6');
INSERT INTO `umpire`.`competition_lookup` (`ID`, `competition_name`, `season_id`, `league_id`) VALUES ('5', 'AFL Barwon - 2015 Colts Grading', '1', '7');
INSERT INTO `umpire`.`competition_lookup` (`ID`, `competition_name`, `season_id`, `league_id`) VALUES ('6', 'AFL Barwon - 2015 Colts Practice Matches', '1', '8');
INSERT INTO `umpire`.`competition_lookup` (`ID`, `competition_name`, `season_id`, `league_id`) VALUES ('7', 'GDFL - SMITHS HOLDEN CUP - SENIORS  2015', '1', '9');
INSERT INTO `umpire`.`competition_lookup` (`ID`, `competition_name`, `season_id`, `league_id`) VALUES ('8', 'GDFL - BUCKLEYS CUP- RESERVES 2015', '1', '10');
INSERT INTO `umpire`.`competition_lookup` (`ID`, `competition_name`, `season_id`, `league_id`) VALUES ('9', 'AFL Barwon - 2015 Under 16 Grading', '1', '11');
INSERT INTO `umpire`.`competition_lookup` (`ID`, `competition_name`, `season_id`, `league_id`) VALUES ('10', 'AFL Barwon - 2015 Under 14 Grading', '1', '12');
INSERT INTO `umpire`.`competition_lookup` (`ID`, `competition_name`, `season_id`, `league_id`) VALUES ('11', 'AFL Barwon - 2015 Under 16 Div 1 Buckley\'s Cup', '1', '13');
INSERT INTO `umpire`.`competition_lookup` (`ID`, `competition_name`, `season_id`, `league_id`) VALUES ('12', 'AFL Barwon - 2015 Under 16 Div 2 Home Hardware Cup', '1', '14');
INSERT INTO `umpire`.`competition_lookup` (`ID`, `competition_name`, `season_id`, `league_id`) VALUES ('13', 'AFL Barwon - 2015 Under 16 Div 3 Geelong Advertiser Cup', '1', '15');
INSERT INTO `umpire`.`competition_lookup` (`ID`, `competition_name`, `season_id`, `league_id`) VALUES ('14', 'AFL Barwon - 2015 Under 16 Div 4 Geelong Tech Centre Cup', '1', '16');
INSERT INTO `umpire`.`competition_lookup` (`ID`, `competition_name`, `season_id`, `league_id`) VALUES ('15', 'AFL Barwon - 2015 Under 16 Div 5 Coca Cola Cup', '1', '17');
INSERT INTO `umpire`.`competition_lookup` (`ID`, `competition_name`, `season_id`, `league_id`) VALUES ('16', 'AFL Barwon - 2015 Under 14 Div 1 Kempe Cup', '1', '18');
INSERT INTO `umpire`.`competition_lookup` (`ID`, `competition_name`, `season_id`, `league_id`) VALUES ('17', 'AFL Barwon - 2015 Under 14 Div 2 Buckley\'s Cup', '1', '19');
INSERT INTO `umpire`.`competition_lookup` (`ID`, `competition_name`, `season_id`, `league_id`) VALUES ('18', 'AFL Barwon - 2015 Under 14 Div 3 GMHBA Cup', '1', '20');
INSERT INTO `umpire`.`competition_lookup` (`ID`, `competition_name`, `season_id`, `league_id`) VALUES ('19', 'AFL Barwon - 2015 Under 14 Div 4 Supatramp Cup', '1', '21');
INSERT INTO `umpire`.`competition_lookup` (`ID`, `competition_name`, `season_id`, `league_id`) VALUES ('20', 'AFL Barwon - 2015 Under 14 Div 5 Geelong Advertiser Cup', '1', '22');
INSERT INTO `umpire`.`competition_lookup` (`ID`, `competition_name`, `season_id`, `league_id`) VALUES ('21', 'AFL Barwon - 2015 Under 14 Div 6 Red Onion Cup', '1', '23');
INSERT INTO `umpire`.`competition_lookup` (`ID`, `competition_name`, `season_id`, `league_id`) VALUES ('22', 'AFL Barwon - 2015 Youth Girls', '1', '24');
INSERT INTO `umpire`.`competition_lookup` (`ID`, `competition_name`, `season_id`, `league_id`) VALUES ('23', 'AFL Barwon - 2015 Junior Girls', '1', '25');
INSERT INTO `umpire`.`competition_lookup` (`ID`, `competition_name`, `season_id`, `league_id`) VALUES ('24', 'AFL Barwon - 2015 Colts Div 1 KRock Cup', '1', '26');
INSERT INTO `umpire`.`competition_lookup` (`ID`, `competition_name`, `season_id`, `league_id`) VALUES ('25', 'AFL Barwon - 2015 Colts Div 2 Bendigo Bank Cup', '1', '27');
INSERT INTO `umpire`.`competition_lookup` (`ID`, `competition_name`, `season_id`, `league_id`) VALUES ('26', 'AFL Barwon - 2015 Colts Div 3 Corio Bay Health Group Cup', '1', '28');
INSERT INTO `umpire`.`competition_lookup` (`ID`, `competition_name`, `season_id`, `league_id`) VALUES ('27', 'AFL Barwon - 2015 Colts Div 4 Corio Bay Health Group Cup', '1', '29');



INSERT INTO `umpire`.`round` (`ID`, `round_number`, `round_date`, `season_id`, `league_id`) VALUES ('2064', '1', '2015-4-4', '1', '5');
INSERT INTO `umpire`.`round` (`ID`, `round_number`, `round_date`, `season_id`, `league_id`) VALUES ('2065', '1', '2015-4-4', '1', '6');
INSERT INTO `umpire`.`round` (`ID`, `round_number`, `round_date`, `season_id`, `league_id`) VALUES ('2066', '1', '2015-9-5', '1', '3');
INSERT INTO `umpire`.`round` (`ID`, `round_number`, `round_date`, `season_id`, `league_id`) VALUES ('2067', '1', '2015-9-5', '1', '4');
INSERT INTO `umpire`.`round` (`ID`, `round_number`, `round_date`, `season_id`, `league_id`) VALUES ('2068', '1', '2015-9-5', '1', '26');
INSERT INTO `umpire`.`round` (`ID`, `round_number`, `round_date`, `season_id`, `league_id`) VALUES ('2069', '1', '2015-9-6', '1', '3');
INSERT INTO `umpire`.`round` (`ID`, `round_number`, `round_date`, `season_id`, `league_id`) VALUES ('2070', '1', '2015-9-6', '1', '4');
INSERT INTO `umpire`.`round` (`ID`, `round_number`, `round_date`, `season_id`, `league_id`) VALUES ('2071', '1', '2015-9-6', '1', '26');
INSERT INTO `umpire`.`round` (`ID`, `round_number`, `round_date`, `season_id`, `league_id`) VALUES ('2072', '1', '2015-5-9', '1', '13');
INSERT INTO `umpire`.`round` (`ID`, `round_number`, `round_date`, `season_id`, `league_id`) VALUES ('2073', '1', '2015-5-9', '1', '14');
INSERT INTO `umpire`.`round` (`ID`, `round_number`, `round_date`, `season_id`, `league_id`) VALUES ('2074', '1', '2015-5-9', '1', '15');
INSERT INTO `umpire`.`round` (`ID`, `round_number`, `round_date`, `season_id`, `league_id`) VALUES ('2075', '1', '2015-5-9', '1', '16');
INSERT INTO `umpire`.`round` (`ID`, `round_number`, `round_date`, `season_id`, `league_id`) VALUES ('2076', '1', '2015-5-9', '1', '17');
INSERT INTO `umpire`.`round` (`ID`, `round_number`, `round_date`, `season_id`, `league_id`) VALUES ('2077', '1', '2015-5-9', '1', '18');
INSERT INTO `umpire`.`round` (`ID`, `round_number`, `round_date`, `season_id`, `league_id`) VALUES ('2078', '1', '2015-5-9', '1', '19');
INSERT INTO `umpire`.`round` (`ID`, `round_number`, `round_date`, `season_id`, `league_id`) VALUES ('2079', '1', '2015-5-9', '1', '20');
INSERT INTO `umpire`.`round` (`ID`, `round_number`, `round_date`, `season_id`, `league_id`) VALUES ('2080', '1', '2015-5-9', '1', '21');
INSERT INTO `umpire`.`round` (`ID`, `round_number`, `round_date`, `season_id`, `league_id`) VALUES ('2081', '1', '2015-5-9', '1', '22');
INSERT INTO `umpire`.`round` (`ID`, `round_number`, `round_date`, `season_id`, `league_id`) VALUES ('2082', '1', '2015-5-9', '1', '23');
INSERT INTO `umpire`.`round` (`ID`, `round_number`, `round_date`, `season_id`, `league_id`) VALUES ('2083', '1', '2015-4-10', '1', '9');
INSERT INTO `umpire`.`round` (`ID`, `round_number`, `round_date`, `season_id`, `league_id`) VALUES ('2084', '1', '2015-4-10', '1', '10');
INSERT INTO `umpire`.`round` (`ID`, `round_number`, `round_date`, `season_id`, `league_id`) VALUES ('2085', '1', '2015-4-10', '1', '12');
INSERT INTO `umpire`.`round` (`ID`, `round_number`, `round_date`, `season_id`, `league_id`) VALUES ('2086', '1', '2015-5-10', '1', '14');
INSERT INTO `umpire`.`round` (`ID`, `round_number`, `round_date`, `season_id`, `league_id`) VALUES ('2087', '1', '2015-5-10', '1', '15');
INSERT INTO `umpire`.`round` (`ID`, `round_number`, `round_date`, `season_id`, `league_id`) VALUES ('2088', '1', '2015-5-10', '1', '16');
INSERT INTO `umpire`.`round` (`ID`, `round_number`, `round_date`, `season_id`, `league_id`) VALUES ('2089', '1', '2015-5-10', '1', '17');
INSERT INTO `umpire`.`round` (`ID`, `round_number`, `round_date`, `season_id`, `league_id`) VALUES ('2090', '1', '2015-5-10', '1', '18');
INSERT INTO `umpire`.`round` (`ID`, `round_number`, `round_date`, `season_id`, `league_id`) VALUES ('2091', '1', '2015-5-10', '1', '19');
INSERT INTO `umpire`.`round` (`ID`, `round_number`, `round_date`, `season_id`, `league_id`) VALUES ('2092', '1', '2015-5-10', '1', '20');
INSERT INTO `umpire`.`round` (`ID`, `round_number`, `round_date`, `season_id`, `league_id`) VALUES ('2093', '1', '2015-5-10', '1', '21');
INSERT INTO `umpire`.`round` (`ID`, `round_number`, `round_date`, `season_id`, `league_id`) VALUES ('2094', '1', '2015-5-10', '1', '23');
INSERT INTO `umpire`.`round` (`ID`, `round_number`, `round_date`, `season_id`, `league_id`) VALUES ('2095', '1', '2015-4-11', '1', '3');
INSERT INTO `umpire`.`round` (`ID`, `round_number`, `round_date`, `season_id`, `league_id`) VALUES ('2096', '1', '2015-4-11', '1', '4');
INSERT INTO `umpire`.`round` (`ID`, `round_number`, `round_date`, `season_id`, `league_id`) VALUES ('2097', '1', '2015-4-11', '1', '7');
INSERT INTO `umpire`.`round` (`ID`, `round_number`, `round_date`, `season_id`, `league_id`) VALUES ('2098', '1', '2015-4-11', '1', '9');
INSERT INTO `umpire`.`round` (`ID`, `round_number`, `round_date`, `season_id`, `league_id`) VALUES ('2099', '1', '2015-4-11', '1', '10');
INSERT INTO `umpire`.`round` (`ID`, `round_number`, `round_date`, `season_id`, `league_id`) VALUES ('2100', '1', '2015-4-11', '1', '11');
INSERT INTO `umpire`.`round` (`ID`, `round_number`, `round_date`, `season_id`, `league_id`) VALUES ('2101', '1', '2015-4-11', '1', '12');
INSERT INTO `umpire`.`round` (`ID`, `round_number`, `round_date`, `season_id`, `league_id`) VALUES ('2102', '1', '2015-4-12', '1', '7');
INSERT INTO `umpire`.`round` (`ID`, `round_number`, `round_date`, `season_id`, `league_id`) VALUES ('2103', '1', '2015-4-12', '1', '11');
INSERT INTO `umpire`.`round` (`ID`, `round_number`, `round_date`, `season_id`, `league_id`) VALUES ('2104', '1', '2015-4-12', '1', '12');
INSERT INTO `umpire`.`round` (`ID`, `round_number`, `round_date`, `season_id`, `league_id`) VALUES ('2105', '1', '2015-8-15', '1', '14');
INSERT INTO `umpire`.`round` (`ID`, `round_number`, `round_date`, `season_id`, `league_id`) VALUES ('2106', '1', '2015-8-15', '1', '15');
INSERT INTO `umpire`.`round` (`ID`, `round_number`, `round_date`, `season_id`, `league_id`) VALUES ('2107', '1', '2015-8-15', '1', '16');
INSERT INTO `umpire`.`round` (`ID`, `round_number`, `round_date`, `season_id`, `league_id`) VALUES ('2108', '1', '2015-8-15', '1', '17');
INSERT INTO `umpire`.`round` (`ID`, `round_number`, `round_date`, `season_id`, `league_id`) VALUES ('2109', '1', '2015-8-15', '1', '18');
INSERT INTO `umpire`.`round` (`ID`, `round_number`, `round_date`, `season_id`, `league_id`) VALUES ('2110', '1', '2015-8-15', '1', '19');
INSERT INTO `umpire`.`round` (`ID`, `round_number`, `round_date`, `season_id`, `league_id`) VALUES ('2111', '1', '2015-8-15', '1', '21');
INSERT INTO `umpire`.`round` (`ID`, `round_number`, `round_date`, `season_id`, `league_id`) VALUES ('2112', '1', '2015-8-15', '1', '23');
INSERT INTO `umpire`.`round` (`ID`, `round_number`, `round_date`, `season_id`, `league_id`) VALUES ('2113', '1', '2015-5-16', '1', '26');
INSERT INTO `umpire`.`round` (`ID`, `round_number`, `round_date`, `season_id`, `league_id`) VALUES ('2114', '1', '2015-5-16', '1', '27');
INSERT INTO `umpire`.`round` (`ID`, `round_number`, `round_date`, `season_id`, `league_id`) VALUES ('2115', '1', '2015-5-16', '1', '28');
INSERT INTO `umpire`.`round` (`ID`, `round_number`, `round_date`, `season_id`, `league_id`) VALUES ('2116', '1', '2015-5-16', '1', '29');
INSERT INTO `umpire`.`round` (`ID`, `round_number`, `round_date`, `season_id`, `league_id`) VALUES ('2117', '1', '2015-8-16', '1', '13');
INSERT INTO `umpire`.`round` (`ID`, `round_number`, `round_date`, `season_id`, `league_id`) VALUES ('2118', '1', '2015-8-16', '1', '15');
INSERT INTO `umpire`.`round` (`ID`, `round_number`, `round_date`, `season_id`, `league_id`) VALUES ('2119', '1', '2015-8-16', '1', '18');
INSERT INTO `umpire`.`round` (`ID`, `round_number`, `round_date`, `season_id`, `league_id`) VALUES ('2120', '1', '2015-8-16', '1', '19');
INSERT INTO `umpire`.`round` (`ID`, `round_number`, `round_date`, `season_id`, `league_id`) VALUES ('2121', '1', '2015-8-16', '1', '20');
INSERT INTO `umpire`.`round` (`ID`, `round_number`, `round_date`, `season_id`, `league_id`) VALUES ('2122', '1', '2015-8-16', '1', '21');
INSERT INTO `umpire`.`round` (`ID`, `round_number`, `round_date`, `season_id`, `league_id`) VALUES ('2123', '1', '2015-8-16', '1', '22');
INSERT INTO `umpire`.`round` (`ID`, `round_number`, `round_date`, `season_id`, `league_id`) VALUES ('2124', '1', '2015-8-16', '1', '24');
INSERT INTO `umpire`.`round` (`ID`, `round_number`, `round_date`, `season_id`, `league_id`) VALUES ('2125', '1', '2015-8-22', '1', '9');
INSERT INTO `umpire`.`round` (`ID`, `round_number`, `round_date`, `season_id`, `league_id`) VALUES ('2126', '1', '2015-8-22', '1', '10');
INSERT INTO `umpire`.`round` (`ID`, `round_number`, `round_date`, `season_id`, `league_id`) VALUES ('2127', '1', '2015-8-22', '1', '28');
INSERT INTO `umpire`.`round` (`ID`, `round_number`, `round_date`, `season_id`, `league_id`) VALUES ('2128', '1', '2015-8-23', '1', '9');
INSERT INTO `umpire`.`round` (`ID`, `round_number`, `round_date`, `season_id`, `league_id`) VALUES ('2129', '1', '2015-8-23', '1', '10');
INSERT INTO `umpire`.`round` (`ID`, `round_number`, `round_date`, `season_id`, `league_id`) VALUES ('2130', '1', '2015-8-23', '1', '28');
INSERT INTO `umpire`.`round` (`ID`, `round_number`, `round_date`, `season_id`, `league_id`) VALUES ('2131', '1', '2015-8-29', '1', '5');
INSERT INTO `umpire`.`round` (`ID`, `round_number`, `round_date`, `season_id`, `league_id`) VALUES ('2132', '1', '2015-8-29', '1', '6');
INSERT INTO `umpire`.`round` (`ID`, `round_number`, `round_date`, `season_id`, `league_id`) VALUES ('2133', '1', '2015-8-29', '1', '27');
INSERT INTO `umpire`.`round` (`ID`, `round_number`, `round_date`, `season_id`, `league_id`) VALUES ('2134', '1', '2015-8-29', '1', '29');
INSERT INTO `umpire`.`round` (`ID`, `round_number`, `round_date`, `season_id`, `league_id`) VALUES ('2135', '1', '2015-8-30', '1', '5');
INSERT INTO `umpire`.`round` (`ID`, `round_number`, `round_date`, `season_id`, `league_id`) VALUES ('2136', '1', '2015-8-30', '1', '6');
INSERT INTO `umpire`.`round` (`ID`, `round_number`, `round_date`, `season_id`, `league_id`) VALUES ('2137', '1', '2015-8-30', '1', '27');
INSERT INTO `umpire`.`round` (`ID`, `round_number`, `round_date`, `season_id`, `league_id`) VALUES ('2138', '2', '2015-9-5', '1', '5');
INSERT INTO `umpire`.`round` (`ID`, `round_number`, `round_date`, `season_id`, `league_id`) VALUES ('2139', '2', '2015-9-5', '1', '6');
INSERT INTO `umpire`.`round` (`ID`, `round_number`, `round_date`, `season_id`, `league_id`) VALUES ('2140', '2', '2015-9-5', '1', '27');
INSERT INTO `umpire`.`round` (`ID`, `round_number`, `round_date`, `season_id`, `league_id`) VALUES ('2141', '2', '2015-9-5', '1', '29');
INSERT INTO `umpire`.`round` (`ID`, `round_number`, `round_date`, `season_id`, `league_id`) VALUES ('2142', '2', '2015-9-6', '1', '5');
INSERT INTO `umpire`.`round` (`ID`, `round_number`, `round_date`, `season_id`, `league_id`) VALUES ('2143', '2', '2015-9-6', '1', '6');
INSERT INTO `umpire`.`round` (`ID`, `round_number`, `round_date`, `season_id`, `league_id`) VALUES ('2144', '2', '2015-9-6', '1', '27');
INSERT INTO `umpire`.`round` (`ID`, `round_number`, `round_date`, `season_id`, `league_id`) VALUES ('2145', '2', '2015-4-11', '1', '5');
INSERT INTO `umpire`.`round` (`ID`, `round_number`, `round_date`, `season_id`, `league_id`) VALUES ('2146', '2', '2015-4-11', '1', '6');
INSERT INTO `umpire`.`round` (`ID`, `round_number`, `round_date`, `season_id`, `league_id`) VALUES ('2147', '2', '2015-9-12', '1', '3');
INSERT INTO `umpire`.`round` (`ID`, `round_number`, `round_date`, `season_id`, `league_id`) VALUES ('2148', '2', '2015-9-12', '1', '4');
INSERT INTO `umpire`.`round` (`ID`, `round_number`, `round_date`, `season_id`, `league_id`) VALUES ('2149', '2', '2015-9-12', '1', '26');
INSERT INTO `umpire`.`round` (`ID`, `round_number`, `round_date`, `season_id`, `league_id`) VALUES ('2150', '2', '2015-9-13', '1', '3');
INSERT INTO `umpire`.`round` (`ID`, `round_number`, `round_date`, `season_id`, `league_id`) VALUES ('2151', '2', '2015-9-13', '1', '4');
INSERT INTO `umpire`.`round` (`ID`, `round_number`, `round_date`, `season_id`, `league_id`) VALUES ('2152', '2', '2015-9-13', '1', '26');
INSERT INTO `umpire`.`round` (`ID`, `round_number`, `round_date`, `season_id`, `league_id`) VALUES ('2153', '2', '2015-5-15', '1', '20');
INSERT INTO `umpire`.`round` (`ID`, `round_number`, `round_date`, `season_id`, `league_id`) VALUES ('2154', '2', '2015-5-15', '1', '23');
INSERT INTO `umpire`.`round` (`ID`, `round_number`, `round_date`, `season_id`, `league_id`) VALUES ('2155', '2', '2015-5-16', '1', '13');
INSERT INTO `umpire`.`round` (`ID`, `round_number`, `round_date`, `season_id`, `league_id`) VALUES ('2156', '2', '2015-5-16', '1', '14');
INSERT INTO `umpire`.`round` (`ID`, `round_number`, `round_date`, `season_id`, `league_id`) VALUES ('2157', '2', '2015-5-16', '1', '15');
INSERT INTO `umpire`.`round` (`ID`, `round_number`, `round_date`, `season_id`, `league_id`) VALUES ('2158', '2', '2015-5-16', '1', '16');
INSERT INTO `umpire`.`round` (`ID`, `round_number`, `round_date`, `season_id`, `league_id`) VALUES ('2159', '2', '2015-5-16', '1', '17');
INSERT INTO `umpire`.`round` (`ID`, `round_number`, `round_date`, `season_id`, `league_id`) VALUES ('2160', '2', '2015-5-16', '1', '18');
INSERT INTO `umpire`.`round` (`ID`, `round_number`, `round_date`, `season_id`, `league_id`) VALUES ('2161', '2', '2015-5-16', '1', '19');
INSERT INTO `umpire`.`round` (`ID`, `round_number`, `round_date`, `season_id`, `league_id`) VALUES ('2162', '2', '2015-5-16', '1', '20');
INSERT INTO `umpire`.`round` (`ID`, `round_number`, `round_date`, `season_id`, `league_id`) VALUES ('2163', '2', '2015-5-16', '1', '21');
INSERT INTO `umpire`.`round` (`ID`, `round_number`, `round_date`, `season_id`, `league_id`) VALUES ('2164', '2', '2015-5-16', '1', '22');
INSERT INTO `umpire`.`round` (`ID`, `round_number`, `round_date`, `season_id`, `league_id`) VALUES ('2165', '2', '2015-5-16', '1', '23');
INSERT INTO `umpire`.`round` (`ID`, `round_number`, `round_date`, `season_id`, `league_id`) VALUES ('2166', '2', '2015-4-17', '1', '12');
INSERT INTO `umpire`.`round` (`ID`, `round_number`, `round_date`, `season_id`, `league_id`) VALUES ('2167', '2', '2015-5-17', '1', '13');
INSERT INTO `umpire`.`round` (`ID`, `round_number`, `round_date`, `season_id`, `league_id`) VALUES ('2168', '2', '2015-5-17', '1', '14');
INSERT INTO `umpire`.`round` (`ID`, `round_number`, `round_date`, `season_id`, `league_id`) VALUES ('2169', '2', '2015-5-17', '1', '15');
INSERT INTO `umpire`.`round` (`ID`, `round_number`, `round_date`, `season_id`, `league_id`) VALUES ('2170', '2', '2015-5-17', '1', '16');
INSERT INTO `umpire`.`round` (`ID`, `round_number`, `round_date`, `season_id`, `league_id`) VALUES ('2171', '2', '2015-5-17', '1', '17');
INSERT INTO `umpire`.`round` (`ID`, `round_number`, `round_date`, `season_id`, `league_id`) VALUES ('2172', '2', '2015-5-17', '1', '18');
INSERT INTO `umpire`.`round` (`ID`, `round_number`, `round_date`, `season_id`, `league_id`) VALUES ('2173', '2', '2015-5-17', '1', '19');
INSERT INTO `umpire`.`round` (`ID`, `round_number`, `round_date`, `season_id`, `league_id`) VALUES ('2174', '2', '2015-5-17', '1', '20');
INSERT INTO `umpire`.`round` (`ID`, `round_number`, `round_date`, `season_id`, `league_id`) VALUES ('2175', '2', '2015-5-17', '1', '21');
INSERT INTO `umpire`.`round` (`ID`, `round_number`, `round_date`, `season_id`, `league_id`) VALUES ('2176', '2', '2015-5-17', '1', '22');
INSERT INTO `umpire`.`round` (`ID`, `round_number`, `round_date`, `season_id`, `league_id`) VALUES ('2177', '2', '2015-5-17', '1', '23');
INSERT INTO `umpire`.`round` (`ID`, `round_number`, `round_date`, `season_id`, `league_id`) VALUES ('2178', '2', '2015-5-17', '1', '24');
INSERT INTO `umpire`.`round` (`ID`, `round_number`, `round_date`, `season_id`, `league_id`) VALUES ('2179', '2', '2015-5-17', '1', '25');
INSERT INTO `umpire`.`round` (`ID`, `round_number`, `round_date`, `season_id`, `league_id`) VALUES ('2180', '2', '2015-4-18', '1', '3');
INSERT INTO `umpire`.`round` (`ID`, `round_number`, `round_date`, `season_id`, `league_id`) VALUES ('2181', '2', '2015-4-18', '1', '4');
INSERT INTO `umpire`.`round` (`ID`, `round_number`, `round_date`, `season_id`, `league_id`) VALUES ('2182', '2', '2015-4-18', '1', '7');
INSERT INTO `umpire`.`round` (`ID`, `round_number`, `round_date`, `season_id`, `league_id`) VALUES ('2183', '2', '2015-4-18', '1', '9');
INSERT INTO `umpire`.`round` (`ID`, `round_number`, `round_date`, `season_id`, `league_id`) VALUES ('2184', '2', '2015-4-18', '1', '10');
INSERT INTO `umpire`.`round` (`ID`, `round_number`, `round_date`, `season_id`, `league_id`) VALUES ('2185', '2', '2015-4-18', '1', '11');
INSERT INTO `umpire`.`round` (`ID`, `round_number`, `round_date`, `season_id`, `league_id`) VALUES ('2186', '2', '2015-4-18', '1', '12');
INSERT INTO `umpire`.`round` (`ID`, `round_number`, `round_date`, `season_id`, `league_id`) VALUES ('2187', '2', '2015-4-19', '1', '7');
INSERT INTO `umpire`.`round` (`ID`, `round_number`, `round_date`, `season_id`, `league_id`) VALUES ('2188', '2', '2015-4-19', '1', '11');
INSERT INTO `umpire`.`round` (`ID`, `round_number`, `round_date`, `season_id`, `league_id`) VALUES ('2189', '2', '2015-4-19', '1', '12');
INSERT INTO `umpire`.`round` (`ID`, `round_number`, `round_date`, `season_id`, `league_id`) VALUES ('2190', '2', '2015-8-22', '1', '14');
INSERT INTO `umpire`.`round` (`ID`, `round_number`, `round_date`, `season_id`, `league_id`) VALUES ('2191', '2', '2015-8-22', '1', '15');
INSERT INTO `umpire`.`round` (`ID`, `round_number`, `round_date`, `season_id`, `league_id`) VALUES ('2192', '2', '2015-8-22', '1', '17');
INSERT INTO `umpire`.`round` (`ID`, `round_number`, `round_date`, `season_id`, `league_id`) VALUES ('2193', '2', '2015-8-22', '1', '18');
INSERT INTO `umpire`.`round` (`ID`, `round_number`, `round_date`, `season_id`, `league_id`) VALUES ('2194', '2', '2015-8-22', '1', '20');
INSERT INTO `umpire`.`round` (`ID`, `round_number`, `round_date`, `season_id`, `league_id`) VALUES ('2195', '2', '2015-8-22', '1', '21');
INSERT INTO `umpire`.`round` (`ID`, `round_number`, `round_date`, `season_id`, `league_id`) VALUES ('2196', '2', '2015-8-22', '1', '22');
INSERT INTO `umpire`.`round` (`ID`, `round_number`, `round_date`, `season_id`, `league_id`) VALUES ('2197', '2', '2015-8-22', '1', '23');
INSERT INTO `umpire`.`round` (`ID`, `round_number`, `round_date`, `season_id`, `league_id`) VALUES ('2198', '2', '2015-8-23', '1', '13');
INSERT INTO `umpire`.`round` (`ID`, `round_number`, `round_date`, `season_id`, `league_id`) VALUES ('2199', '2', '2015-8-23', '1', '16');
INSERT INTO `umpire`.`round` (`ID`, `round_number`, `round_date`, `season_id`, `league_id`) VALUES ('2200', '2', '2015-8-23', '1', '19');
INSERT INTO `umpire`.`round` (`ID`, `round_number`, `round_date`, `season_id`, `league_id`) VALUES ('2201', '2', '2015-8-23', '1', '24');
INSERT INTO `umpire`.`round` (`ID`, `round_number`, `round_date`, `season_id`, `league_id`) VALUES ('2202', '2', '2015-8-29', '1', '9');
INSERT INTO `umpire`.`round` (`ID`, `round_number`, `round_date`, `season_id`, `league_id`) VALUES ('2203', '2', '2015-8-29', '1', '10');
INSERT INTO `umpire`.`round` (`ID`, `round_number`, `round_date`, `season_id`, `league_id`) VALUES ('2204', '2', '2015-8-29', '1', '28');
INSERT INTO `umpire`.`round` (`ID`, `round_number`, `round_date`, `season_id`, `league_id`) VALUES ('2205', '2', '2015-5-30', '1', '26');
INSERT INTO `umpire`.`round` (`ID`, `round_number`, `round_date`, `season_id`, `league_id`) VALUES ('2206', '2', '2015-5-30', '1', '27');
INSERT INTO `umpire`.`round` (`ID`, `round_number`, `round_date`, `season_id`, `league_id`) VALUES ('2207', '2', '2015-5-30', '1', '28');
INSERT INTO `umpire`.`round` (`ID`, `round_number`, `round_date`, `season_id`, `league_id`) VALUES ('2208', '2', '2015-5-30', '1', '29');
INSERT INTO `umpire`.`round` (`ID`, `round_number`, `round_date`, `season_id`, `league_id`) VALUES ('2209', '2', '2015-8-30', '1', '9');
INSERT INTO `umpire`.`round` (`ID`, `round_number`, `round_date`, `season_id`, `league_id`) VALUES ('2210', '2', '2015-8-30', '1', '10');
INSERT INTO `umpire`.`round` (`ID`, `round_number`, `round_date`, `season_id`, `league_id`) VALUES ('2211', '2', '2015-8-30', '1', '28');
INSERT INTO `umpire`.`round` (`ID`, `round_number`, `round_date`, `season_id`, `league_id`) VALUES ('2212', '3', '2015-5-2', '1', '3');
INSERT INTO `umpire`.`round` (`ID`, `round_number`, `round_date`, `season_id`, `league_id`) VALUES ('2213', '3', '2015-5-2', '1', '4');
INSERT INTO `umpire`.`round` (`ID`, `round_number`, `round_date`, `season_id`, `league_id`) VALUES ('2214', '3', '2015-5-2', '1', '7');
INSERT INTO `umpire`.`round` (`ID`, `round_number`, `round_date`, `season_id`, `league_id`) VALUES ('2215', '3', '2015-9-5', '1', '9');
INSERT INTO `umpire`.`round` (`ID`, `round_number`, `round_date`, `season_id`, `league_id`) VALUES ('2216', '3', '2015-9-5', '1', '10');
INSERT INTO `umpire`.`round` (`ID`, `round_number`, `round_date`, `season_id`, `league_id`) VALUES ('2217', '3', '2015-9-5', '1', '28');
INSERT INTO `umpire`.`round` (`ID`, `round_number`, `round_date`, `season_id`, `league_id`) VALUES ('2218', '3', '2015-6-6', '1', '26');
INSERT INTO `umpire`.`round` (`ID`, `round_number`, `round_date`, `season_id`, `league_id`) VALUES ('2219', '3', '2015-6-6', '1', '27');
INSERT INTO `umpire`.`round` (`ID`, `round_number`, `round_date`, `season_id`, `league_id`) VALUES ('2220', '3', '2015-6-6', '1', '28');
INSERT INTO `umpire`.`round` (`ID`, `round_number`, `round_date`, `season_id`, `league_id`) VALUES ('2221', '3', '2015-6-6', '1', '29');
INSERT INTO `umpire`.`round` (`ID`, `round_number`, `round_date`, `season_id`, `league_id`) VALUES ('2222', '3', '2015-9-12', '1', '5');
INSERT INTO `umpire`.`round` (`ID`, `round_number`, `round_date`, `season_id`, `league_id`) VALUES ('2223', '3', '2015-9-12', '1', '6');
INSERT INTO `umpire`.`round` (`ID`, `round_number`, `round_date`, `season_id`, `league_id`) VALUES ('2224', '3', '2015-9-12', '1', '27');
INSERT INTO `umpire`.`round` (`ID`, `round_number`, `round_date`, `season_id`, `league_id`) VALUES ('2225', '3', '2015-9-12', '1', '29');
INSERT INTO `umpire`.`round` (`ID`, `round_number`, `round_date`, `season_id`, `league_id`) VALUES ('2226', '3', '2015-4-18', '1', '5');
INSERT INTO `umpire`.`round` (`ID`, `round_number`, `round_date`, `season_id`, `league_id`) VALUES ('2227', '3', '2015-4-18', '1', '6');
INSERT INTO `umpire`.`round` (`ID`, `round_number`, `round_date`, `season_id`, `league_id`) VALUES ('2228', '3', '2015-4-19', '1', '5');
INSERT INTO `umpire`.`round` (`ID`, `round_number`, `round_date`, `season_id`, `league_id`) VALUES ('2229', '3', '2015-4-19', '1', '6');
INSERT INTO `umpire`.`round` (`ID`, `round_number`, `round_date`, `season_id`, `league_id`) VALUES ('2230', '3', '2015-9-19', '1', '3');
INSERT INTO `umpire`.`round` (`ID`, `round_number`, `round_date`, `season_id`, `league_id`) VALUES ('2231', '3', '2015-9-19', '1', '4');
INSERT INTO `umpire`.`round` (`ID`, `round_number`, `round_date`, `season_id`, `league_id`) VALUES ('2232', '3', '2015-9-19', '1', '26');
INSERT INTO `umpire`.`round` (`ID`, `round_number`, `round_date`, `season_id`, `league_id`) VALUES ('2233', '3', '2015-5-23', '1', '13');
INSERT INTO `umpire`.`round` (`ID`, `round_number`, `round_date`, `season_id`, `league_id`) VALUES ('2234', '3', '2015-5-23', '1', '15');
INSERT INTO `umpire`.`round` (`ID`, `round_number`, `round_date`, `season_id`, `league_id`) VALUES ('2235', '3', '2015-5-23', '1', '16');
INSERT INTO `umpire`.`round` (`ID`, `round_number`, `round_date`, `season_id`, `league_id`) VALUES ('2236', '3', '2015-5-23', '1', '17');
INSERT INTO `umpire`.`round` (`ID`, `round_number`, `round_date`, `season_id`, `league_id`) VALUES ('2237', '3', '2015-5-23', '1', '18');
INSERT INTO `umpire`.`round` (`ID`, `round_number`, `round_date`, `season_id`, `league_id`) VALUES ('2238', '3', '2015-5-23', '1', '20');
INSERT INTO `umpire`.`round` (`ID`, `round_number`, `round_date`, `season_id`, `league_id`) VALUES ('2239', '3', '2015-5-23', '1', '21');
INSERT INTO `umpire`.`round` (`ID`, `round_number`, `round_date`, `season_id`, `league_id`) VALUES ('2240', '3', '2015-5-23', '1', '22');
INSERT INTO `umpire`.`round` (`ID`, `round_number`, `round_date`, `season_id`, `league_id`) VALUES ('2241', '3', '2015-5-23', '1', '23');
INSERT INTO `umpire`.`round` (`ID`, `round_number`, `round_date`, `season_id`, `league_id`) VALUES ('2242', '3', '2015-4-24', '1', '11');
INSERT INTO `umpire`.`round` (`ID`, `round_number`, `round_date`, `season_id`, `league_id`) VALUES ('2243', '3', '2015-4-24', '1', '12');
INSERT INTO `umpire`.`round` (`ID`, `round_number`, `round_date`, `season_id`, `league_id`) VALUES ('2244', '3', '2015-5-24', '1', '13');
INSERT INTO `umpire`.`round` (`ID`, `round_number`, `round_date`, `season_id`, `league_id`) VALUES ('2245', '3', '2015-5-24', '1', '14');
INSERT INTO `umpire`.`round` (`ID`, `round_number`, `round_date`, `season_id`, `league_id`) VALUES ('2246', '3', '2015-5-24', '1', '15');
INSERT INTO `umpire`.`round` (`ID`, `round_number`, `round_date`, `season_id`, `league_id`) VALUES ('2247', '3', '2015-5-24', '1', '16');
INSERT INTO `umpire`.`round` (`ID`, `round_number`, `round_date`, `season_id`, `league_id`) VALUES ('2248', '3', '2015-5-24', '1', '17');
INSERT INTO `umpire`.`round` (`ID`, `round_number`, `round_date`, `season_id`, `league_id`) VALUES ('2249', '3', '2015-5-24', '1', '18');
INSERT INTO `umpire`.`round` (`ID`, `round_number`, `round_date`, `season_id`, `league_id`) VALUES ('2250', '3', '2015-5-24', '1', '19');
INSERT INTO `umpire`.`round` (`ID`, `round_number`, `round_date`, `season_id`, `league_id`) VALUES ('2251', '3', '2015-5-24', '1', '20');
INSERT INTO `umpire`.`round` (`ID`, `round_number`, `round_date`, `season_id`, `league_id`) VALUES ('2252', '3', '2015-5-24', '1', '21');
INSERT INTO `umpire`.`round` (`ID`, `round_number`, `round_date`, `season_id`, `league_id`) VALUES ('2253', '3', '2015-5-24', '1', '23');
INSERT INTO `umpire`.`round` (`ID`, `round_number`, `round_date`, `season_id`, `league_id`) VALUES ('2254', '3', '2015-5-24', '1', '24');
INSERT INTO `umpire`.`round` (`ID`, `round_number`, `round_date`, `season_id`, `league_id`) VALUES ('2255', '3', '2015-5-24', '1', '25');
INSERT INTO `umpire`.`round` (`ID`, `round_number`, `round_date`, `season_id`, `league_id`) VALUES ('2256', '3', '2015-4-25', '1', '3');
INSERT INTO `umpire`.`round` (`ID`, `round_number`, `round_date`, `season_id`, `league_id`) VALUES ('2257', '3', '2015-4-25', '1', '7');
INSERT INTO `umpire`.`round` (`ID`, `round_number`, `round_date`, `season_id`, `league_id`) VALUES ('2258', '3', '2015-4-25', '1', '9');
INSERT INTO `umpire`.`round` (`ID`, `round_number`, `round_date`, `season_id`, `league_id`) VALUES ('2259', '3', '2015-4-25', '1', '10');
INSERT INTO `umpire`.`round` (`ID`, `round_number`, `round_date`, `season_id`, `league_id`) VALUES ('2260', '3', '2015-4-26', '1', '7');
INSERT INTO `umpire`.`round` (`ID`, `round_number`, `round_date`, `season_id`, `league_id`) VALUES ('2261', '3', '2015-4-26', '1', '9');
INSERT INTO `umpire`.`round` (`ID`, `round_number`, `round_date`, `season_id`, `league_id`) VALUES ('2262', '3', '2015-4-26', '1', '10');
INSERT INTO `umpire`.`round` (`ID`, `round_number`, `round_date`, `season_id`, `league_id`) VALUES ('2263', '3', '2015-4-26', '1', '11');
INSERT INTO `umpire`.`round` (`ID`, `round_number`, `round_date`, `season_id`, `league_id`) VALUES ('2264', '3', '2015-4-26', '1', '12');
INSERT INTO `umpire`.`round` (`ID`, `round_number`, `round_date`, `season_id`, `league_id`) VALUES ('2265', '3', '2015-8-29', '1', '14');
INSERT INTO `umpire`.`round` (`ID`, `round_number`, `round_date`, `season_id`, `league_id`) VALUES ('2266', '3', '2015-8-29', '1', '15');
INSERT INTO `umpire`.`round` (`ID`, `round_number`, `round_date`, `season_id`, `league_id`) VALUES ('2267', '3', '2015-8-29', '1', '17');
INSERT INTO `umpire`.`round` (`ID`, `round_number`, `round_date`, `season_id`, `league_id`) VALUES ('2268', '3', '2015-8-29', '1', '20');
INSERT INTO `umpire`.`round` (`ID`, `round_number`, `round_date`, `season_id`, `league_id`) VALUES ('2269', '3', '2015-8-29', '1', '22');
INSERT INTO `umpire`.`round` (`ID`, `round_number`, `round_date`, `season_id`, `league_id`) VALUES ('2270', '3', '2015-8-29', '1', '23');
INSERT INTO `umpire`.`round` (`ID`, `round_number`, `round_date`, `season_id`, `league_id`) VALUES ('2271', '3', '2015-8-30', '1', '13');
INSERT INTO `umpire`.`round` (`ID`, `round_number`, `round_date`, `season_id`, `league_id`) VALUES ('2272', '3', '2015-8-30', '1', '16');
INSERT INTO `umpire`.`round` (`ID`, `round_number`, `round_date`, `season_id`, `league_id`) VALUES ('2273', '3', '2015-8-30', '1', '18');
INSERT INTO `umpire`.`round` (`ID`, `round_number`, `round_date`, `season_id`, `league_id`) VALUES ('2274', '3', '2015-8-30', '1', '19');
INSERT INTO `umpire`.`round` (`ID`, `round_number`, `round_date`, `season_id`, `league_id`) VALUES ('2275', '3', '2015-8-30', '1', '21');
INSERT INTO `umpire`.`round` (`ID`, `round_number`, `round_date`, `season_id`, `league_id`) VALUES ('2276', '3', '2015-8-30', '1', '24');
INSERT INTO `umpire`.`round` (`ID`, `round_number`, `round_date`, `season_id`, `league_id`) VALUES ('2277', '4', '2015-5-1', '1', '11');
INSERT INTO `umpire`.`round` (`ID`, `round_number`, `round_date`, `season_id`, `league_id`) VALUES ('2278', '4', '2015-5-1', '1', '12');
INSERT INTO `umpire`.`round` (`ID`, `round_number`, `round_date`, `season_id`, `league_id`) VALUES ('2279', '4', '2015-5-2', '1', '5');
INSERT INTO `umpire`.`round` (`ID`, `round_number`, `round_date`, `season_id`, `league_id`) VALUES ('2280', '4', '2015-5-2', '1', '6');
INSERT INTO `umpire`.`round` (`ID`, `round_number`, `round_date`, `season_id`, `league_id`) VALUES ('2281', '4', '2015-5-2', '1', '9');
INSERT INTO `umpire`.`round` (`ID`, `round_number`, `round_date`, `season_id`, `league_id`) VALUES ('2282', '4', '2015-5-2', '1', '10');
INSERT INTO `umpire`.`round` (`ID`, `round_number`, `round_date`, `season_id`, `league_id`) VALUES ('2283', '4', '2015-5-2', '1', '11');
INSERT INTO `umpire`.`round` (`ID`, `round_number`, `round_date`, `season_id`, `league_id`) VALUES ('2284', '4', '2015-5-2', '1', '12');
INSERT INTO `umpire`.`round` (`ID`, `round_number`, `round_date`, `season_id`, `league_id`) VALUES ('2285', '4', '2015-5-3', '1', '11');
INSERT INTO `umpire`.`round` (`ID`, `round_number`, `round_date`, `season_id`, `league_id`) VALUES ('2286', '4', '2015-5-3', '1', '12');
INSERT INTO `umpire`.`round` (`ID`, `round_number`, `round_date`, `season_id`, `league_id`) VALUES ('2287', '4', '2015-4-4', '1', '7');
INSERT INTO `umpire`.`round` (`ID`, `round_number`, `round_date`, `season_id`, `league_id`) VALUES ('2288', '4', '2015-5-9', '1', '3');
INSERT INTO `umpire`.`round` (`ID`, `round_number`, `round_date`, `season_id`, `league_id`) VALUES ('2289', '4', '2015-5-9', '1', '4');
INSERT INTO `umpire`.`round` (`ID`, `round_number`, `round_date`, `season_id`, `league_id`) VALUES ('2290', '4', '2015-5-9', '1', '7');
INSERT INTO `umpire`.`round` (`ID`, `round_number`, `round_date`, `season_id`, `league_id`) VALUES ('2291', '4', '2015-9-12', '1', '9');
INSERT INTO `umpire`.`round` (`ID`, `round_number`, `round_date`, `season_id`, `league_id`) VALUES ('2292', '4', '2015-9-12', '1', '10');
INSERT INTO `umpire`.`round` (`ID`, `round_number`, `round_date`, `season_id`, `league_id`) VALUES ('2293', '4', '2015-9-12', '1', '28');
INSERT INTO `umpire`.`round` (`ID`, `round_number`, `round_date`, `season_id`, `league_id`) VALUES ('2294', '4', '2015-6-13', '1', '26');
INSERT INTO `umpire`.`round` (`ID`, `round_number`, `round_date`, `season_id`, `league_id`) VALUES ('2295', '4', '2015-6-13', '1', '27');
INSERT INTO `umpire`.`round` (`ID`, `round_number`, `round_date`, `season_id`, `league_id`) VALUES ('2296', '4', '2015-6-13', '1', '28');
INSERT INTO `umpire`.`round` (`ID`, `round_number`, `round_date`, `season_id`, `league_id`) VALUES ('2297', '4', '2015-6-13', '1', '29');
INSERT INTO `umpire`.`round` (`ID`, `round_number`, `round_date`, `season_id`, `league_id`) VALUES ('2298', '4', '2015-6-14', '1', '28');
INSERT INTO `umpire`.`round` (`ID`, `round_number`, `round_date`, `season_id`, `league_id`) VALUES ('2299', '4', '2015-9-19', '1', '5');
INSERT INTO `umpire`.`round` (`ID`, `round_number`, `round_date`, `season_id`, `league_id`) VALUES ('2300', '4', '2015-9-19', '1', '6');
INSERT INTO `umpire`.`round` (`ID`, `round_number`, `round_date`, `season_id`, `league_id`) VALUES ('2301', '4', '2015-9-19', '1', '27');
INSERT INTO `umpire`.`round` (`ID`, `round_number`, `round_date`, `season_id`, `league_id`) VALUES ('2302', '4', '2015-4-25', '1', '5');
INSERT INTO `umpire`.`round` (`ID`, `round_number`, `round_date`, `season_id`, `league_id`) VALUES ('2303', '4', '2015-4-25', '1', '6');
INSERT INTO `umpire`.`round` (`ID`, `round_number`, `round_date`, `season_id`, `league_id`) VALUES ('2304', '4', '2015-4-26', '1', '5');
INSERT INTO `umpire`.`round` (`ID`, `round_number`, `round_date`, `season_id`, `league_id`) VALUES ('2305', '4', '2015-4-26', '1', '6');
INSERT INTO `umpire`.`round` (`ID`, `round_number`, `round_date`, `season_id`, `league_id`) VALUES ('2306', '4', '2015-5-29', '1', '16');
INSERT INTO `umpire`.`round` (`ID`, `round_number`, `round_date`, `season_id`, `league_id`) VALUES ('2307', '4', '2015-5-29', '1', '22');
INSERT INTO `umpire`.`round` (`ID`, `round_number`, `round_date`, `season_id`, `league_id`) VALUES ('2308', '4', '2015-5-30', '1', '13');
INSERT INTO `umpire`.`round` (`ID`, `round_number`, `round_date`, `season_id`, `league_id`) VALUES ('2309', '4', '2015-5-30', '1', '14');
INSERT INTO `umpire`.`round` (`ID`, `round_number`, `round_date`, `season_id`, `league_id`) VALUES ('2310', '4', '2015-5-30', '1', '15');
INSERT INTO `umpire`.`round` (`ID`, `round_number`, `round_date`, `season_id`, `league_id`) VALUES ('2311', '4', '2015-5-30', '1', '16');
INSERT INTO `umpire`.`round` (`ID`, `round_number`, `round_date`, `season_id`, `league_id`) VALUES ('2312', '4', '2015-5-30', '1', '17');
INSERT INTO `umpire`.`round` (`ID`, `round_number`, `round_date`, `season_id`, `league_id`) VALUES ('2313', '4', '2015-5-30', '1', '18');
INSERT INTO `umpire`.`round` (`ID`, `round_number`, `round_date`, `season_id`, `league_id`) VALUES ('2314', '4', '2015-5-30', '1', '19');
INSERT INTO `umpire`.`round` (`ID`, `round_number`, `round_date`, `season_id`, `league_id`) VALUES ('2315', '4', '2015-5-30', '1', '20');
INSERT INTO `umpire`.`round` (`ID`, `round_number`, `round_date`, `season_id`, `league_id`) VALUES ('2316', '4', '2015-5-30', '1', '21');
INSERT INTO `umpire`.`round` (`ID`, `round_number`, `round_date`, `season_id`, `league_id`) VALUES ('2317', '4', '2015-5-30', '1', '22');
INSERT INTO `umpire`.`round` (`ID`, `round_number`, `round_date`, `season_id`, `league_id`) VALUES ('2318', '4', '2015-5-30', '1', '23');
INSERT INTO `umpire`.`round` (`ID`, `round_number`, `round_date`, `season_id`, `league_id`) VALUES ('2319', '4', '2015-5-31', '1', '14');
INSERT INTO `umpire`.`round` (`ID`, `round_number`, `round_date`, `season_id`, `league_id`) VALUES ('2320', '4', '2015-5-31', '1', '15');
INSERT INTO `umpire`.`round` (`ID`, `round_number`, `round_date`, `season_id`, `league_id`) VALUES ('2321', '4', '2015-5-31', '1', '16');
INSERT INTO `umpire`.`round` (`ID`, `round_number`, `round_date`, `season_id`, `league_id`) VALUES ('2322', '4', '2015-5-31', '1', '17');
INSERT INTO `umpire`.`round` (`ID`, `round_number`, `round_date`, `season_id`, `league_id`) VALUES ('2323', '4', '2015-5-31', '1', '19');
INSERT INTO `umpire`.`round` (`ID`, `round_number`, `round_date`, `season_id`, `league_id`) VALUES ('2324', '4', '2015-5-31', '1', '20');
INSERT INTO `umpire`.`round` (`ID`, `round_number`, `round_date`, `season_id`, `league_id`) VALUES ('2325', '4', '2015-5-31', '1', '21');
INSERT INTO `umpire`.`round` (`ID`, `round_number`, `round_date`, `season_id`, `league_id`) VALUES ('2326', '4', '2015-5-31', '1', '23');
INSERT INTO `umpire`.`round` (`ID`, `round_number`, `round_date`, `season_id`, `league_id`) VALUES ('2327', '4', '2015-5-31', '1', '24');
INSERT INTO `umpire`.`round` (`ID`, `round_number`, `round_date`, `season_id`, `league_id`) VALUES ('2328', '4', '2015-5-31', '1', '25');
INSERT INTO `umpire`.`round` (`ID`, `round_number`, `round_date`, `season_id`, `league_id`) VALUES ('2329', '5', '2015-6-5', '1', '14');
INSERT INTO `umpire`.`round` (`ID`, `round_number`, `round_date`, `season_id`, `league_id`) VALUES ('2330', '5', '2015-6-5', '1', '15');
INSERT INTO `umpire`.`round` (`ID`, `round_number`, `round_date`, `season_id`, `league_id`) VALUES ('2331', '5', '2015-6-5', '1', '17');
INSERT INTO `umpire`.`round` (`ID`, `round_number`, `round_date`, `season_id`, `league_id`) VALUES ('2332', '5', '2015-6-5', '1', '20');
INSERT INTO `umpire`.`round` (`ID`, `round_number`, `round_date`, `season_id`, `league_id`) VALUES ('2333', '5', '2015-6-5', '1', '22');
INSERT INTO `umpire`.`round` (`ID`, `round_number`, `round_date`, `season_id`, `league_id`) VALUES ('2334', '5', '2015-6-5', '1', '23');
INSERT INTO `umpire`.`round` (`ID`, `round_number`, `round_date`, `season_id`, `league_id`) VALUES ('2335', '5', '2015-6-6', '1', '13');
INSERT INTO `umpire`.`round` (`ID`, `round_number`, `round_date`, `season_id`, `league_id`) VALUES ('2336', '5', '2015-6-6', '1', '14');
INSERT INTO `umpire`.`round` (`ID`, `round_number`, `round_date`, `season_id`, `league_id`) VALUES ('2337', '5', '2015-6-6', '1', '15');
INSERT INTO `umpire`.`round` (`ID`, `round_number`, `round_date`, `season_id`, `league_id`) VALUES ('2338', '5', '2015-6-6', '1', '16');
INSERT INTO `umpire`.`round` (`ID`, `round_number`, `round_date`, `season_id`, `league_id`) VALUES ('2339', '5', '2015-6-6', '1', '17');
INSERT INTO `umpire`.`round` (`ID`, `round_number`, `round_date`, `season_id`, `league_id`) VALUES ('2340', '5', '2015-6-6', '1', '18');
INSERT INTO `umpire`.`round` (`ID`, `round_number`, `round_date`, `season_id`, `league_id`) VALUES ('2341', '5', '2015-6-6', '1', '19');
INSERT INTO `umpire`.`round` (`ID`, `round_number`, `round_date`, `season_id`, `league_id`) VALUES ('2342', '5', '2015-6-6', '1', '20');
INSERT INTO `umpire`.`round` (`ID`, `round_number`, `round_date`, `season_id`, `league_id`) VALUES ('2343', '5', '2015-6-6', '1', '21');
INSERT INTO `umpire`.`round` (`ID`, `round_number`, `round_date`, `season_id`, `league_id`) VALUES ('2344', '5', '2015-6-6', '1', '22');
INSERT INTO `umpire`.`round` (`ID`, `round_number`, `round_date`, `season_id`, `league_id`) VALUES ('2345', '5', '2015-6-6', '1', '23');
INSERT INTO `umpire`.`round` (`ID`, `round_number`, `round_date`, `season_id`, `league_id`) VALUES ('2346', '5', '2015-6-7', '1', '13');
INSERT INTO `umpire`.`round` (`ID`, `round_number`, `round_date`, `season_id`, `league_id`) VALUES ('2347', '5', '2015-6-7', '1', '14');
INSERT INTO `umpire`.`round` (`ID`, `round_number`, `round_date`, `season_id`, `league_id`) VALUES ('2348', '5', '2015-6-7', '1', '16');
INSERT INTO `umpire`.`round` (`ID`, `round_number`, `round_date`, `season_id`, `league_id`) VALUES ('2349', '5', '2015-6-7', '1', '17');
INSERT INTO `umpire`.`round` (`ID`, `round_number`, `round_date`, `season_id`, `league_id`) VALUES ('2350', '5', '2015-6-7', '1', '18');
INSERT INTO `umpire`.`round` (`ID`, `round_number`, `round_date`, `season_id`, `league_id`) VALUES ('2351', '5', '2015-6-7', '1', '19');
INSERT INTO `umpire`.`round` (`ID`, `round_number`, `round_date`, `season_id`, `league_id`) VALUES ('2352', '5', '2015-6-7', '1', '21');
INSERT INTO `umpire`.`round` (`ID`, `round_number`, `round_date`, `season_id`, `league_id`) VALUES ('2353', '5', '2015-6-7', '1', '22');
INSERT INTO `umpire`.`round` (`ID`, `round_number`, `round_date`, `season_id`, `league_id`) VALUES ('2354', '5', '2015-6-7', '1', '23');
INSERT INTO `umpire`.`round` (`ID`, `round_number`, `round_date`, `season_id`, `league_id`) VALUES ('2355', '5', '2015-6-7', '1', '24');
INSERT INTO `umpire`.`round` (`ID`, `round_number`, `round_date`, `season_id`, `league_id`) VALUES ('2356', '5', '2015-6-7', '1', '25');
INSERT INTO `umpire`.`round` (`ID`, `round_number`, `round_date`, `season_id`, `league_id`) VALUES ('2357', '5', '2015-5-8', '1', '9');
INSERT INTO `umpire`.`round` (`ID`, `round_number`, `round_date`, `season_id`, `league_id`) VALUES ('2358', '5', '2015-5-8', '1', '10');
INSERT INTO `umpire`.`round` (`ID`, `round_number`, `round_date`, `season_id`, `league_id`) VALUES ('2359', '5', '2015-5-9', '1', '5');
INSERT INTO `umpire`.`round` (`ID`, `round_number`, `round_date`, `season_id`, `league_id`) VALUES ('2360', '5', '2015-5-9', '1', '6');
INSERT INTO `umpire`.`round` (`ID`, `round_number`, `round_date`, `season_id`, `league_id`) VALUES ('2361', '5', '2015-5-9', '1', '9');
INSERT INTO `umpire`.`round` (`ID`, `round_number`, `round_date`, `season_id`, `league_id`) VALUES ('2362', '5', '2015-5-9', '1', '10');
INSERT INTO `umpire`.`round` (`ID`, `round_number`, `round_date`, `season_id`, `league_id`) VALUES ('2363', '5', '2015-5-16', '1', '3');
INSERT INTO `umpire`.`round` (`ID`, `round_number`, `round_date`, `season_id`, `league_id`) VALUES ('2364', '5', '2015-5-16', '1', '4');
INSERT INTO `umpire`.`round` (`ID`, `round_number`, `round_date`, `season_id`, `league_id`) VALUES ('2365', '5', '2015-6-20', '1', '26');
INSERT INTO `umpire`.`round` (`ID`, `round_number`, `round_date`, `season_id`, `league_id`) VALUES ('2366', '5', '2015-6-20', '1', '27');
INSERT INTO `umpire`.`round` (`ID`, `round_number`, `round_date`, `season_id`, `league_id`) VALUES ('2367', '5', '2015-6-20', '1', '28');
INSERT INTO `umpire`.`round` (`ID`, `round_number`, `round_date`, `season_id`, `league_id`) VALUES ('2368', '5', '2015-6-20', '1', '29');
INSERT INTO `umpire`.`round` (`ID`, `round_number`, `round_date`, `season_id`, `league_id`) VALUES ('2369', '6', '2015-6-12', '1', '16');
INSERT INTO `umpire`.`round` (`ID`, `round_number`, `round_date`, `season_id`, `league_id`) VALUES ('2370', '6', '2015-6-12', '1', '17');
INSERT INTO `umpire`.`round` (`ID`, `round_number`, `round_date`, `season_id`, `league_id`) VALUES ('2371', '6', '2015-6-12', '1', '20');
INSERT INTO `umpire`.`round` (`ID`, `round_number`, `round_date`, `season_id`, `league_id`) VALUES ('2372', '6', '2015-6-12', '1', '22');
INSERT INTO `umpire`.`round` (`ID`, `round_number`, `round_date`, `season_id`, `league_id`) VALUES ('2373', '6', '2015-6-13', '1', '13');
INSERT INTO `umpire`.`round` (`ID`, `round_number`, `round_date`, `season_id`, `league_id`) VALUES ('2374', '6', '2015-6-13', '1', '14');
INSERT INTO `umpire`.`round` (`ID`, `round_number`, `round_date`, `season_id`, `league_id`) VALUES ('2375', '6', '2015-6-13', '1', '15');
INSERT INTO `umpire`.`round` (`ID`, `round_number`, `round_date`, `season_id`, `league_id`) VALUES ('2376', '6', '2015-6-13', '1', '16');
INSERT INTO `umpire`.`round` (`ID`, `round_number`, `round_date`, `season_id`, `league_id`) VALUES ('2377', '6', '2015-6-13', '1', '17');
INSERT INTO `umpire`.`round` (`ID`, `round_number`, `round_date`, `season_id`, `league_id`) VALUES ('2378', '6', '2015-6-13', '1', '18');
INSERT INTO `umpire`.`round` (`ID`, `round_number`, `round_date`, `season_id`, `league_id`) VALUES ('2379', '6', '2015-6-13', '1', '19');
INSERT INTO `umpire`.`round` (`ID`, `round_number`, `round_date`, `season_id`, `league_id`) VALUES ('2380', '6', '2015-6-13', '1', '20');
INSERT INTO `umpire`.`round` (`ID`, `round_number`, `round_date`, `season_id`, `league_id`) VALUES ('2381', '6', '2015-6-13', '1', '21');
INSERT INTO `umpire`.`round` (`ID`, `round_number`, `round_date`, `season_id`, `league_id`) VALUES ('2382', '6', '2015-6-13', '1', '22');
INSERT INTO `umpire`.`round` (`ID`, `round_number`, `round_date`, `season_id`, `league_id`) VALUES ('2383', '6', '2015-6-13', '1', '23');
INSERT INTO `umpire`.`round` (`ID`, `round_number`, `round_date`, `season_id`, `league_id`) VALUES ('2384', '6', '2015-6-14', '1', '13');
INSERT INTO `umpire`.`round` (`ID`, `round_number`, `round_date`, `season_id`, `league_id`) VALUES ('2385', '6', '2015-6-14', '1', '14');
INSERT INTO `umpire`.`round` (`ID`, `round_number`, `round_date`, `season_id`, `league_id`) VALUES ('2386', '6', '2015-6-14', '1', '15');
INSERT INTO `umpire`.`round` (`ID`, `round_number`, `round_date`, `season_id`, `league_id`) VALUES ('2387', '6', '2015-6-14', '1', '16');
INSERT INTO `umpire`.`round` (`ID`, `round_number`, `round_date`, `season_id`, `league_id`) VALUES ('2388', '6', '2015-6-14', '1', '18');
INSERT INTO `umpire`.`round` (`ID`, `round_number`, `round_date`, `season_id`, `league_id`) VALUES ('2389', '6', '2015-6-14', '1', '19');
INSERT INTO `umpire`.`round` (`ID`, `round_number`, `round_date`, `season_id`, `league_id`) VALUES ('2390', '6', '2015-6-14', '1', '20');
INSERT INTO `umpire`.`round` (`ID`, `round_number`, `round_date`, `season_id`, `league_id`) VALUES ('2391', '6', '2015-6-14', '1', '21');
INSERT INTO `umpire`.`round` (`ID`, `round_number`, `round_date`, `season_id`, `league_id`) VALUES ('2392', '6', '2015-6-14', '1', '23');
INSERT INTO `umpire`.`round` (`ID`, `round_number`, `round_date`, `season_id`, `league_id`) VALUES ('2393', '6', '2015-6-14', '1', '24');
INSERT INTO `umpire`.`round` (`ID`, `round_number`, `round_date`, `season_id`, `league_id`) VALUES ('2394', '6', '2015-6-14', '1', '25');
INSERT INTO `umpire`.`round` (`ID`, `round_number`, `round_date`, `season_id`, `league_id`) VALUES ('2395', '6', '2015-5-15', '1', '9');
INSERT INTO `umpire`.`round` (`ID`, `round_number`, `round_date`, `season_id`, `league_id`) VALUES ('2396', '6', '2015-5-15', '1', '10');
INSERT INTO `umpire`.`round` (`ID`, `round_number`, `round_date`, `season_id`, `league_id`) VALUES ('2397', '6', '2015-5-16', '1', '5');
INSERT INTO `umpire`.`round` (`ID`, `round_number`, `round_date`, `season_id`, `league_id`) VALUES ('2398', '6', '2015-5-16', '1', '6');
INSERT INTO `umpire`.`round` (`ID`, `round_number`, `round_date`, `season_id`, `league_id`) VALUES ('2399', '6', '2015-5-16', '1', '9');
INSERT INTO `umpire`.`round` (`ID`, `round_number`, `round_date`, `season_id`, `league_id`) VALUES ('2400', '6', '2015-5-16', '1', '10');
INSERT INTO `umpire`.`round` (`ID`, `round_number`, `round_date`, `season_id`, `league_id`) VALUES ('2401', '6', '2015-6-27', '1', '26');
INSERT INTO `umpire`.`round` (`ID`, `round_number`, `round_date`, `season_id`, `league_id`) VALUES ('2402', '6', '2015-6-27', '1', '27');
INSERT INTO `umpire`.`round` (`ID`, `round_number`, `round_date`, `season_id`, `league_id`) VALUES ('2403', '6', '2015-6-27', '1', '28');
INSERT INTO `umpire`.`round` (`ID`, `round_number`, `round_date`, `season_id`, `league_id`) VALUES ('2404', '6', '2015-6-27', '1', '29');
INSERT INTO `umpire`.`round` (`ID`, `round_number`, `round_date`, `season_id`, `league_id`) VALUES ('2405', '6', '2015-5-30', '1', '3');
INSERT INTO `umpire`.`round` (`ID`, `round_number`, `round_date`, `season_id`, `league_id`) VALUES ('2406', '6', '2015-5-30', '1', '4');
INSERT INTO `umpire`.`round` (`ID`, `round_number`, `round_date`, `season_id`, `league_id`) VALUES ('2407', '7', '2015-7-4', '1', '26');
INSERT INTO `umpire`.`round` (`ID`, `round_number`, `round_date`, `season_id`, `league_id`) VALUES ('2408', '7', '2015-7-4', '1', '27');
INSERT INTO `umpire`.`round` (`ID`, `round_number`, `round_date`, `season_id`, `league_id`) VALUES ('2409', '7', '2015-7-4', '1', '28');
INSERT INTO `umpire`.`round` (`ID`, `round_number`, `round_date`, `season_id`, `league_id`) VALUES ('2410', '7', '2015-7-4', '1', '29');
INSERT INTO `umpire`.`round` (`ID`, `round_number`, `round_date`, `season_id`, `league_id`) VALUES ('2411', '7', '2015-7-5', '1', '26');
INSERT INTO `umpire`.`round` (`ID`, `round_number`, `round_date`, `season_id`, `league_id`) VALUES ('2412', '7', '2015-6-6', '1', '3');
INSERT INTO `umpire`.`round` (`ID`, `round_number`, `round_date`, `season_id`, `league_id`) VALUES ('2413', '7', '2015-6-6', '1', '4');
INSERT INTO `umpire`.`round` (`ID`, `round_number`, `round_date`, `season_id`, `league_id`) VALUES ('2414', '7', '2015-6-19', '1', '13');
INSERT INTO `umpire`.`round` (`ID`, `round_number`, `round_date`, `season_id`, `league_id`) VALUES ('2415', '7', '2015-6-19', '1', '15');
INSERT INTO `umpire`.`round` (`ID`, `round_number`, `round_date`, `season_id`, `league_id`) VALUES ('2416', '7', '2015-6-19', '1', '23');
INSERT INTO `umpire`.`round` (`ID`, `round_number`, `round_date`, `season_id`, `league_id`) VALUES ('2417', '7', '2015-6-19', '1', '24');
INSERT INTO `umpire`.`round` (`ID`, `round_number`, `round_date`, `season_id`, `league_id`) VALUES ('2418', '7', '2015-6-20', '1', '13');
INSERT INTO `umpire`.`round` (`ID`, `round_number`, `round_date`, `season_id`, `league_id`) VALUES ('2419', '7', '2015-6-20', '1', '14');
INSERT INTO `umpire`.`round` (`ID`, `round_number`, `round_date`, `season_id`, `league_id`) VALUES ('2420', '7', '2015-6-20', '1', '15');
INSERT INTO `umpire`.`round` (`ID`, `round_number`, `round_date`, `season_id`, `league_id`) VALUES ('2421', '7', '2015-6-20', '1', '16');
INSERT INTO `umpire`.`round` (`ID`, `round_number`, `round_date`, `season_id`, `league_id`) VALUES ('2422', '7', '2015-6-20', '1', '17');
INSERT INTO `umpire`.`round` (`ID`, `round_number`, `round_date`, `season_id`, `league_id`) VALUES ('2423', '7', '2015-6-20', '1', '18');
INSERT INTO `umpire`.`round` (`ID`, `round_number`, `round_date`, `season_id`, `league_id`) VALUES ('2424', '7', '2015-6-20', '1', '19');
INSERT INTO `umpire`.`round` (`ID`, `round_number`, `round_date`, `season_id`, `league_id`) VALUES ('2425', '7', '2015-6-20', '1', '20');
INSERT INTO `umpire`.`round` (`ID`, `round_number`, `round_date`, `season_id`, `league_id`) VALUES ('2426', '7', '2015-6-20', '1', '21');
INSERT INTO `umpire`.`round` (`ID`, `round_number`, `round_date`, `season_id`, `league_id`) VALUES ('2427', '7', '2015-6-20', '1', '22');
INSERT INTO `umpire`.`round` (`ID`, `round_number`, `round_date`, `season_id`, `league_id`) VALUES ('2428', '7', '2015-6-20', '1', '23');
INSERT INTO `umpire`.`round` (`ID`, `round_number`, `round_date`, `season_id`, `league_id`) VALUES ('2429', '7', '2015-6-21', '1', '13');
INSERT INTO `umpire`.`round` (`ID`, `round_number`, `round_date`, `season_id`, `league_id`) VALUES ('2430', '7', '2015-6-21', '1', '14');
INSERT INTO `umpire`.`round` (`ID`, `round_number`, `round_date`, `season_id`, `league_id`) VALUES ('2431', '7', '2015-6-21', '1', '15');
INSERT INTO `umpire`.`round` (`ID`, `round_number`, `round_date`, `season_id`, `league_id`) VALUES ('2432', '7', '2015-6-21', '1', '16');
INSERT INTO `umpire`.`round` (`ID`, `round_number`, `round_date`, `season_id`, `league_id`) VALUES ('2433', '7', '2015-6-21', '1', '17');
INSERT INTO `umpire`.`round` (`ID`, `round_number`, `round_date`, `season_id`, `league_id`) VALUES ('2434', '7', '2015-6-21', '1', '18');
INSERT INTO `umpire`.`round` (`ID`, `round_number`, `round_date`, `season_id`, `league_id`) VALUES ('2435', '7', '2015-6-21', '1', '19');
INSERT INTO `umpire`.`round` (`ID`, `round_number`, `round_date`, `season_id`, `league_id`) VALUES ('2436', '7', '2015-6-21', '1', '20');
INSERT INTO `umpire`.`round` (`ID`, `round_number`, `round_date`, `season_id`, `league_id`) VALUES ('2437', '7', '2015-6-21', '1', '21');
INSERT INTO `umpire`.`round` (`ID`, `round_number`, `round_date`, `season_id`, `league_id`) VALUES ('2438', '7', '2015-6-21', '1', '23');
INSERT INTO `umpire`.`round` (`ID`, `round_number`, `round_date`, `season_id`, `league_id`) VALUES ('2439', '7', '2015-6-21', '1', '24');
INSERT INTO `umpire`.`round` (`ID`, `round_number`, `round_date`, `season_id`, `league_id`) VALUES ('2440', '7', '2015-6-21', '1', '25');
INSERT INTO `umpire`.`round` (`ID`, `round_number`, `round_date`, `season_id`, `league_id`) VALUES ('2441', '7', '2015-5-30', '1', '5');
INSERT INTO `umpire`.`round` (`ID`, `round_number`, `round_date`, `season_id`, `league_id`) VALUES ('2442', '7', '2015-5-30', '1', '6');
INSERT INTO `umpire`.`round` (`ID`, `round_number`, `round_date`, `season_id`, `league_id`) VALUES ('2443', '7', '2015-5-30', '1', '9');
INSERT INTO `umpire`.`round` (`ID`, `round_number`, `round_date`, `season_id`, `league_id`) VALUES ('2444', '7', '2015-5-30', '1', '10');
INSERT INTO `umpire`.`round` (`ID`, `round_number`, `round_date`, `season_id`, `league_id`) VALUES ('2445', '8', '2015-4-3', '1', '3');
INSERT INTO `umpire`.`round` (`ID`, `round_number`, `round_date`, `season_id`, `league_id`) VALUES ('2446', '8', '2015-4-3', '1', '4');
INSERT INTO `umpire`.`round` (`ID`, `round_number`, `round_date`, `season_id`, `league_id`) VALUES ('2447', '8', '2015-6-6', '1', '5');
INSERT INTO `umpire`.`round` (`ID`, `round_number`, `round_date`, `season_id`, `league_id`) VALUES ('2448', '8', '2015-6-6', '1', '6');
INSERT INTO `umpire`.`round` (`ID`, `round_number`, `round_date`, `season_id`, `league_id`) VALUES ('2449', '8', '2015-6-6', '1', '9');
INSERT INTO `umpire`.`round` (`ID`, `round_number`, `round_date`, `season_id`, `league_id`) VALUES ('2450', '8', '2015-6-6', '1', '10');
INSERT INTO `umpire`.`round` (`ID`, `round_number`, `round_date`, `season_id`, `league_id`) VALUES ('2451', '8', '2015-7-11', '1', '27');
INSERT INTO `umpire`.`round` (`ID`, `round_number`, `round_date`, `season_id`, `league_id`) VALUES ('2452', '8', '2015-7-11', '1', '28');
INSERT INTO `umpire`.`round` (`ID`, `round_number`, `round_date`, `season_id`, `league_id`) VALUES ('2453', '8', '2015-7-11', '1', '29');
INSERT INTO `umpire`.`round` (`ID`, `round_number`, `round_date`, `season_id`, `league_id`) VALUES ('2454', '8', '2015-6-13', '1', '3');
INSERT INTO `umpire`.`round` (`ID`, `round_number`, `round_date`, `season_id`, `league_id`) VALUES ('2455', '8', '2015-6-13', '1', '4');
INSERT INTO `umpire`.`round` (`ID`, `round_number`, `round_date`, `season_id`, `league_id`) VALUES ('2456', '8', '2015-7-18', '1', '26');
INSERT INTO `umpire`.`round` (`ID`, `round_number`, `round_date`, `season_id`, `league_id`) VALUES ('2457', '8', '2015-7-19', '1', '26');
INSERT INTO `umpire`.`round` (`ID`, `round_number`, `round_date`, `season_id`, `league_id`) VALUES ('2458', '8', '2015-6-26', '1', '20');
INSERT INTO `umpire`.`round` (`ID`, `round_number`, `round_date`, `season_id`, `league_id`) VALUES ('2459', '8', '2015-6-27', '1', '13');
INSERT INTO `umpire`.`round` (`ID`, `round_number`, `round_date`, `season_id`, `league_id`) VALUES ('2460', '8', '2015-6-27', '1', '14');
INSERT INTO `umpire`.`round` (`ID`, `round_number`, `round_date`, `season_id`, `league_id`) VALUES ('2461', '8', '2015-6-27', '1', '15');
INSERT INTO `umpire`.`round` (`ID`, `round_number`, `round_date`, `season_id`, `league_id`) VALUES ('2462', '8', '2015-6-27', '1', '16');
INSERT INTO `umpire`.`round` (`ID`, `round_number`, `round_date`, `season_id`, `league_id`) VALUES ('2463', '8', '2015-6-27', '1', '17');
INSERT INTO `umpire`.`round` (`ID`, `round_number`, `round_date`, `season_id`, `league_id`) VALUES ('2464', '8', '2015-6-27', '1', '18');
INSERT INTO `umpire`.`round` (`ID`, `round_number`, `round_date`, `season_id`, `league_id`) VALUES ('2465', '8', '2015-6-27', '1', '19');
INSERT INTO `umpire`.`round` (`ID`, `round_number`, `round_date`, `season_id`, `league_id`) VALUES ('2466', '8', '2015-6-27', '1', '20');
INSERT INTO `umpire`.`round` (`ID`, `round_number`, `round_date`, `season_id`, `league_id`) VALUES ('2467', '8', '2015-6-27', '1', '21');
INSERT INTO `umpire`.`round` (`ID`, `round_number`, `round_date`, `season_id`, `league_id`) VALUES ('2468', '8', '2015-6-27', '1', '22');
INSERT INTO `umpire`.`round` (`ID`, `round_number`, `round_date`, `season_id`, `league_id`) VALUES ('2469', '8', '2015-6-27', '1', '23');
INSERT INTO `umpire`.`round` (`ID`, `round_number`, `round_date`, `season_id`, `league_id`) VALUES ('2470', '8', '2015-6-28', '1', '13');
INSERT INTO `umpire`.`round` (`ID`, `round_number`, `round_date`, `season_id`, `league_id`) VALUES ('2471', '8', '2015-6-28', '1', '14');
INSERT INTO `umpire`.`round` (`ID`, `round_number`, `round_date`, `season_id`, `league_id`) VALUES ('2472', '8', '2015-6-28', '1', '16');
INSERT INTO `umpire`.`round` (`ID`, `round_number`, `round_date`, `season_id`, `league_id`) VALUES ('2473', '8', '2015-6-28', '1', '17');
INSERT INTO `umpire`.`round` (`ID`, `round_number`, `round_date`, `season_id`, `league_id`) VALUES ('2474', '8', '2015-6-28', '1', '18');
INSERT INTO `umpire`.`round` (`ID`, `round_number`, `round_date`, `season_id`, `league_id`) VALUES ('2475', '8', '2015-6-28', '1', '19');
INSERT INTO `umpire`.`round` (`ID`, `round_number`, `round_date`, `season_id`, `league_id`) VALUES ('2476', '8', '2015-6-28', '1', '21');
INSERT INTO `umpire`.`round` (`ID`, `round_number`, `round_date`, `season_id`, `league_id`) VALUES ('2477', '8', '2015-6-28', '1', '23');
INSERT INTO `umpire`.`round` (`ID`, `round_number`, `round_date`, `season_id`, `league_id`) VALUES ('2478', '8', '2015-6-28', '1', '24');
INSERT INTO `umpire`.`round` (`ID`, `round_number`, `round_date`, `season_id`, `league_id`) VALUES ('2479', '8', '2015-6-28', '1', '25');
INSERT INTO `umpire`.`round` (`ID`, `round_number`, `round_date`, `season_id`, `league_id`) VALUES ('2480', '9', '2015-6-13', '1', '5');
INSERT INTO `umpire`.`round` (`ID`, `round_number`, `round_date`, `season_id`, `league_id`) VALUES ('2481', '9', '2015-6-13', '1', '6');
INSERT INTO `umpire`.`round` (`ID`, `round_number`, `round_date`, `season_id`, `league_id`) VALUES ('2482', '9', '2015-6-13', '1', '9');
INSERT INTO `umpire`.`round` (`ID`, `round_number`, `round_date`, `season_id`, `league_id`) VALUES ('2483', '9', '2015-6-13', '1', '10');
INSERT INTO `umpire`.`round` (`ID`, `round_number`, `round_date`, `season_id`, `league_id`) VALUES ('2484', '9', '2015-6-14', '1', '9');
INSERT INTO `umpire`.`round` (`ID`, `round_number`, `round_date`, `season_id`, `league_id`) VALUES ('2485', '9', '2015-6-14', '1', '10');
INSERT INTO `umpire`.`round` (`ID`, `round_number`, `round_date`, `season_id`, `league_id`) VALUES ('2486', '9', '2015-7-17', '1', '17');
INSERT INTO `umpire`.`round` (`ID`, `round_number`, `round_date`, `season_id`, `league_id`) VALUES ('2487', '9', '2015-7-17', '1', '23');
INSERT INTO `umpire`.`round` (`ID`, `round_number`, `round_date`, `season_id`, `league_id`) VALUES ('2488', '9', '2015-7-17', '1', '24');
INSERT INTO `umpire`.`round` (`ID`, `round_number`, `round_date`, `season_id`, `league_id`) VALUES ('2489', '9', '2015-7-18', '1', '13');
INSERT INTO `umpire`.`round` (`ID`, `round_number`, `round_date`, `season_id`, `league_id`) VALUES ('2490', '9', '2015-7-18', '1', '14');
INSERT INTO `umpire`.`round` (`ID`, `round_number`, `round_date`, `season_id`, `league_id`) VALUES ('2491', '9', '2015-7-18', '1', '15');
INSERT INTO `umpire`.`round` (`ID`, `round_number`, `round_date`, `season_id`, `league_id`) VALUES ('2492', '9', '2015-7-18', '1', '16');
INSERT INTO `umpire`.`round` (`ID`, `round_number`, `round_date`, `season_id`, `league_id`) VALUES ('2493', '9', '2015-7-18', '1', '17');
INSERT INTO `umpire`.`round` (`ID`, `round_number`, `round_date`, `season_id`, `league_id`) VALUES ('2494', '9', '2015-7-18', '1', '18');
INSERT INTO `umpire`.`round` (`ID`, `round_number`, `round_date`, `season_id`, `league_id`) VALUES ('2495', '9', '2015-7-18', '1', '19');
INSERT INTO `umpire`.`round` (`ID`, `round_number`, `round_date`, `season_id`, `league_id`) VALUES ('2496', '9', '2015-7-18', '1', '20');
INSERT INTO `umpire`.`round` (`ID`, `round_number`, `round_date`, `season_id`, `league_id`) VALUES ('2497', '9', '2015-7-18', '1', '21');
INSERT INTO `umpire`.`round` (`ID`, `round_number`, `round_date`, `season_id`, `league_id`) VALUES ('2498', '9', '2015-7-18', '1', '22');
INSERT INTO `umpire`.`round` (`ID`, `round_number`, `round_date`, `season_id`, `league_id`) VALUES ('2499', '9', '2015-7-18', '1', '23');
INSERT INTO `umpire`.`round` (`ID`, `round_number`, `round_date`, `season_id`, `league_id`) VALUES ('2500', '9', '2015-7-18', '1', '27');
INSERT INTO `umpire`.`round` (`ID`, `round_number`, `round_date`, `season_id`, `league_id`) VALUES ('2501', '9', '2015-7-18', '1', '28');
INSERT INTO `umpire`.`round` (`ID`, `round_number`, `round_date`, `season_id`, `league_id`) VALUES ('2502', '9', '2015-7-18', '1', '29');
INSERT INTO `umpire`.`round` (`ID`, `round_number`, `round_date`, `season_id`, `league_id`) VALUES ('2503', '9', '2015-7-19', '1', '13');
INSERT INTO `umpire`.`round` (`ID`, `round_number`, `round_date`, `season_id`, `league_id`) VALUES ('2504', '9', '2015-7-19', '1', '14');
INSERT INTO `umpire`.`round` (`ID`, `round_number`, `round_date`, `season_id`, `league_id`) VALUES ('2505', '9', '2015-7-19', '1', '16');
INSERT INTO `umpire`.`round` (`ID`, `round_number`, `round_date`, `season_id`, `league_id`) VALUES ('2506', '9', '2015-7-19', '1', '17');
INSERT INTO `umpire`.`round` (`ID`, `round_number`, `round_date`, `season_id`, `league_id`) VALUES ('2507', '9', '2015-7-19', '1', '18');
INSERT INTO `umpire`.`round` (`ID`, `round_number`, `round_date`, `season_id`, `league_id`) VALUES ('2508', '9', '2015-7-19', '1', '19');
INSERT INTO `umpire`.`round` (`ID`, `round_number`, `round_date`, `season_id`, `league_id`) VALUES ('2509', '9', '2015-7-19', '1', '20');
INSERT INTO `umpire`.`round` (`ID`, `round_number`, `round_date`, `season_id`, `league_id`) VALUES ('2510', '9', '2015-7-19', '1', '21');
INSERT INTO `umpire`.`round` (`ID`, `round_number`, `round_date`, `season_id`, `league_id`) VALUES ('2511', '9', '2015-7-19', '1', '22');
INSERT INTO `umpire`.`round` (`ID`, `round_number`, `round_date`, `season_id`, `league_id`) VALUES ('2512', '9', '2015-7-19', '1', '23');
INSERT INTO `umpire`.`round` (`ID`, `round_number`, `round_date`, `season_id`, `league_id`) VALUES ('2513', '9', '2015-7-19', '1', '24');
INSERT INTO `umpire`.`round` (`ID`, `round_number`, `round_date`, `season_id`, `league_id`) VALUES ('2514', '9', '2015-7-19', '1', '25');
INSERT INTO `umpire`.`round` (`ID`, `round_number`, `round_date`, `season_id`, `league_id`) VALUES ('2515', '9', '2015-7-19', '1', '28');
INSERT INTO `umpire`.`round` (`ID`, `round_number`, `round_date`, `season_id`, `league_id`) VALUES ('2516', '9', '2015-6-20', '1', '3');
INSERT INTO `umpire`.`round` (`ID`, `round_number`, `round_date`, `season_id`, `league_id`) VALUES ('2517', '9', '2015-6-20', '1', '4');
INSERT INTO `umpire`.`round` (`ID`, `round_number`, `round_date`, `season_id`, `league_id`) VALUES ('2518', '9', '2015-7-25', '1', '26');
INSERT INTO `umpire`.`round` (`ID`, `round_number`, `round_date`, `season_id`, `league_id`) VALUES ('2519', '10', '2015-8-1', '1', '26');
INSERT INTO `umpire`.`round` (`ID`, `round_number`, `round_date`, `season_id`, `league_id`) VALUES ('2520', '10', '2015-6-20', '1', '5');
INSERT INTO `umpire`.`round` (`ID`, `round_number`, `round_date`, `season_id`, `league_id`) VALUES ('2521', '10', '2015-6-20', '1', '6');
INSERT INTO `umpire`.`round` (`ID`, `round_number`, `round_date`, `season_id`, `league_id`) VALUES ('2522', '10', '2015-6-20', '1', '9');
INSERT INTO `umpire`.`round` (`ID`, `round_number`, `round_date`, `season_id`, `league_id`) VALUES ('2523', '10', '2015-6-20', '1', '10');
INSERT INTO `umpire`.`round` (`ID`, `round_number`, `round_date`, `season_id`, `league_id`) VALUES ('2524', '10', '2015-7-24', '1', '17');
INSERT INTO `umpire`.`round` (`ID`, `round_number`, `round_date`, `season_id`, `league_id`) VALUES ('2525', '10', '2015-7-24', '1', '23');
INSERT INTO `umpire`.`round` (`ID`, `round_number`, `round_date`, `season_id`, `league_id`) VALUES ('2526', '10', '2015-7-25', '1', '13');
INSERT INTO `umpire`.`round` (`ID`, `round_number`, `round_date`, `season_id`, `league_id`) VALUES ('2527', '10', '2015-7-25', '1', '14');
INSERT INTO `umpire`.`round` (`ID`, `round_number`, `round_date`, `season_id`, `league_id`) VALUES ('2528', '10', '2015-7-25', '1', '16');
INSERT INTO `umpire`.`round` (`ID`, `round_number`, `round_date`, `season_id`, `league_id`) VALUES ('2529', '10', '2015-7-25', '1', '17');
INSERT INTO `umpire`.`round` (`ID`, `round_number`, `round_date`, `season_id`, `league_id`) VALUES ('2530', '10', '2015-7-25', '1', '18');
INSERT INTO `umpire`.`round` (`ID`, `round_number`, `round_date`, `season_id`, `league_id`) VALUES ('2531', '10', '2015-7-25', '1', '19');
INSERT INTO `umpire`.`round` (`ID`, `round_number`, `round_date`, `season_id`, `league_id`) VALUES ('2532', '10', '2015-7-25', '1', '20');
INSERT INTO `umpire`.`round` (`ID`, `round_number`, `round_date`, `season_id`, `league_id`) VALUES ('2533', '10', '2015-7-25', '1', '21');
INSERT INTO `umpire`.`round` (`ID`, `round_number`, `round_date`, `season_id`, `league_id`) VALUES ('2534', '10', '2015-7-25', '1', '22');
INSERT INTO `umpire`.`round` (`ID`, `round_number`, `round_date`, `season_id`, `league_id`) VALUES ('2535', '10', '2015-7-25', '1', '23');
INSERT INTO `umpire`.`round` (`ID`, `round_number`, `round_date`, `season_id`, `league_id`) VALUES ('2536', '10', '2015-7-25', '1', '27');
INSERT INTO `umpire`.`round` (`ID`, `round_number`, `round_date`, `season_id`, `league_id`) VALUES ('2537', '10', '2015-7-25', '1', '28');
INSERT INTO `umpire`.`round` (`ID`, `round_number`, `round_date`, `season_id`, `league_id`) VALUES ('2538', '10', '2015-7-25', '1', '29');
INSERT INTO `umpire`.`round` (`ID`, `round_number`, `round_date`, `season_id`, `league_id`) VALUES ('2539', '10', '2015-7-26', '1', '13');
INSERT INTO `umpire`.`round` (`ID`, `round_number`, `round_date`, `season_id`, `league_id`) VALUES ('2540', '10', '2015-7-26', '1', '14');
INSERT INTO `umpire`.`round` (`ID`, `round_number`, `round_date`, `season_id`, `league_id`) VALUES ('2541', '10', '2015-7-26', '1', '15');
INSERT INTO `umpire`.`round` (`ID`, `round_number`, `round_date`, `season_id`, `league_id`) VALUES ('2542', '10', '2015-7-26', '1', '16');
INSERT INTO `umpire`.`round` (`ID`, `round_number`, `round_date`, `season_id`, `league_id`) VALUES ('2543', '10', '2015-7-26', '1', '17');
INSERT INTO `umpire`.`round` (`ID`, `round_number`, `round_date`, `season_id`, `league_id`) VALUES ('2544', '10', '2015-7-26', '1', '18');
INSERT INTO `umpire`.`round` (`ID`, `round_number`, `round_date`, `season_id`, `league_id`) VALUES ('2545', '10', '2015-7-26', '1', '19');
INSERT INTO `umpire`.`round` (`ID`, `round_number`, `round_date`, `season_id`, `league_id`) VALUES ('2546', '10', '2015-7-26', '1', '20');
INSERT INTO `umpire`.`round` (`ID`, `round_number`, `round_date`, `season_id`, `league_id`) VALUES ('2547', '10', '2015-7-26', '1', '21');
INSERT INTO `umpire`.`round` (`ID`, `round_number`, `round_date`, `season_id`, `league_id`) VALUES ('2548', '10', '2015-7-26', '1', '22');
INSERT INTO `umpire`.`round` (`ID`, `round_number`, `round_date`, `season_id`, `league_id`) VALUES ('2549', '10', '2015-7-26', '1', '23');
INSERT INTO `umpire`.`round` (`ID`, `round_number`, `round_date`, `season_id`, `league_id`) VALUES ('2550', '10', '2015-7-26', '1', '24');
INSERT INTO `umpire`.`round` (`ID`, `round_number`, `round_date`, `season_id`, `league_id`) VALUES ('2551', '10', '2015-7-26', '1', '25');
INSERT INTO `umpire`.`round` (`ID`, `round_number`, `round_date`, `season_id`, `league_id`) VALUES ('2552', '10', '2015-6-27', '1', '3');
INSERT INTO `umpire`.`round` (`ID`, `round_number`, `round_date`, `season_id`, `league_id`) VALUES ('2553', '10', '2015-6-27', '1', '4');
INSERT INTO `umpire`.`round` (`ID`, `round_number`, `round_date`, `season_id`, `league_id`) VALUES ('2554', '11', '2015-8-1', '1', '13');
INSERT INTO `umpire`.`round` (`ID`, `round_number`, `round_date`, `season_id`, `league_id`) VALUES ('2555', '11', '2015-8-1', '1', '14');
INSERT INTO `umpire`.`round` (`ID`, `round_number`, `round_date`, `season_id`, `league_id`) VALUES ('2556', '11', '2015-8-1', '1', '15');
INSERT INTO `umpire`.`round` (`ID`, `round_number`, `round_date`, `season_id`, `league_id`) VALUES ('2557', '11', '2015-8-1', '1', '17');
INSERT INTO `umpire`.`round` (`ID`, `round_number`, `round_date`, `season_id`, `league_id`) VALUES ('2558', '11', '2015-8-1', '1', '18');
INSERT INTO `umpire`.`round` (`ID`, `round_number`, `round_date`, `season_id`, `league_id`) VALUES ('2559', '11', '2015-8-1', '1', '19');
INSERT INTO `umpire`.`round` (`ID`, `round_number`, `round_date`, `season_id`, `league_id`) VALUES ('2560', '11', '2015-8-1', '1', '20');
INSERT INTO `umpire`.`round` (`ID`, `round_number`, `round_date`, `season_id`, `league_id`) VALUES ('2561', '11', '2015-8-1', '1', '22');
INSERT INTO `umpire`.`round` (`ID`, `round_number`, `round_date`, `season_id`, `league_id`) VALUES ('2562', '11', '2015-8-1', '1', '23');
INSERT INTO `umpire`.`round` (`ID`, `round_number`, `round_date`, `season_id`, `league_id`) VALUES ('2563', '11', '2015-8-1', '1', '27');
INSERT INTO `umpire`.`round` (`ID`, `round_number`, `round_date`, `season_id`, `league_id`) VALUES ('2564', '11', '2015-8-1', '1', '28');
INSERT INTO `umpire`.`round` (`ID`, `round_number`, `round_date`, `season_id`, `league_id`) VALUES ('2565', '11', '2015-8-1', '1', '29');
INSERT INTO `umpire`.`round` (`ID`, `round_number`, `round_date`, `season_id`, `league_id`) VALUES ('2566', '11', '2015-8-2', '1', '13');
INSERT INTO `umpire`.`round` (`ID`, `round_number`, `round_date`, `season_id`, `league_id`) VALUES ('2567', '11', '2015-8-2', '1', '14');
INSERT INTO `umpire`.`round` (`ID`, `round_number`, `round_date`, `season_id`, `league_id`) VALUES ('2568', '11', '2015-8-2', '1', '15');
INSERT INTO `umpire`.`round` (`ID`, `round_number`, `round_date`, `season_id`, `league_id`) VALUES ('2569', '11', '2015-8-2', '1', '16');
INSERT INTO `umpire`.`round` (`ID`, `round_number`, `round_date`, `season_id`, `league_id`) VALUES ('2570', '11', '2015-8-2', '1', '17');
INSERT INTO `umpire`.`round` (`ID`, `round_number`, `round_date`, `season_id`, `league_id`) VALUES ('2571', '11', '2015-8-2', '1', '19');
INSERT INTO `umpire`.`round` (`ID`, `round_number`, `round_date`, `season_id`, `league_id`) VALUES ('2572', '11', '2015-8-2', '1', '20');
INSERT INTO `umpire`.`round` (`ID`, `round_number`, `round_date`, `season_id`, `league_id`) VALUES ('2573', '11', '2015-8-2', '1', '21');
INSERT INTO `umpire`.`round` (`ID`, `round_number`, `round_date`, `season_id`, `league_id`) VALUES ('2574', '11', '2015-8-2', '1', '23');
INSERT INTO `umpire`.`round` (`ID`, `round_number`, `round_date`, `season_id`, `league_id`) VALUES ('2575', '11', '2015-8-2', '1', '24');
INSERT INTO `umpire`.`round` (`ID`, `round_number`, `round_date`, `season_id`, `league_id`) VALUES ('2576', '11', '2015-8-2', '1', '25');
INSERT INTO `umpire`.`round` (`ID`, `round_number`, `round_date`, `season_id`, `league_id`) VALUES ('2577', '11', '2015-7-4', '1', '3');
INSERT INTO `umpire`.`round` (`ID`, `round_number`, `round_date`, `season_id`, `league_id`) VALUES ('2578', '11', '2015-7-4', '1', '4');
INSERT INTO `umpire`.`round` (`ID`, `round_number`, `round_date`, `season_id`, `league_id`) VALUES ('2579', '11', '2015-8-8', '1', '26');
INSERT INTO `umpire`.`round` (`ID`, `round_number`, `round_date`, `season_id`, `league_id`) VALUES ('2580', '11', '2015-6-27', '1', '5');
INSERT INTO `umpire`.`round` (`ID`, `round_number`, `round_date`, `season_id`, `league_id`) VALUES ('2581', '11', '2015-6-27', '1', '6');
INSERT INTO `umpire`.`round` (`ID`, `round_number`, `round_date`, `season_id`, `league_id`) VALUES ('2582', '11', '2015-6-27', '1', '9');
INSERT INTO `umpire`.`round` (`ID`, `round_number`, `round_date`, `season_id`, `league_id`) VALUES ('2583', '11', '2015-6-27', '1', '10');
INSERT INTO `umpire`.`round` (`ID`, `round_number`, `round_date`, `season_id`, `league_id`) VALUES ('2584', '11', '2015-6-28', '1', '9');
INSERT INTO `umpire`.`round` (`ID`, `round_number`, `round_date`, `season_id`, `league_id`) VALUES ('2585', '11', '2015-6-28', '1', '10');
INSERT INTO `umpire`.`round` (`ID`, `round_number`, `round_date`, `season_id`, `league_id`) VALUES ('2586', '11', '2015-7-31', '1', '22');
INSERT INTO `umpire`.`round` (`ID`, `round_number`, `round_date`, `season_id`, `league_id`) VALUES ('2587', '11', '2015-7-31', '1', '23');
INSERT INTO `umpire`.`round` (`ID`, `round_number`, `round_date`, `season_id`, `league_id`) VALUES ('2588', '12', '2015-7-4', '1', '5');
INSERT INTO `umpire`.`round` (`ID`, `round_number`, `round_date`, `season_id`, `league_id`) VALUES ('2589', '12', '2015-7-4', '1', '6');
INSERT INTO `umpire`.`round` (`ID`, `round_number`, `round_date`, `season_id`, `league_id`) VALUES ('2590', '12', '2015-7-4', '1', '9');
INSERT INTO `umpire`.`round` (`ID`, `round_number`, `round_date`, `season_id`, `league_id`) VALUES ('2591', '12', '2015-7-4', '1', '10');
INSERT INTO `umpire`.`round` (`ID`, `round_number`, `round_date`, `season_id`, `league_id`) VALUES ('2592', '12', '2015-7-5', '1', '5');
INSERT INTO `umpire`.`round` (`ID`, `round_number`, `round_date`, `season_id`, `league_id`) VALUES ('2593', '12', '2015-7-5', '1', '6');
INSERT INTO `umpire`.`round` (`ID`, `round_number`, `round_date`, `season_id`, `league_id`) VALUES ('2594', '12', '2015-8-8', '1', '13');
INSERT INTO `umpire`.`round` (`ID`, `round_number`, `round_date`, `season_id`, `league_id`) VALUES ('2595', '12', '2015-8-8', '1', '14');
INSERT INTO `umpire`.`round` (`ID`, `round_number`, `round_date`, `season_id`, `league_id`) VALUES ('2596', '12', '2015-8-8', '1', '15');
INSERT INTO `umpire`.`round` (`ID`, `round_number`, `round_date`, `season_id`, `league_id`) VALUES ('2597', '12', '2015-8-8', '1', '16');
INSERT INTO `umpire`.`round` (`ID`, `round_number`, `round_date`, `season_id`, `league_id`) VALUES ('2598', '12', '2015-8-8', '1', '17');
INSERT INTO `umpire`.`round` (`ID`, `round_number`, `round_date`, `season_id`, `league_id`) VALUES ('2599', '12', '2015-8-8', '1', '18');
INSERT INTO `umpire`.`round` (`ID`, `round_number`, `round_date`, `season_id`, `league_id`) VALUES ('2600', '12', '2015-8-8', '1', '19');
INSERT INTO `umpire`.`round` (`ID`, `round_number`, `round_date`, `season_id`, `league_id`) VALUES ('2601', '12', '2015-8-8', '1', '20');
INSERT INTO `umpire`.`round` (`ID`, `round_number`, `round_date`, `season_id`, `league_id`) VALUES ('2602', '12', '2015-8-8', '1', '21');
INSERT INTO `umpire`.`round` (`ID`, `round_number`, `round_date`, `season_id`, `league_id`) VALUES ('2603', '12', '2015-8-8', '1', '22');
INSERT INTO `umpire`.`round` (`ID`, `round_number`, `round_date`, `season_id`, `league_id`) VALUES ('2604', '12', '2015-8-8', '1', '23');
INSERT INTO `umpire`.`round` (`ID`, `round_number`, `round_date`, `season_id`, `league_id`) VALUES ('2605', '12', '2015-8-8', '1', '27');
INSERT INTO `umpire`.`round` (`ID`, `round_number`, `round_date`, `season_id`, `league_id`) VALUES ('2606', '12', '2015-8-8', '1', '28');
INSERT INTO `umpire`.`round` (`ID`, `round_number`, `round_date`, `season_id`, `league_id`) VALUES ('2607', '12', '2015-8-8', '1', '29');
INSERT INTO `umpire`.`round` (`ID`, `round_number`, `round_date`, `season_id`, `league_id`) VALUES ('2608', '12', '2015-8-9', '1', '13');
INSERT INTO `umpire`.`round` (`ID`, `round_number`, `round_date`, `season_id`, `league_id`) VALUES ('2609', '12', '2015-8-9', '1', '14');
INSERT INTO `umpire`.`round` (`ID`, `round_number`, `round_date`, `season_id`, `league_id`) VALUES ('2610', '12', '2015-8-9', '1', '15');
INSERT INTO `umpire`.`round` (`ID`, `round_number`, `round_date`, `season_id`, `league_id`) VALUES ('2611', '12', '2015-8-9', '1', '16');
INSERT INTO `umpire`.`round` (`ID`, `round_number`, `round_date`, `season_id`, `league_id`) VALUES ('2612', '12', '2015-8-9', '1', '17');
INSERT INTO `umpire`.`round` (`ID`, `round_number`, `round_date`, `season_id`, `league_id`) VALUES ('2613', '12', '2015-8-9', '1', '19');
INSERT INTO `umpire`.`round` (`ID`, `round_number`, `round_date`, `season_id`, `league_id`) VALUES ('2614', '12', '2015-8-9', '1', '20');
INSERT INTO `umpire`.`round` (`ID`, `round_number`, `round_date`, `season_id`, `league_id`) VALUES ('2615', '12', '2015-8-9', '1', '23');
INSERT INTO `umpire`.`round` (`ID`, `round_number`, `round_date`, `season_id`, `league_id`) VALUES ('2616', '12', '2015-8-9', '1', '24');
INSERT INTO `umpire`.`round` (`ID`, `round_number`, `round_date`, `season_id`, `league_id`) VALUES ('2617', '12', '2015-8-9', '1', '25');
INSERT INTO `umpire`.`round` (`ID`, `round_number`, `round_date`, `season_id`, `league_id`) VALUES ('2618', '12', '2015-8-15', '1', '26');
INSERT INTO `umpire`.`round` (`ID`, `round_number`, `round_date`, `season_id`, `league_id`) VALUES ('2619', '12', '2015-7-18', '1', '3');
INSERT INTO `umpire`.`round` (`ID`, `round_number`, `round_date`, `season_id`, `league_id`) VALUES ('2620', '12', '2015-7-18', '1', '4');
INSERT INTO `umpire`.`round` (`ID`, `round_number`, `round_date`, `season_id`, `league_id`) VALUES ('2621', '12', '2015-7-19', '1', '3');
INSERT INTO `umpire`.`round` (`ID`, `round_number`, `round_date`, `season_id`, `league_id`) VALUES ('2622', '12', '2015-7-19', '1', '4');
INSERT INTO `umpire`.`round` (`ID`, `round_number`, `round_date`, `season_id`, `league_id`) VALUES ('2623', '13', '2015-7-11', '1', '9');
INSERT INTO `umpire`.`round` (`ID`, `round_number`, `round_date`, `season_id`, `league_id`) VALUES ('2624', '13', '2015-7-11', '1', '10');
INSERT INTO `umpire`.`round` (`ID`, `round_number`, `round_date`, `season_id`, `league_id`) VALUES ('2625', '13', '2015-8-15', '1', '27');
INSERT INTO `umpire`.`round` (`ID`, `round_number`, `round_date`, `season_id`, `league_id`) VALUES ('2626', '13', '2015-8-15', '1', '28');
INSERT INTO `umpire`.`round` (`ID`, `round_number`, `round_date`, `season_id`, `league_id`) VALUES ('2627', '13', '2015-8-15', '1', '29');
INSERT INTO `umpire`.`round` (`ID`, `round_number`, `round_date`, `season_id`, `league_id`) VALUES ('2628', '13', '2015-7-18', '1', '5');
INSERT INTO `umpire`.`round` (`ID`, `round_number`, `round_date`, `season_id`, `league_id`) VALUES ('2629', '13', '2015-7-18', '1', '6');
INSERT INTO `umpire`.`round` (`ID`, `round_number`, `round_date`, `season_id`, `league_id`) VALUES ('2630', '13', '2015-8-22', '1', '26');
INSERT INTO `umpire`.`round` (`ID`, `round_number`, `round_date`, `season_id`, `league_id`) VALUES ('2631', '13', '2015-7-25', '1', '3');
INSERT INTO `umpire`.`round` (`ID`, `round_number`, `round_date`, `season_id`, `league_id`) VALUES ('2632', '13', '2015-7-25', '1', '4');
INSERT INTO `umpire`.`round` (`ID`, `round_number`, `round_date`, `season_id`, `league_id`) VALUES ('2633', '14', '2015-8-1', '1', '3');
INSERT INTO `umpire`.`round` (`ID`, `round_number`, `round_date`, `season_id`, `league_id`) VALUES ('2634', '14', '2015-8-1', '1', '4');
INSERT INTO `umpire`.`round` (`ID`, `round_number`, `round_date`, `season_id`, `league_id`) VALUES ('2635', '14', '2015-7-18', '1', '9');
INSERT INTO `umpire`.`round` (`ID`, `round_number`, `round_date`, `season_id`, `league_id`) VALUES ('2636', '14', '2015-7-18', '1', '10');
INSERT INTO `umpire`.`round` (`ID`, `round_number`, `round_date`, `season_id`, `league_id`) VALUES ('2637', '14', '2015-7-19', '1', '9');
INSERT INTO `umpire`.`round` (`ID`, `round_number`, `round_date`, `season_id`, `league_id`) VALUES ('2638', '14', '2015-7-19', '1', '10');
INSERT INTO `umpire`.`round` (`ID`, `round_number`, `round_date`, `season_id`, `league_id`) VALUES ('2639', '14', '2015-8-22', '1', '27');
INSERT INTO `umpire`.`round` (`ID`, `round_number`, `round_date`, `season_id`, `league_id`) VALUES ('2640', '14', '2015-8-22', '1', '29');
INSERT INTO `umpire`.`round` (`ID`, `round_number`, `round_date`, `season_id`, `league_id`) VALUES ('2641', '14', '2015-7-25', '1', '5');
INSERT INTO `umpire`.`round` (`ID`, `round_number`, `round_date`, `season_id`, `league_id`) VALUES ('2642', '14', '2015-7-25', '1', '6');
INSERT INTO `umpire`.`round` (`ID`, `round_number`, `round_date`, `season_id`, `league_id`) VALUES ('2643', '14', '2015-8-29', '1', '26');
INSERT INTO `umpire`.`round` (`ID`, `round_number`, `round_date`, `season_id`, `league_id`) VALUES ('2644', '15', '2015-8-1', '1', '5');
INSERT INTO `umpire`.`round` (`ID`, `round_number`, `round_date`, `season_id`, `league_id`) VALUES ('2645', '15', '2015-8-1', '1', '6');
INSERT INTO `umpire`.`round` (`ID`, `round_number`, `round_date`, `season_id`, `league_id`) VALUES ('2646', '15', '2015-8-8', '1', '3');
INSERT INTO `umpire`.`round` (`ID`, `round_number`, `round_date`, `season_id`, `league_id`) VALUES ('2647', '15', '2015-8-8', '1', '4');
INSERT INTO `umpire`.`round` (`ID`, `round_number`, `round_date`, `season_id`, `league_id`) VALUES ('2648', '15', '2015-7-25', '1', '9');
INSERT INTO `umpire`.`round` (`ID`, `round_number`, `round_date`, `season_id`, `league_id`) VALUES ('2649', '15', '2015-7-25', '1', '10');
INSERT INTO `umpire`.`round` (`ID`, `round_number`, `round_date`, `season_id`, `league_id`) VALUES ('2650', '16', '2015-8-1', '1', '9');
INSERT INTO `umpire`.`round` (`ID`, `round_number`, `round_date`, `season_id`, `league_id`) VALUES ('2651', '16', '2015-8-1', '1', '10');
INSERT INTO `umpire`.`round` (`ID`, `round_number`, `round_date`, `season_id`, `league_id`) VALUES ('2652', '16', '2015-8-8', '1', '5');
INSERT INTO `umpire`.`round` (`ID`, `round_number`, `round_date`, `season_id`, `league_id`) VALUES ('2653', '16', '2015-8-8', '1', '6');
INSERT INTO `umpire`.`round` (`ID`, `round_number`, `round_date`, `season_id`, `league_id`) VALUES ('2654', '16', '2015-8-9', '1', '5');
INSERT INTO `umpire`.`round` (`ID`, `round_number`, `round_date`, `season_id`, `league_id`) VALUES ('2655', '16', '2015-8-9', '1', '6');
INSERT INTO `umpire`.`round` (`ID`, `round_number`, `round_date`, `season_id`, `league_id`) VALUES ('2656', '16', '2015-8-15', '1', '3');
INSERT INTO `umpire`.`round` (`ID`, `round_number`, `round_date`, `season_id`, `league_id`) VALUES ('2657', '16', '2015-8-15', '1', '4');
INSERT INTO `umpire`.`round` (`ID`, `round_number`, `round_date`, `season_id`, `league_id`) VALUES ('2658', '17', '2015-8-8', '1', '9');
INSERT INTO `umpire`.`round` (`ID`, `round_number`, `round_date`, `season_id`, `league_id`) VALUES ('2659', '17', '2015-8-8', '1', '10');
INSERT INTO `umpire`.`round` (`ID`, `round_number`, `round_date`, `season_id`, `league_id`) VALUES ('2660', '17', '2015-8-15', '1', '5');
INSERT INTO `umpire`.`round` (`ID`, `round_number`, `round_date`, `season_id`, `league_id`) VALUES ('2661', '17', '2015-8-15', '1', '6');
INSERT INTO `umpire`.`round` (`ID`, `round_number`, `round_date`, `season_id`, `league_id`) VALUES ('2662', '17', '2015-8-22', '1', '3');
INSERT INTO `umpire`.`round` (`ID`, `round_number`, `round_date`, `season_id`, `league_id`) VALUES ('2663', '17', '2015-8-22', '1', '4');
INSERT INTO `umpire`.`round` (`ID`, `round_number`, `round_date`, `season_id`, `league_id`) VALUES ('2664', '18', '2015-8-15', '1', '9');
INSERT INTO `umpire`.`round` (`ID`, `round_number`, `round_date`, `season_id`, `league_id`) VALUES ('2665', '18', '2015-8-15', '1', '10');
INSERT INTO `umpire`.`round` (`ID`, `round_number`, `round_date`, `season_id`, `league_id`) VALUES ('2666', '18', '2015-8-22', '1', '5');
INSERT INTO `umpire`.`round` (`ID`, `round_number`, `round_date`, `season_id`, `league_id`) VALUES ('2667', '18', '2015-8-22', '1', '6');
INSERT INTO `umpire`.`round` (`ID`, `round_number`, `round_date`, `season_id`, `league_id`) VALUES ('2668', '18', '2015-8-29', '1', '3');
INSERT INTO `umpire`.`round` (`ID`, `round_number`, `round_date`, `season_id`, `league_id`) VALUES ('2669', '18', '2015-8-29', '1', '4');





INSERT INTO `umpire`.`ground` (`ID`, `main_name`, `alternative_name`) VALUES ('1', 'Alcoa Oval', 'Alcoa Oval');
INSERT INTO `umpire`.`ground` (`ID`, `main_name`, `alternative_name`) VALUES ('2', 'Anakie Reserve', 'Anakie Reserve');
INSERT INTO `umpire`.`ground` (`ID`, `main_name`, `alternative_name`) VALUES ('3', 'Bisinella Oval', 'Bisinella Oval');
INSERT INTO `umpire`.`ground` (`ID`, `main_name`, `alternative_name`) VALUES ('4', 'Bob Pettit Reserve', 'Bob Pettit Reserve');
INSERT INTO `umpire`.`ground` (`ID`, `main_name`, `alternative_name`) VALUES ('5', 'Burdoo Reserve', 'Burdoo Reserve');
INSERT INTO `umpire`.`ground` (`ID`, `main_name`, `alternative_name`) VALUES ('6', 'Central Reserve', 'Central Reserve');
INSERT INTO `umpire`.`ground` (`ID`, `main_name`, `alternative_name`) VALUES ('7', 'Colac Secondary College', 'Colac Secondary College');
INSERT INTO `umpire`.`ground` (`ID`, `main_name`, `alternative_name`) VALUES ('8', 'Collendina Reserve', 'Collendina Reserve');
INSERT INTO `umpire`.`ground` (`ID`, `main_name`, `alternative_name`) VALUES ('9', 'Community Bank Oval', 'Community Bank Oval');
INSERT INTO `umpire`.`ground` (`ID`, `main_name`, `alternative_name`) VALUES ('10', 'Drew Reserve', 'Drew Reserve');
INSERT INTO `umpire`.`ground` (`ID`, `main_name`, `alternative_name`) VALUES ('11', 'Drysdale Recreation Reserve', 'Drysdale Recreation Reserve');
INSERT INTO `umpire`.`ground` (`ID`, `main_name`, `alternative_name`) VALUES ('12', 'Easten Reserve Hopkins St Winchelsea', 'Easten Reserve Hopkins St Winchelsea');
INSERT INTO `umpire`.`ground` (`ID`, `main_name`, `alternative_name`) VALUES ('13', 'Eastern Reserve', 'Eastern Reserve');
INSERT INTO `umpire`.`ground` (`ID`, `main_name`, `alternative_name`) VALUES ('14', 'Elderslie Reserve', 'Elderslie Reserve');
INSERT INTO `umpire`.`ground` (`ID`, `main_name`, `alternative_name`) VALUES ('15', 'Galvin Park Werribee', 'Galvin Park');
INSERT INTO `umpire`.`ground` (`ID`, `main_name`, `alternative_name`) VALUES ('16', 'Galvin Park Werribee', 'Galvin Park Werribee');
INSERT INTO `umpire`.`ground` (`ID`, `main_name`, `alternative_name`) VALUES ('17', 'Grinter Reserve', 'Grinter Reserve');
INSERT INTO `umpire`.`ground` (`ID`, `main_name`, `alternative_name`) VALUES ('18', 'Hamlyn Park', 'Hamlyn Park');
INSERT INTO `umpire`.`ground` (`ID`, `main_name`, `alternative_name`) VALUES ('19', 'Harold Hurst Reserve', 'Harold Hurst Reserve');
INSERT INTO `umpire`.`ground` (`ID`, `main_name`, `alternative_name`) VALUES ('20', 'Howard Harmer Oval', 'Howard Harmer Oval');
INSERT INTO `umpire`.`ground` (`ID`, `main_name`, `alternative_name`) VALUES ('21', 'Inverleigh Reserve', 'Inverleigh Reserve');
INSERT INTO `umpire`.`ground` (`ID`, `main_name`, `alternative_name`) VALUES ('22', 'Jetts Oval Winter Reserve', 'Jetts Oval (winter Reserve)');
INSERT INTO `umpire`.`ground` (`ID`, `main_name`, `alternative_name`) VALUES ('23', 'Jetts Oval Winter Reserve', 'Jetts Oval Winter Reserve');
INSERT INTO `umpire`.`ground` (`ID`, `main_name`, `alternative_name`) VALUES ('24', 'Keith Barclay Oval', 'Keith Barclay Oval');
INSERT INTO `umpire`.`ground` (`ID`, `main_name`, `alternative_name`) VALUES ('25', 'Keith Barclay Oval Osborne Park', 'Keith Barclay Oval Osborne Park');
INSERT INTO `umpire`.`ground` (`ID`, `main_name`, `alternative_name`) VALUES ('26', 'Leopold Memorial Park', 'Leopold Memorial Park');
INSERT INTO `umpire`.`ground` (`ID`, `main_name`, `alternative_name`) VALUES ('27', 'Leopold Memorial Park No. 2', 'Leopold Memorial Park No. 2');
INSERT INTO `umpire`.`ground` (`ID`, `main_name`, `alternative_name`) VALUES ('28', 'Mcdonald Reserve', 'Mcdonald Reserve');
INSERT INTO `umpire`.`ground` (`ID`, `main_name`, `alternative_name`) VALUES ('29', 'Mcdonald Reserve No. 2', 'Mcdonald Reserve No. 2');
INSERT INTO `umpire`.`ground` (`ID`, `main_name`, `alternative_name`) VALUES ('30', 'Mt Moriac Recreational Reserve No. 2', 'Mt Moriac Recreational Reserve No. 2');
INSERT INTO `umpire`.`ground` (`ID`, `main_name`, `alternative_name`) VALUES ('31', 'Myers Reserve', 'Myers Reserve');
INSERT INTO `umpire`.`ground` (`ID`, `main_name`, `alternative_name`) VALUES ('32', 'Ocean Grove Memorial Recreation Reserve', 'Ocean Grove Memorial Recreation Reserve');
INSERT INTO `umpire`.`ground` (`ID`, `main_name`, `alternative_name`) VALUES ('33', 'Portarlington Recreation Reserve', 'Portarlington Recreation Reserve');
INSERT INTO `umpire`.`ground` (`ID`, `main_name`, `alternative_name`) VALUES ('34', 'Queens Park', 'Queens Park');
INSERT INTO `umpire`.`ground` (`ID`, `main_name`, `alternative_name`) VALUES ('35', 'Queenscliff Recreation Reserve', 'Queenscliff Recreation Reserve');
INSERT INTO `umpire`.`ground` (`ID`, `main_name`, `alternative_name`) VALUES ('36', 'Richmond Cresent', 'Richmond Cresent');
INSERT INTO `umpire`.`ground` (`ID`, `main_name`, `alternative_name`) VALUES ('37', 'Richmond Oval', 'Richmond Oval');
INSERT INTO `umpire`.`ground` (`ID`, `main_name`, `alternative_name`) VALUES ('38', 'Shell Oval', 'Shell Oval');
INSERT INTO `umpire`.`ground` (`ID`, `main_name`, `alternative_name`) VALUES ('39', 'Spring Creek Reserve', 'Spring Creek Reserve');
INSERT INTO `umpire`.`ground` (`ID`, `main_name`, `alternative_name`) VALUES ('40', 'St Albans Reserve', 'St Albans Reserve');
INSERT INTO `umpire`.`ground` (`ID`, `main_name`, `alternative_name`) VALUES ('41', 'St Marys Oval', 'St Marys Oval');
INSERT INTO `umpire`.`ground` (`ID`, `main_name`, `alternative_name`) VALUES ('42', 'Thomson Recreation Reserve', 'Thomson Recreation Reserve');
INSERT INTO `umpire`.`ground` (`ID`, `main_name`, `alternative_name`) VALUES ('43', 'Torquay Sports Precinct 1', 'Torquay Sports Precinct 1');
INSERT INTO `umpire`.`ground` (`ID`, `main_name`, `alternative_name`) VALUES ('44', 'Victoria Park', 'Victoria Park');
INSERT INTO `umpire`.`ground` (`ID`, `main_name`, `alternative_name`) VALUES ('45', 'Walker Oval', 'Walker Oval');
INSERT INTO `umpire`.`ground` (`ID`, `main_name`, `alternative_name`) VALUES ('46', 'West Oval', 'West Oval');
INSERT INTO `umpire`.`ground` (`ID`, `main_name`, `alternative_name`) VALUES ('47', 'Western Oval', 'Western Oval');
INSERT INTO `umpire`.`ground` (`ID`, `main_name`, `alternative_name`) VALUES ('48', 'Windsor Park', 'Windsor Park');
INSERT INTO `umpire`.`ground` (`ID`, `main_name`, `alternative_name`) VALUES ('49', 'The Quay Reserve', 'The Quay Reserve');



INSERT INTO `umpire`.`club` (`ID`, `club_name`, `abbreviation`) VALUES ('63', 'Anakie', '');
INSERT INTO `umpire`.`club` (`ID`, `club_name`, `abbreviation`) VALUES ('64', 'Anglesea', '');
INSERT INTO `umpire`.`club` (`ID`, `club_name`, `abbreviation`) VALUES ('65', 'Bannockburn', '');
INSERT INTO `umpire`.`club` (`ID`, `club_name`, `abbreviation`) VALUES ('66', 'Barwon Heads', '');
INSERT INTO `umpire`.`club` (`ID`, `club_name`, `abbreviation`) VALUES ('67', 'Bell Park', '');
INSERT INTO `umpire`.`club` (`ID`, `club_name`, `abbreviation`) VALUES ('68', 'Bell Post Hill', '');
INSERT INTO `umpire`.`club` (`ID`, `club_name`, `abbreviation`) VALUES ('69', 'Belmont Lions', '');
INSERT INTO `umpire`.`club` (`ID`, `club_name`, `abbreviation`) VALUES ('70', 'Belmont Lions / Newcomb', '');
INSERT INTO `umpire`.`club` (`ID`, `club_name`, `abbreviation`) VALUES ('71', 'Colac', '');
INSERT INTO `umpire`.`club` (`ID`, `club_name`, `abbreviation`) VALUES ('72', 'Corio', '');
INSERT INTO `umpire`.`club` (`ID`, `club_name`, `abbreviation`) VALUES ('73', 'Drysdale', '');
INSERT INTO `umpire`.`club` (`ID`, `club_name`, `abbreviation`) VALUES ('74', 'Drysdale Bennett', '');
INSERT INTO `umpire`.`club` (`ID`, `club_name`, `abbreviation`) VALUES ('75', 'Drysdale Byrne', '');
INSERT INTO `umpire`.`club` (`ID`, `club_name`, `abbreviation`) VALUES ('76', 'Drysdale Eddy', '');
INSERT INTO `umpire`.`club` (`ID`, `club_name`, `abbreviation`) VALUES ('77', 'Drysdale Hall', '');
INSERT INTO `umpire`.`club` (`ID`, `club_name`, `abbreviation`) VALUES ('78', 'Drysdale Hector', '');
INSERT INTO `umpire`.`club` (`ID`, `club_name`, `abbreviation`) VALUES ('79', 'Drysdale Hoyer', '');
INSERT INTO `umpire`.`club` (`ID`, `club_name`, `abbreviation`) VALUES ('80', 'East Geelong', '');
INSERT INTO `umpire`.`club` (`ID`, `club_name`, `abbreviation`) VALUES ('81', 'Geelong Amateur', '');
INSERT INTO `umpire`.`club` (`ID`, `club_name`, `abbreviation`) VALUES ('82', 'Geelong West', '');
INSERT INTO `umpire`.`club` (`ID`, `club_name`, `abbreviation`) VALUES ('83', 'Geelong West St Peters', '');
INSERT INTO `umpire`.`club` (`ID`, `club_name`, `abbreviation`) VALUES ('84', 'Grovedale', '');
INSERT INTO `umpire`.`club` (`ID`, `club_name`, `abbreviation`) VALUES ('85', 'Gwsp', '');
INSERT INTO `umpire`.`club` (`ID`, `club_name`, `abbreviation`) VALUES ('86', 'Gwsp / Bannockburn', '');
INSERT INTO `umpire`.`club` (`ID`, `club_name`, `abbreviation`) VALUES ('87', 'Inverleigh', '');
INSERT INTO `umpire`.`club` (`ID`, `club_name`, `abbreviation`) VALUES ('88', 'Lara', '');
INSERT INTO `umpire`.`club` (`ID`, `club_name`, `abbreviation`) VALUES ('89', 'Leopold', '');
INSERT INTO `umpire`.`club` (`ID`, `club_name`, `abbreviation`) VALUES ('90', 'Modewarre', '');
INSERT INTO `umpire`.`club` (`ID`, `club_name`, `abbreviation`) VALUES ('91', 'Newcomb', '');
INSERT INTO `umpire`.`club` (`ID`, `club_name`, `abbreviation`) VALUES ('92', 'Newcomb Power', '');
INSERT INTO `umpire`.`club` (`ID`, `club_name`, `abbreviation`) VALUES ('93', 'Newtown & Chilwell', '');
INSERT INTO `umpire`.`club` (`ID`, `club_name`, `abbreviation`) VALUES ('94', 'North Geelong', '');
INSERT INTO `umpire`.`club` (`ID`, `club_name`, `abbreviation`) VALUES ('95', 'North Shore', '');
INSERT INTO `umpire`.`club` (`ID`, `club_name`, `abbreviation`) VALUES ('96', 'Ocean Grove', '');
INSERT INTO `umpire`.`club` (`ID`, `club_name`, `abbreviation`) VALUES ('97', 'Ogcc', '');
INSERT INTO `umpire`.`club` (`ID`, `club_name`, `abbreviation`) VALUES ('98', 'Portarlington', '');
INSERT INTO `umpire`.`club` (`ID`, `club_name`, `abbreviation`) VALUES ('99', 'Queenscliff', '');
INSERT INTO `umpire`.`club` (`ID`, `club_name`, `abbreviation`) VALUES ('100', 'South Barwon', '');
INSERT INTO `umpire`.`club` (`ID`, `club_name`, `abbreviation`) VALUES ('101', 'South Barwon / Geelong Amateur', '');
INSERT INTO `umpire`.`club` (`ID`, `club_name`, `abbreviation`) VALUES ('102', 'St Albans', '');
INSERT INTO `umpire`.`club` (`ID`, `club_name`, `abbreviation`) VALUES ('103', 'St Albans Allthorpe', '');
INSERT INTO `umpire`.`club` (`ID`, `club_name`, `abbreviation`) VALUES ('104', 'St Albans Reid', '');
INSERT INTO `umpire`.`club` (`ID`, `club_name`, `abbreviation`) VALUES ('105', 'St Joseph\'s', '');
INSERT INTO `umpire`.`club` (`ID`, `club_name`, `abbreviation`) VALUES ('106', 'St Joseph\'s Hill', '');
INSERT INTO `umpire`.`club` (`ID`, `club_name`, `abbreviation`) VALUES ('107', 'St Joseph\'s Podbury', '');
INSERT INTO `umpire`.`club` (`ID`, `club_name`, `abbreviation`) VALUES ('108', 'St Mary\'s', '');
INSERT INTO `umpire`.`club` (`ID`, `club_name`, `abbreviation`) VALUES ('109', 'Thomson', '');
INSERT INTO `umpire`.`club` (`ID`, `club_name`, `abbreviation`) VALUES ('110', 'Tigers Black', '');
INSERT INTO `umpire`.`club` (`ID`, `club_name`, `abbreviation`) VALUES ('111', 'Tigers Gold', '');
INSERT INTO `umpire`.`club` (`ID`, `club_name`, `abbreviation`) VALUES ('112', 'Torquay', '');
INSERT INTO `umpire`.`club` (`ID`, `club_name`, `abbreviation`) VALUES ('113', 'Torquay Bumpstead', '');
INSERT INTO `umpire`.`club` (`ID`, `club_name`, `abbreviation`) VALUES ('114', 'Torquay Coles', '');
INSERT INTO `umpire`.`club` (`ID`, `club_name`, `abbreviation`) VALUES ('115', 'Torquay Dunstan', '');
INSERT INTO `umpire`.`club` (`ID`, `club_name`, `abbreviation`) VALUES ('116', 'Torquay Jones', '');
INSERT INTO `umpire`.`club` (`ID`, `club_name`, `abbreviation`) VALUES ('117', 'Torquay Nairn', '');
INSERT INTO `umpire`.`club` (`ID`, `club_name`, `abbreviation`) VALUES ('118', 'Torquay Papworth', '');
INSERT INTO `umpire`.`club` (`ID`, `club_name`, `abbreviation`) VALUES ('119', 'Torquay Pyers', '');
INSERT INTO `umpire`.`club` (`ID`, `club_name`, `abbreviation`) VALUES ('120', 'Torquay Scott', '');
INSERT INTO `umpire`.`club` (`ID`, `club_name`, `abbreviation`) VALUES ('121', 'Werribee Centrals', '');
INSERT INTO `umpire`.`club` (`ID`, `club_name`, `abbreviation`) VALUES ('122', 'Winchelsea', '');
INSERT INTO `umpire`.`club` (`ID`, `club_name`, `abbreviation`) VALUES ('123', 'Winchelsea / Grovedale', '');





INSERT INTO `umpire`.`team` (`ID`, `team_name`, `club_id`) VALUES ('1', 'Anakie', '63');
INSERT INTO `umpire`.`team` (`ID`, `team_name`, `club_id`) VALUES ('2', 'Anglesea', '64');
INSERT INTO `umpire`.`team` (`ID`, `team_name`, `club_id`) VALUES ('3', 'Bannockburn', '65');
INSERT INTO `umpire`.`team` (`ID`, `team_name`, `club_id`) VALUES ('4', 'Bannockburn 1', '65');
INSERT INTO `umpire`.`team` (`ID`, `team_name`, `club_id`) VALUES ('5', 'Bannockburn 2', '65');
INSERT INTO `umpire`.`team` (`ID`, `team_name`, `club_id`) VALUES ('6', 'Barwon Heads', '66');
INSERT INTO `umpire`.`team` (`ID`, `team_name`, `club_id`) VALUES ('7', 'Bell Park', '67');
INSERT INTO `umpire`.`team` (`ID`, `team_name`, `club_id`) VALUES ('8', 'Bell Park 1', '67');
INSERT INTO `umpire`.`team` (`ID`, `team_name`, `club_id`) VALUES ('9', 'Bell Park 2', '67');
INSERT INTO `umpire`.`team` (`ID`, `team_name`, `club_id`) VALUES ('10', 'Bell Post Hill', '68');
INSERT INTO `umpire`.`team` (`ID`, `team_name`, `club_id`) VALUES ('11', 'Belmont Lions', '69');
INSERT INTO `umpire`.`team` (`ID`, `team_name`, `club_id`) VALUES ('12', 'Belmont Lions / Newcomb', '70');
INSERT INTO `umpire`.`team` (`ID`, `team_name`, `club_id`) VALUES ('13', 'Colac', '71');
INSERT INTO `umpire`.`team` (`ID`, `team_name`, `club_id`) VALUES ('14', 'Corio', '72');
INSERT INTO `umpire`.`team` (`ID`, `team_name`, `club_id`) VALUES ('15', 'Drysdale', '73');
INSERT INTO `umpire`.`team` (`ID`, `team_name`, `club_id`) VALUES ('16', 'Drysdale Bennett', '74');
INSERT INTO `umpire`.`team` (`ID`, `team_name`, `club_id`) VALUES ('17', 'Drysdale Byrne', '75');
INSERT INTO `umpire`.`team` (`ID`, `team_name`, `club_id`) VALUES ('18', 'Drysdale Eddy', '76');
INSERT INTO `umpire`.`team` (`ID`, `team_name`, `club_id`) VALUES ('19', 'Drysdale Hall', '77');
INSERT INTO `umpire`.`team` (`ID`, `team_name`, `club_id`) VALUES ('20', 'Drysdale Hector', '78');
INSERT INTO `umpire`.`team` (`ID`, `team_name`, `club_id`) VALUES ('21', 'Drysdale Hoyer', '79');
INSERT INTO `umpire`.`team` (`ID`, `team_name`, `club_id`) VALUES ('22', 'East Geelong', '80');
INSERT INTO `umpire`.`team` (`ID`, `team_name`, `club_id`) VALUES ('23', 'Geelong Amateur', '81');
INSERT INTO `umpire`.`team` (`ID`, `team_name`, `club_id`) VALUES ('24', 'Geelong Amateur 1', '81');
INSERT INTO `umpire`.`team` (`ID`, `team_name`, `club_id`) VALUES ('25', 'Geelong Amateur 2', '81');
INSERT INTO `umpire`.`team` (`ID`, `team_name`, `club_id`) VALUES ('26', 'Geelong West', '82');
INSERT INTO `umpire`.`team` (`ID`, `team_name`, `club_id`) VALUES ('27', 'Geelong West St Peters', '83');
INSERT INTO `umpire`.`team` (`ID`, `team_name`, `club_id`) VALUES ('28', 'Geelong West St Peters 1', '83');
INSERT INTO `umpire`.`team` (`ID`, `team_name`, `club_id`) VALUES ('29', 'Geelong West St Peters 2', '83');
INSERT INTO `umpire`.`team` (`ID`, `team_name`, `club_id`) VALUES ('30', 'Grovedale', '84');
INSERT INTO `umpire`.`team` (`ID`, `team_name`, `club_id`) VALUES ('31', 'Grovedale 1', '84');
INSERT INTO `umpire`.`team` (`ID`, `team_name`, `club_id`) VALUES ('32', 'Grovedale 2', '84');
INSERT INTO `umpire`.`team` (`ID`, `team_name`, `club_id`) VALUES ('33', 'Grovedale 3', '84');
INSERT INTO `umpire`.`team` (`ID`, `team_name`, `club_id`) VALUES ('34', 'Gwsp', '85');
INSERT INTO `umpire`.`team` (`ID`, `team_name`, `club_id`) VALUES ('35', 'Gwsp / Bannockburn', '86');
INSERT INTO `umpire`.`team` (`ID`, `team_name`, `club_id`) VALUES ('36', 'Inverleigh', '87');
INSERT INTO `umpire`.`team` (`ID`, `team_name`, `club_id`) VALUES ('37', 'Lara', '88');
INSERT INTO `umpire`.`team` (`ID`, `team_name`, `club_id`) VALUES ('38', 'Lara 1', '88');
INSERT INTO `umpire`.`team` (`ID`, `team_name`, `club_id`) VALUES ('39', 'Lara 2', '88');
INSERT INTO `umpire`.`team` (`ID`, `team_name`, `club_id`) VALUES ('40', 'Leopold', '89');
INSERT INTO `umpire`.`team` (`ID`, `team_name`, `club_id`) VALUES ('41', 'Leopold 1', '89');
INSERT INTO `umpire`.`team` (`ID`, `team_name`, `club_id`) VALUES ('42', 'Leopold 2', '89');
INSERT INTO `umpire`.`team` (`ID`, `team_name`, `club_id`) VALUES ('43', 'Modewarre', '90');
INSERT INTO `umpire`.`team` (`ID`, `team_name`, `club_id`) VALUES ('44', 'Newcomb', '91');
INSERT INTO `umpire`.`team` (`ID`, `team_name`, `club_id`) VALUES ('45', 'Newcomb Power', '92');
INSERT INTO `umpire`.`team` (`ID`, `team_name`, `club_id`) VALUES ('46', 'Newtown & Chilwell', '93');
INSERT INTO `umpire`.`team` (`ID`, `team_name`, `club_id`) VALUES ('47', 'Newtown & Chilwell 1', '93');
INSERT INTO `umpire`.`team` (`ID`, `team_name`, `club_id`) VALUES ('48', 'Newtown & Chilwell 2', '93');
INSERT INTO `umpire`.`team` (`ID`, `team_name`, `club_id`) VALUES ('49', 'North Geelong', '94');
INSERT INTO `umpire`.`team` (`ID`, `team_name`, `club_id`) VALUES ('50', 'North Shore', '95');
INSERT INTO `umpire`.`team` (`ID`, `team_name`, `club_id`) VALUES ('51', 'Ocean Grove', '96');
INSERT INTO `umpire`.`team` (`ID`, `team_name`, `club_id`) VALUES ('52', 'Ocean Grove 1', '96');
INSERT INTO `umpire`.`team` (`ID`, `team_name`, `club_id`) VALUES ('53', 'Ocean Grove 2', '96');
INSERT INTO `umpire`.`team` (`ID`, `team_name`, `club_id`) VALUES ('54', 'Ogcc 1', '97');
INSERT INTO `umpire`.`team` (`ID`, `team_name`, `club_id`) VALUES ('55', 'Ogcc 2', '97');
INSERT INTO `umpire`.`team` (`ID`, `team_name`, `club_id`) VALUES ('56', 'Ogcc 3', '97');
INSERT INTO `umpire`.`team` (`ID`, `team_name`, `club_id`) VALUES ('57', 'Portarlington', '98');
INSERT INTO `umpire`.`team` (`ID`, `team_name`, `club_id`) VALUES ('58', 'Queenscliff', '99');
INSERT INTO `umpire`.`team` (`ID`, `team_name`, `club_id`) VALUES ('59', 'South Barwon', '100');
INSERT INTO `umpire`.`team` (`ID`, `team_name`, `club_id`) VALUES ('60', 'South Barwon / Geelong Amateur', '101');
INSERT INTO `umpire`.`team` (`ID`, `team_name`, `club_id`) VALUES ('61', 'South Barwon 1', '100');
INSERT INTO `umpire`.`team` (`ID`, `team_name`, `club_id`) VALUES ('62', 'South Barwon 2', '100');
INSERT INTO `umpire`.`team` (`ID`, `team_name`, `club_id`) VALUES ('63', 'St Albans', '102');
INSERT INTO `umpire`.`team` (`ID`, `team_name`, `club_id`) VALUES ('64', 'St Albans Allthorpe', '103');
INSERT INTO `umpire`.`team` (`ID`, `team_name`, `club_id`) VALUES ('65', 'St Albans Reid', '104');
INSERT INTO `umpire`.`team` (`ID`, `team_name`, `club_id`) VALUES ('66', 'St Joseph\'s', '105');
INSERT INTO `umpire`.`team` (`ID`, `team_name`, `club_id`) VALUES ('67', 'St Joseph\'s 1', '105');
INSERT INTO `umpire`.`team` (`ID`, `team_name`, `club_id`) VALUES ('68', 'St Joseph\'s 2', '105');
INSERT INTO `umpire`.`team` (`ID`, `team_name`, `club_id`) VALUES ('69', 'St Joseph\'s 3', '105');
INSERT INTO `umpire`.`team` (`ID`, `team_name`, `club_id`) VALUES ('70', 'St Joseph\'s 4', '105');
INSERT INTO `umpire`.`team` (`ID`, `team_name`, `club_id`) VALUES ('71', 'St Joseph\'s Hill', '106');
INSERT INTO `umpire`.`team` (`ID`, `team_name`, `club_id`) VALUES ('72', 'St Joseph\'s Podbury', '107');
INSERT INTO `umpire`.`team` (`ID`, `team_name`, `club_id`) VALUES ('73', 'St Mary\'s', '108');
INSERT INTO `umpire`.`team` (`ID`, `team_name`, `club_id`) VALUES ('74', 'St Mary\'s 1', '108');
INSERT INTO `umpire`.`team` (`ID`, `team_name`, `club_id`) VALUES ('75', 'St Mary\'s 2', '108');
INSERT INTO `umpire`.`team` (`ID`, `team_name`, `club_id`) VALUES ('76', 'St Mary\'s 3', '108');
INSERT INTO `umpire`.`team` (`ID`, `team_name`, `club_id`) VALUES ('77', 'Thomson', '109');
INSERT INTO `umpire`.`team` (`ID`, `team_name`, `club_id`) VALUES ('78', 'Tigers Black', '110');
INSERT INTO `umpire`.`team` (`ID`, `team_name`, `club_id`) VALUES ('79', 'Tigers Gold', '111');
INSERT INTO `umpire`.`team` (`ID`, `team_name`, `club_id`) VALUES ('80', 'Torquay', '112');
INSERT INTO `umpire`.`team` (`ID`, `team_name`, `club_id`) VALUES ('81', 'Torquay 1', '112');
INSERT INTO `umpire`.`team` (`ID`, `team_name`, `club_id`) VALUES ('82', 'Torquay 2', '112');
INSERT INTO `umpire`.`team` (`ID`, `team_name`, `club_id`) VALUES ('83', 'Torquay Bumpstead', '113');
INSERT INTO `umpire`.`team` (`ID`, `team_name`, `club_id`) VALUES ('84', 'Torquay Coles', '114');
INSERT INTO `umpire`.`team` (`ID`, `team_name`, `club_id`) VALUES ('85', 'Torquay Dunstan', '115');
INSERT INTO `umpire`.`team` (`ID`, `team_name`, `club_id`) VALUES ('86', 'Torquay Jones', '116');
INSERT INTO `umpire`.`team` (`ID`, `team_name`, `club_id`) VALUES ('87', 'Torquay Nairn', '117');
INSERT INTO `umpire`.`team` (`ID`, `team_name`, `club_id`) VALUES ('88', 'Torquay Papworth', '118');
INSERT INTO `umpire`.`team` (`ID`, `team_name`, `club_id`) VALUES ('89', 'Torquay Pyers', '119');
INSERT INTO `umpire`.`team` (`ID`, `team_name`, `club_id`) VALUES ('90', 'Torquay Scott', '120');
INSERT INTO `umpire`.`team` (`ID`, `team_name`, `club_id`) VALUES ('91', 'Werribee Centrals', '121');
INSERT INTO `umpire`.`team` (`ID`, `team_name`, `club_id`) VALUES ('92', 'Winchelsea', '122');
INSERT INTO `umpire`.`team` (`ID`, `team_name`, `club_id`) VALUES ('93', 'Winchelsea / Grovedale', '123');



INSERT INTO `umpire`.`umpire` (`ID`, `first_name`, `last_name`) VALUES ('4669', 'Aaron', 'Hyatt');
INSERT INTO `umpire`.`umpire` (`ID`, `first_name`, `last_name`) VALUES ('4670', 'Aaron', 'Riches');
INSERT INTO `umpire`.`umpire` (`ID`, `first_name`, `last_name`) VALUES ('4671', 'Abbey', 'Reeves');
INSERT INTO `umpire`.`umpire` (`ID`, `first_name`, `last_name`) VALUES ('4672', 'Abhishek', 'Sharma');
INSERT INTO `umpire`.`umpire` (`ID`, `first_name`, `last_name`) VALUES ('4673', 'Abishek', 'Sharma');
INSERT INTO `umpire`.`umpire` (`ID`, `first_name`, `last_name`) VALUES ('4674', 'Adam', 'Driessen');
INSERT INTO `umpire`.`umpire` (`ID`, `first_name`, `last_name`) VALUES ('4675', 'Adam', 'Edwick');
INSERT INTO `umpire`.`umpire` (`ID`, `first_name`, `last_name`) VALUES ('4676', 'Adam', 'Jones');
INSERT INTO `umpire`.`umpire` (`ID`, `first_name`, `last_name`) VALUES ('4677', 'Adam', 'King');
INSERT INTO `umpire`.`umpire` (`ID`, `first_name`, `last_name`) VALUES ('4678', 'Adrian', 'Stephenson');
INSERT INTO `umpire`.`umpire` (`ID`, `first_name`, `last_name`) VALUES ('4679', 'Alana', 'Brew');
INSERT INTO `umpire`.`umpire` (`ID`, `first_name`, `last_name`) VALUES ('4680', 'Albert', 'Touwslager');
INSERT INTO `umpire`.`umpire` (`ID`, `first_name`, `last_name`) VALUES ('4681', 'Alex', 'Bourne');
INSERT INTO `umpire`.`umpire` (`ID`, `first_name`, `last_name`) VALUES ('4682', 'Alexandra', 'Tarr');
INSERT INTO `umpire`.`umpire` (`ID`, `first_name`, `last_name`) VALUES ('4683', 'Allan', 'Werry');
INSERT INTO `umpire`.`umpire` (`ID`, `first_name`, `last_name`) VALUES ('4684', 'Amy', 'Qiu');
INSERT INTO `umpire`.`umpire` (`ID`, `first_name`, `last_name`) VALUES ('4685', 'Andrew', 'Guy');
INSERT INTO `umpire`.`umpire` (`ID`, `first_name`, `last_name`) VALUES ('4686', 'Andrew', 'Quin');
INSERT INTO `umpire`.`umpire` (`ID`, `first_name`, `last_name`) VALUES ('4687', 'Andy', 'Phillips');
INSERT INTO `umpire`.`umpire` (`ID`, `first_name`, `last_name`) VALUES ('4688', 'Angus', 'Bayne');
INSERT INTO `umpire`.`umpire` (`ID`, `first_name`, `last_name`) VALUES ('4689', 'Angus', 'Evans');
INSERT INTO `umpire`.`umpire` (`ID`, `first_name`, `last_name`) VALUES ('4690', 'Angus', 'Lee');
INSERT INTO `umpire`.`umpire` (`ID`, `first_name`, `last_name`) VALUES ('4691', 'Angus', 'Robertson');
INSERT INTO `umpire`.`umpire` (`ID`, `first_name`, `last_name`) VALUES ('4692', 'Anthony', 'Palmer');
INSERT INTO `umpire`.`umpire` (`ID`, `first_name`, `last_name`) VALUES ('4693', 'Austin', 'Tattersall');
INSERT INTO `umpire`.`umpire` (`ID`, `first_name`, `last_name`) VALUES ('4694', 'Bailey', 'Brogden');
INSERT INTO `umpire`.`umpire` (`ID`, `first_name`, `last_name`) VALUES ('4695', 'Bailey', 'Coutts');
INSERT INTO `umpire`.`umpire` (`ID`, `first_name`, `last_name`) VALUES ('4696', 'Benjamin', 'Lunt');
INSERT INTO `umpire`.`umpire` (`ID`, `first_name`, `last_name`) VALUES ('4697', 'Benjamin', 'Riches');
INSERT INTO `umpire`.`umpire` (`ID`, `first_name`, `last_name`) VALUES ('4698', 'Benjamin', 'Tate');
INSERT INTO `umpire`.`umpire` (`ID`, `first_name`, `last_name`) VALUES ('4699', 'Billy', 'Sobh');
INSERT INTO `umpire`.`umpire` (`ID`, `first_name`, `last_name`) VALUES ('4700', 'Bradely', 'Smith');
INSERT INTO `umpire`.`umpire` (`ID`, `first_name`, `last_name`) VALUES ('4701', 'Bradley', 'Smith');
INSERT INTO `umpire`.`umpire` (`ID`, `first_name`, `last_name`) VALUES ('4702', 'Brandon', 'Richmond-craig');
INSERT INTO `umpire`.`umpire` (`ID`, `first_name`, `last_name`) VALUES ('4703', 'Brayden', 'Webber');
INSERT INTO `umpire`.`umpire` (`ID`, `first_name`, `last_name`) VALUES ('4704', 'Bree', 'Armstrong');
INSERT INTO `umpire`.`umpire` (`ID`, `first_name`, `last_name`) VALUES ('4705', 'Brendan', 'Beveridge');
INSERT INTO `umpire`.`umpire` (`ID`, `first_name`, `last_name`) VALUES ('4706', 'Brendan', 'Witten');
INSERT INTO `umpire`.`umpire` (`ID`, `first_name`, `last_name`) VALUES ('4707', 'Brett', 'Henshaw');
INSERT INTO `umpire`.`umpire` (`ID`, `first_name`, `last_name`) VALUES ('4708', 'Briane', 'Doolan');
INSERT INTO `umpire`.`umpire` (`ID`, `first_name`, `last_name`) VALUES ('4709', 'Bridget', 'England');
INSERT INTO `umpire`.`umpire` (`ID`, `first_name`, `last_name`) VALUES ('4710', 'Brodey', 'Hamilton');
INSERT INTO `umpire`.`umpire` (`ID`, `first_name`, `last_name`) VALUES ('4711', 'Brodie', 'Elliott');
INSERT INTO `umpire`.`umpire` (`ID`, `first_name`, `last_name`) VALUES ('4712', 'Brydie', 'Grossman');
INSERT INTO `umpire`.`umpire` (`ID`, `first_name`, `last_name`) VALUES ('4713', 'Brydon', 'Barnett');
INSERT INTO `umpire`.`umpire` (`ID`, `first_name`, `last_name`) VALUES ('4714', 'Caleb', 'Mcgrath');
INSERT INTO `umpire`.`umpire` (`ID`, `first_name`, `last_name`) VALUES ('4715', 'Caleb', 'Rolph');
INSERT INTO `umpire`.`umpire` (`ID`, `first_name`, `last_name`) VALUES ('4716', 'Callum', 'Binyon');
INSERT INTO `umpire`.`umpire` (`ID`, `first_name`, `last_name`) VALUES ('4717', 'Callum', 'Edwards');
INSERT INTO `umpire`.`umpire` (`ID`, `first_name`, `last_name`) VALUES ('4718', 'Callum', 'Hodge');
INSERT INTO `umpire`.`umpire` (`ID`, `first_name`, `last_name`) VALUES ('4719', 'Calvin', 'Leiper');
INSERT INTO `umpire`.`umpire` (`ID`, `first_name`, `last_name`) VALUES ('4720', 'Cameron', 'Horne');
INSERT INTO `umpire`.`umpire` (`ID`, `first_name`, `last_name`) VALUES ('4721', 'Cameron', 'Place');
INSERT INTO `umpire`.`umpire` (`ID`, `first_name`, `last_name`) VALUES ('4722', 'Cameron', 'Platt');
INSERT INTO `umpire`.`umpire` (`ID`, `first_name`, `last_name`) VALUES ('4723', 'Caspar', 'Spasojevic');
INSERT INTO `umpire`.`umpire` (`ID`, `first_name`, `last_name`) VALUES ('4724', 'Chas', 'Karpala');
INSERT INTO `umpire`.`umpire` (`ID`, `first_name`, `last_name`) VALUES ('4725', 'Cheyenne', 'Philpott');
INSERT INTO `umpire`.`umpire` (`ID`, `first_name`, `last_name`) VALUES ('4726', 'Chris', 'Bell');
INSERT INTO `umpire`.`umpire` (`ID`, `first_name`, `last_name`) VALUES ('4727', 'Chris', 'Carruthers');
INSERT INTO `umpire`.`umpire` (`ID`, `first_name`, `last_name`) VALUES ('4728', 'Chris', 'Dolley');
INSERT INTO `umpire`.`umpire` (`ID`, `first_name`, `last_name`) VALUES ('4729', 'Chris', 'Lever');
INSERT INTO `umpire`.`umpire` (`ID`, `first_name`, `last_name`) VALUES ('4730', 'Chris', 'Mcmahon');
INSERT INTO `umpire`.`umpire` (`ID`, `first_name`, `last_name`) VALUES ('4731', 'Chris', 'Scherek');
INSERT INTO `umpire`.`umpire` (`ID`, `first_name`, `last_name`) VALUES ('4732', 'Christopher', 'Carruthers');
INSERT INTO `umpire`.`umpire` (`ID`, `first_name`, `last_name`) VALUES ('4733', 'Christopher', 'Ferguson');
INSERT INTO `umpire`.`umpire` (`ID`, `first_name`, `last_name`) VALUES ('4734', 'Christopher', 'Jones');
INSERT INTO `umpire`.`umpire` (`ID`, `first_name`, `last_name`) VALUES ('4735', 'Christopher', 'Kelly');
INSERT INTO `umpire`.`umpire` (`ID`, `first_name`, `last_name`) VALUES ('4736', 'Christopher', 'Martin');
INSERT INTO `umpire`.`umpire` (`ID`, `first_name`, `last_name`) VALUES ('4737', 'Claude', 'Callegher');
INSERT INTO `umpire`.`umpire` (`ID`, `first_name`, `last_name`) VALUES ('4738', 'Clause', 'Callegher');
INSERT INTO `umpire`.`umpire` (`ID`, `first_name`, `last_name`) VALUES ('4739', 'Clayton', 'Ryan');
INSERT INTO `umpire`.`umpire` (`ID`, `first_name`, `last_name`) VALUES ('4740', 'Cody', 'Espig');
INSERT INTO `umpire`.`umpire` (`ID`, `first_name`, `last_name`) VALUES ('4741', 'Cohen', 'Shannon');
INSERT INTO `umpire`.`umpire` (`ID`, `first_name`, `last_name`) VALUES ('4742', 'Connor', 'Morrison');
INSERT INTO `umpire`.`umpire` (`ID`, `first_name`, `last_name`) VALUES ('4743', 'Connor', 'Rockliff');
INSERT INTO `umpire`.`umpire` (`ID`, `first_name`, `last_name`) VALUES ('4744', 'Cooper', 'Howe');
INSERT INTO `umpire`.`umpire` (`ID`, `first_name`, `last_name`) VALUES ('4745', 'Craig', 'Edwards');
INSERT INTO `umpire`.`umpire` (`ID`, `first_name`, `last_name`) VALUES ('4746', 'Craig', 'Kerr');
INSERT INTO `umpire`.`umpire` (`ID`, `first_name`, `last_name`) VALUES ('4747', 'Craig', 'Mcmillan');
INSERT INTO `umpire`.`umpire` (`ID`, `first_name`, `last_name`) VALUES ('4748', 'Craig', 'Oldfield');
INSERT INTO `umpire`.`umpire` (`ID`, `first_name`, `last_name`) VALUES ('4749', 'Daina', 'Allison');
INSERT INTO `umpire`.`umpire` (`ID`, `first_name`, `last_name`) VALUES ('4750', 'Dale', 'Carroll');
INSERT INTO `umpire`.`umpire` (`ID`, `first_name`, `last_name`) VALUES ('4751', 'Dale', 'Hose');
INSERT INTO `umpire`.`umpire` (`ID`, `first_name`, `last_name`) VALUES ('4752', 'Damian', 'Mcmaster');
INSERT INTO `umpire`.`umpire` (`ID`, `first_name`, `last_name`) VALUES ('4753', 'Damian', 'Radosavljeric');
INSERT INTO `umpire`.`umpire` (`ID`, `first_name`, `last_name`) VALUES ('4754', 'Daniel', 'Dorling');
INSERT INTO `umpire`.`umpire` (`ID`, `first_name`, `last_name`) VALUES ('4755', 'Daniel', 'Hitchcock');
INSERT INTO `umpire`.`umpire` (`ID`, `first_name`, `last_name`) VALUES ('4756', 'Daniel', 'Robinson');
INSERT INTO `umpire`.`umpire` (`ID`, `first_name`, `last_name`) VALUES ('4757', 'Darcey', 'Webber');
INSERT INTO `umpire`.`umpire` (`ID`, `first_name`, `last_name`) VALUES ('4758', 'Darrell', 'Davies');
INSERT INTO `umpire`.`umpire` (`ID`, `first_name`, `last_name`) VALUES ('4759', 'Darren', 'Baensch');
INSERT INTO `umpire`.`umpire` (`ID`, `first_name`, `last_name`) VALUES ('4760', 'Darren', 'Gahan');
INSERT INTO `umpire`.`umpire` (`ID`, `first_name`, `last_name`) VALUES ('4761', 'Darren', 'Santospirito');
INSERT INTO `umpire`.`umpire` (`ID`, `first_name`, `last_name`) VALUES ('4762', 'Darryl', 'Dean');
INSERT INTO `umpire`.`umpire` (`ID`, `first_name`, `last_name`) VALUES ('4763', 'David', 'Anderson');
INSERT INTO `umpire`.`umpire` (`ID`, `first_name`, `last_name`) VALUES ('4764', 'David', 'Chaston');
INSERT INTO `umpire`.`umpire` (`ID`, `first_name`, `last_name`) VALUES ('4765', 'David', 'Frazer');
INSERT INTO `umpire`.`umpire` (`ID`, `first_name`, `last_name`) VALUES ('4766', 'David', 'House');
INSERT INTO `umpire`.`umpire` (`ID`, `first_name`, `last_name`) VALUES ('4767', 'David', 'Maddock');
INSERT INTO `umpire`.`umpire` (`ID`, `first_name`, `last_name`) VALUES ('4768', 'David', 'Plumridge');
INSERT INTO `umpire`.`umpire` (`ID`, `first_name`, `last_name`) VALUES ('4769', 'Davin', 'Reid');
INSERT INTO `umpire`.`umpire` (`ID`, `first_name`, `last_name`) VALUES ('4770', 'Dean', 'A Armstrong');
INSERT INTO `umpire`.`umpire` (`ID`, `first_name`, `last_name`) VALUES ('4771', 'Dean', 'Armstrong');
INSERT INTO `umpire`.`umpire` (`ID`, `first_name`, `last_name`) VALUES ('4772', 'Dean', 'Lobbe');
INSERT INTO `umpire`.`umpire` (`ID`, `first_name`, `last_name`) VALUES ('4773', 'Dean', 'Parrello');
INSERT INTO `umpire`.`umpire` (`ID`, `first_name`, `last_name`) VALUES ('4774', 'Declan', 'Robertson');
INSERT INTO `umpire`.`umpire` (`ID`, `first_name`, `last_name`) VALUES ('4775', 'Deniel', 'Bee');
INSERT INTO `umpire`.`umpire` (`ID`, `first_name`, `last_name`) VALUES ('4776', 'Denis', 'Ryan');
INSERT INTO `umpire`.`umpire` (`ID`, `first_name`, `last_name`) VALUES ('4777', 'Des', 'Kelly');
INSERT INTO `umpire`.`umpire` (`ID`, `first_name`, `last_name`) VALUES ('4778', 'Dragan', 'Simovic');
INSERT INTO `umpire`.`umpire` (`ID`, `first_name`, `last_name`) VALUES ('4779', 'Eddie', 'Rubini');
INSERT INTO `umpire`.`umpire` (`ID`, `first_name`, `last_name`) VALUES ('4780', 'Elijah', 'Muraca');
INSERT INTO `umpire`.`umpire` (`ID`, `first_name`, `last_name`) VALUES ('4781', 'Emma', 'Delaney');
INSERT INTO `umpire`.`umpire` (`ID`, `first_name`, `last_name`) VALUES ('4782', 'Eric', 'Dickson');
INSERT INTO `umpire`.`umpire` (`ID`, `first_name`, `last_name`) VALUES ('4783', 'Ethan', 'Grills');
INSERT INTO `umpire`.`umpire` (`ID`, `first_name`, `last_name`) VALUES ('4784', 'Ethan', 'Reeves');
INSERT INTO `umpire`.`umpire` (`ID`, `first_name`, `last_name`) VALUES ('4785', 'Flynn', 'Draper');
INSERT INTO `umpire`.`umpire` (`ID`, `first_name`, `last_name`) VALUES ('4786', 'Frank', 'Previti');
INSERT INTO `umpire`.`umpire` (`ID`, `first_name`, `last_name`) VALUES ('4787', 'Gary', 'Bowen');
INSERT INTO `umpire`.`umpire` (`ID`, `first_name`, `last_name`) VALUES ('4788', 'Graeme', 'Robinson');
INSERT INTO `umpire`.`umpire` (`ID`, `first_name`, `last_name`) VALUES ('4789', 'Graham', 'Grossman');
INSERT INTO `umpire`.`umpire` (`ID`, `first_name`, `last_name`) VALUES ('4790', 'Graham', 'Grossmman');
INSERT INTO `umpire`.`umpire` (`ID`, `first_name`, `last_name`) VALUES ('4791', 'Grant', 'Philpott');
INSERT INTO `umpire`.`umpire` (`ID`, `first_name`, `last_name`) VALUES ('4792', 'Greg', 'Cullen');
INSERT INTO `umpire`.`umpire` (`ID`, `first_name`, `last_name`) VALUES ('4793', 'Gwenda', 'Bell');
INSERT INTO `umpire`.`umpire` (`ID`, `first_name`, `last_name`) VALUES ('4794', 'Hamish', 'Fisher');
INSERT INTO `umpire`.`umpire` (`ID`, `first_name`, `last_name`) VALUES ('4795', 'Hannah', 'Peart');
INSERT INTO `umpire`.`umpire` (`ID`, `first_name`, `last_name`) VALUES ('4796', 'Harrison', 'Mitchell');
INSERT INTO `umpire`.`umpire` (`ID`, `first_name`, `last_name`) VALUES ('4797', 'Harry', 'Morgan');
INSERT INTO `umpire`.`umpire` (`ID`, `first_name`, `last_name`) VALUES ('4798', 'Hayden', 'Burns');
INSERT INTO `umpire`.`umpire` (`ID`, `first_name`, `last_name`) VALUES ('4799', 'Hayley', 'Belfrage');
INSERT INTO `umpire`.`umpire` (`ID`, `first_name`, `last_name`) VALUES ('4800', 'Ian', 'Beddison');
INSERT INTO `umpire`.`umpire` (`ID`, `first_name`, `last_name`) VALUES ('4801', 'Ingrid', 'Miller');
INSERT INTO `umpire`.`umpire` (`ID`, `first_name`, `last_name`) VALUES ('4802', 'Jack', 'Abrehart');
INSERT INTO `umpire`.`umpire` (`ID`, `first_name`, `last_name`) VALUES ('4803', 'Jack', 'Benstead');
INSERT INTO `umpire`.`umpire` (`ID`, `first_name`, `last_name`) VALUES ('4804', 'Jack', 'Cain');
INSERT INTO `umpire`.`umpire` (`ID`, `first_name`, `last_name`) VALUES ('4805', 'Jack', 'Hastie');
INSERT INTO `umpire`.`umpire` (`ID`, `first_name`, `last_name`) VALUES ('4806', 'Jack', 'Kelly');
INSERT INTO `umpire`.`umpire` (`ID`, `first_name`, `last_name`) VALUES ('4807', 'Jack', 'O\'Neill');
INSERT INTO `umpire`.`umpire` (`ID`, `first_name`, `last_name`) VALUES ('4808', 'Jack', 'Royce');
INSERT INTO `umpire`.`umpire` (`ID`, `first_name`, `last_name`) VALUES ('4809', 'Jack', 'Thornton');
INSERT INTO `umpire`.`umpire` (`ID`, `first_name`, `last_name`) VALUES ('4810', 'Jack', 'Ververs');
INSERT INTO `umpire`.`umpire` (`ID`, `first_name`, `last_name`) VALUES ('4811', 'Jack', 'Visintin');
INSERT INTO `umpire`.`umpire` (`ID`, `first_name`, `last_name`) VALUES ('4812', 'Jack', 'Wurf');
INSERT INTO `umpire`.`umpire` (`ID`, `first_name`, `last_name`) VALUES ('4813', 'Jacob', 'Kleidon');
INSERT INTO `umpire`.`umpire` (`ID`, `first_name`, `last_name`) VALUES ('4814', 'Jacob', 'Palmer');
INSERT INTO `umpire`.`umpire` (`ID`, `first_name`, `last_name`) VALUES ('4815', 'Jake', 'Baker-Brooks');
INSERT INTO `umpire`.`umpire` (`ID`, `first_name`, `last_name`) VALUES ('4816', 'Jake', 'Hamilton');
INSERT INTO `umpire`.`umpire` (`ID`, `first_name`, `last_name`) VALUES ('4817', 'James', 'Brayshaw');
INSERT INTO `umpire`.`umpire` (`ID`, `first_name`, `last_name`) VALUES ('4818', 'James', 'Maiden');
INSERT INTO `umpire`.`umpire` (`ID`, `first_name`, `last_name`) VALUES ('4819', 'James', 'Milligan');
INSERT INTO `umpire`.`umpire` (`ID`, `first_name`, `last_name`) VALUES ('4820', 'James', 'Timberlake');
INSERT INTO `umpire`.`umpire` (`ID`, `first_name`, `last_name`) VALUES ('4821', 'Jamieson', 'Higgins');
INSERT INTO `umpire`.`umpire` (`ID`, `first_name`, `last_name`) VALUES ('4822', 'Jarrod', 'Davies');
INSERT INTO `umpire`.`umpire` (`ID`, `first_name`, `last_name`) VALUES ('4823', 'Jarrod', 'Krajnc');
INSERT INTO `umpire`.`umpire` (`ID`, `first_name`, `last_name`) VALUES ('4824', 'Jarrod', 'Waight');
INSERT INTO `umpire`.`umpire` (`ID`, `first_name`, `last_name`) VALUES ('4825', 'Jarryd', 'Maher');
INSERT INTO `umpire`.`umpire` (`ID`, `first_name`, `last_name`) VALUES ('4826', 'Jason', 'Formosa');
INSERT INTO `umpire`.`umpire` (`ID`, `first_name`, `last_name`) VALUES ('4827', 'Jason', 'Hillgrove');
INSERT INTO `umpire`.`umpire` (`ID`, `first_name`, `last_name`) VALUES ('4828', 'Jasper', 'Robbins');
INSERT INTO `umpire`.`umpire` (`ID`, `first_name`, `last_name`) VALUES ('4829', 'Jay', 'Dahlhaus');
INSERT INTO `umpire`.`umpire` (`ID`, `first_name`, `last_name`) VALUES ('4830', 'Jay', 'Ennor');
INSERT INTO `umpire`.`umpire` (`ID`, `first_name`, `last_name`) VALUES ('4831', 'Jess', 'Crucitti');
INSERT INTO `umpire`.`umpire` (`ID`, `first_name`, `last_name`) VALUES ('4832', 'Jess', 'Verdichizzi');
INSERT INTO `umpire`.`umpire` (`ID`, `first_name`, `last_name`) VALUES ('4833', 'Jesse', 'Sammut');
INSERT INTO `umpire`.`umpire` (`ID`, `first_name`, `last_name`) VALUES ('4834', 'Jessie', 'Maes');
INSERT INTO `umpire`.`umpire` (`ID`, `first_name`, `last_name`) VALUES ('4835', 'Joel', 'Mcmahon');
INSERT INTO `umpire`.`umpire` (`ID`, `first_name`, `last_name`) VALUES ('4836', 'John', 'Hilder');
INSERT INTO `umpire`.`umpire` (`ID`, `first_name`, `last_name`) VALUES ('4837', 'John', 'Tatnell');
INSERT INTO `umpire`.`umpire` (`ID`, `first_name`, `last_name`) VALUES ('4838', 'John', 'Villanti');
INSERT INTO `umpire`.`umpire` (`ID`, `first_name`, `last_name`) VALUES ('4839', 'Jonah', 'Graham');
INSERT INTO `umpire`.`umpire` (`ID`, `first_name`, `last_name`) VALUES ('4840', 'Jonathan', 'Burns');
INSERT INTO `umpire`.`umpire` (`ID`, `first_name`, `last_name`) VALUES ('4841', 'Jonathan', 'Zarb');
INSERT INTO `umpire`.`umpire` (`ID`, `first_name`, `last_name`) VALUES ('4842', 'Jontee', 'Langton');
INSERT INTO `umpire`.`umpire` (`ID`, `first_name`, `last_name`) VALUES ('4843', 'Jordan', 'Lunt');
INSERT INTO `umpire`.`umpire` (`ID`, `first_name`, `last_name`) VALUES ('4844', 'Josh', 'Crapper');
INSERT INTO `umpire`.`umpire` (`ID`, `first_name`, `last_name`) VALUES ('4845', 'Josh', 'Saltalamacchia');
INSERT INTO `umpire`.`umpire` (`ID`, `first_name`, `last_name`) VALUES ('4846', 'Joshua', 'Bowen');
INSERT INTO `umpire`.`umpire` (`ID`, `first_name`, `last_name`) VALUES ('4847', 'Joshua', 'Brown');
INSERT INTO `umpire`.`umpire` (`ID`, `first_name`, `last_name`) VALUES ('4848', 'Joshua', 'Denney');
INSERT INTO `umpire`.`umpire` (`ID`, `first_name`, `last_name`) VALUES ('4849', 'Joshua', 'Robertson');
INSERT INTO `umpire`.`umpire` (`ID`, `first_name`, `last_name`) VALUES ('4850', 'Josip', 'Kozina');
INSERT INTO `umpire`.`umpire` (`ID`, `first_name`, `last_name`) VALUES ('4851', 'Julie', 'Ford');
INSERT INTO `umpire`.`umpire` (`ID`, `first_name`, `last_name`) VALUES ('4852', 'Justin', 'Boseley');
INSERT INTO `umpire`.`umpire` (`ID`, `first_name`, `last_name`) VALUES ('4853', 'Jye', 'Witham');
INSERT INTO `umpire`.`umpire` (`ID`, `first_name`, `last_name`) VALUES ('4854', 'Kaine', 'Wells');
INSERT INTO `umpire`.`umpire` (`ID`, `first_name`, `last_name`) VALUES ('4855', 'Karen', 'Wekwerth');
INSERT INTO `umpire`.`umpire` (`ID`, `first_name`, `last_name`) VALUES ('4856', 'Karissa', 'Egan');
INSERT INTO `umpire`.`umpire` (`ID`, `first_name`, `last_name`) VALUES ('4857', 'Karlin', 'Harrison');
INSERT INTO `umpire`.`umpire` (`ID`, `first_name`, `last_name`) VALUES ('4858', 'Kelly', 'O\'Neil');
INSERT INTO `umpire`.`umpire` (`ID`, `first_name`, `last_name`) VALUES ('4859', 'Kelsey', 'Tullis');
INSERT INTO `umpire`.`umpire` (`ID`, `first_name`, `last_name`) VALUES ('4860', 'Kelvin', 'Clissold');
INSERT INTO `umpire`.`umpire` (`ID`, `first_name`, `last_name`) VALUES ('4861', 'Ken', 'Dudding');
INSERT INTO `umpire`.`umpire` (`ID`, `first_name`, `last_name`) VALUES ('4862', 'Kevin', 'Plumb');
INSERT INTO `umpire`.`umpire` (`ID`, `first_name`, `last_name`) VALUES ('4863', 'Kieren', 'Helwig');
INSERT INTO `umpire`.`umpire` (`ID`, `first_name`, `last_name`) VALUES ('4864', 'Krystl-lee', 'Bonney');
INSERT INTO `umpire`.`umpire` (`ID`, `first_name`, `last_name`) VALUES ('4865', 'Lachie', 'Lloyd');
INSERT INTO `umpire`.`umpire` (`ID`, `first_name`, `last_name`) VALUES ('4866', 'Lachlan', 'Burns');
INSERT INTO `umpire`.`umpire` (`ID`, `first_name`, `last_name`) VALUES ('4867', 'Lachlan', 'Edwards');
INSERT INTO `umpire`.`umpire` (`ID`, `first_name`, `last_name`) VALUES ('4868', 'Lachlan', 'Graham');
INSERT INTO `umpire`.`umpire` (`ID`, `first_name`, `last_name`) VALUES ('4869', 'Lachlan', 'Kent');
INSERT INTO `umpire`.`umpire` (`ID`, `first_name`, `last_name`) VALUES ('4870', 'Lachlan', 'Rooke');
INSERT INTO `umpire`.`umpire` (`ID`, `first_name`, `last_name`) VALUES ('4871', 'Lachlan', 'Serle');
INSERT INTO `umpire`.`umpire` (`ID`, `first_name`, `last_name`) VALUES ('4872', 'Lachlan', 'Wilkes');
INSERT INTO `umpire`.`umpire` (`ID`, `first_name`, `last_name`) VALUES ('4873', 'Laura', 'Gardiner');
INSERT INTO `umpire`.`umpire` (`ID`, `first_name`, `last_name`) VALUES ('4874', 'Lauren', 'Cole');
INSERT INTO `umpire`.`umpire` (`ID`, `first_name`, `last_name`) VALUES ('4875', 'Laurie', 'Formosa');
INSERT INTO `umpire`.`umpire` (`ID`, `first_name`, `last_name`) VALUES ('4876', 'Lawrie', 'Barton');
INSERT INTO `umpire`.`umpire` (`ID`, `first_name`, `last_name`) VALUES ('4877', 'Levi', 'Irving');
INSERT INTO `umpire`.`umpire` (`ID`, `first_name`, `last_name`) VALUES ('4878', 'Lewis', 'Howell-pavia');
INSERT INTO `umpire`.`umpire` (`ID`, `first_name`, `last_name`) VALUES ('4879', 'Liam', 'Ellis');
INSERT INTO `umpire`.`umpire` (`ID`, `first_name`, `last_name`) VALUES ('4880', 'Liliana', 'Mcrae');
INSERT INTO `umpire`.`umpire` (`ID`, `first_name`, `last_name`) VALUES ('4881', 'Lloyd', 'Kennedy');
INSERT INTO `umpire`.`umpire` (`ID`, `first_name`, `last_name`) VALUES ('4882', 'Lochlin', 'Hamer');
INSERT INTO `umpire`.`umpire` (`ID`, `first_name`, `last_name`) VALUES ('4883', 'Logan', 'Mitchell');
INSERT INTO `umpire`.`umpire` (`ID`, `first_name`, `last_name`) VALUES ('4884', 'Logan', 'Russell');
INSERT INTO `umpire`.`umpire` (`ID`, `first_name`, `last_name`) VALUES ('4885', 'Louise', 'Bell');
INSERT INTO `umpire`.`umpire` (`ID`, `first_name`, `last_name`) VALUES ('4886', 'Lucy', 'Bullock');
INSERT INTO `umpire`.`umpire` (`ID`, `first_name`, `last_name`) VALUES ('4887', 'Lucy', 'Martin');
INSERT INTO `umpire`.`umpire` (`ID`, `first_name`, `last_name`) VALUES ('4888', 'Lucy', 'Maryin');
INSERT INTO `umpire`.`umpire` (`ID`, `first_name`, `last_name`) VALUES ('4889', 'Luke', 'Burke');
INSERT INTO `umpire`.`umpire` (`ID`, `first_name`, `last_name`) VALUES ('4890', 'Luke', 'Kosmetschke');
INSERT INTO `umpire`.`umpire` (`ID`, `first_name`, `last_name`) VALUES ('4891', 'Luke', 'Mccarthy');
INSERT INTO `umpire`.`umpire` (`ID`, `first_name`, `last_name`) VALUES ('4892', 'Lykeira', 'Shannon');
INSERT INTO `umpire`.`umpire` (`ID`, `first_name`, `last_name`) VALUES ('4893', 'Marcus', 'Boom');
INSERT INTO `umpire`.`umpire` (`ID`, `first_name`, `last_name`) VALUES ('4894', 'Marcus', 'Briggs');
INSERT INTO `umpire`.`umpire` (`ID`, `first_name`, `last_name`) VALUES ('4895', 'Marcus', 'Feaver');
INSERT INTO `umpire`.`umpire` (`ID`, `first_name`, `last_name`) VALUES ('4896', 'Marcus', 'Holt');
INSERT INTO `umpire`.`umpire` (`ID`, `first_name`, `last_name`) VALUES ('4897', 'Marissa', 'Mirabile');
INSERT INTO `umpire`.`umpire` (`ID`, `first_name`, `last_name`) VALUES ('4898', 'Mark', 'Bushfield');
INSERT INTO `umpire`.`umpire` (`ID`, `first_name`, `last_name`) VALUES ('4899', 'Mark', 'D\'Alessandro');
INSERT INTO `umpire`.`umpire` (`ID`, `first_name`, `last_name`) VALUES ('4900', 'Mark', 'Davison');
INSERT INTO `umpire`.`umpire` (`ID`, `first_name`, `last_name`) VALUES ('4901', 'Mark', 'Nolan');
INSERT INTO `umpire`.`umpire` (`ID`, `first_name`, `last_name`) VALUES ('4902', 'Mark', 'Osborne');
INSERT INTO `umpire`.`umpire` (`ID`, `first_name`, `last_name`) VALUES ('4903', 'Mason', 'Allcorn');
INSERT INTO `umpire`.`umpire` (`ID`, `first_name`, `last_name`) VALUES ('4904', 'Matthew', 'Barmby');
INSERT INTO `umpire`.`umpire` (`ID`, `first_name`, `last_name`) VALUES ('4905', 'Matthew', 'Buckley');
INSERT INTO `umpire`.`umpire` (`ID`, `first_name`, `last_name`) VALUES ('4906', 'Matthew', 'De Man');
INSERT INTO `umpire`.`umpire` (`ID`, `first_name`, `last_name`) VALUES ('4907', 'Matthew', 'Pratt');
INSERT INTO `umpire`.`umpire` (`ID`, `first_name`, `last_name`) VALUES ('4908', 'Matthew', 'Richards');
INSERT INTO `umpire`.`umpire` (`ID`, `first_name`, `last_name`) VALUES ('4909', 'Matthew', 'Witcombe');
INSERT INTO `umpire`.`umpire` (`ID`, `first_name`, `last_name`) VALUES ('4910', 'Max', 'Visintin');
INSERT INTO `umpire`.`umpire` (`ID`, `first_name`, `last_name`) VALUES ('4911', 'Michael', 'Graham');
INSERT INTO `umpire`.`umpire` (`ID`, `first_name`, `last_name`) VALUES ('4912', 'Michael', 'Murdoch');
INSERT INTO `umpire`.`umpire` (`ID`, `first_name`, `last_name`) VALUES ('4913', 'Michael', 'Radosavljevic');
INSERT INTO `umpire`.`umpire` (`ID`, `first_name`, `last_name`) VALUES ('4914', 'Mitch', 'Gray');
INSERT INTO `umpire`.`umpire` (`ID`, `first_name`, `last_name`) VALUES ('4915', 'Mitchell', 'Howard');
INSERT INTO `umpire`.`umpire` (`ID`, `first_name`, `last_name`) VALUES ('4916', 'Mohammad', 'Javid Alizada');
INSERT INTO `umpire`.`umpire` (`ID`, `first_name`, `last_name`) VALUES ('4917', 'Mohammad', 'Jawad Hassan Zada');
INSERT INTO `umpire`.`umpire` (`ID`, `first_name`, `last_name`) VALUES ('4918', 'Molly', 'Mckenzie');
INSERT INTO `umpire`.`umpire` (`ID`, `first_name`, `last_name`) VALUES ('4919', 'Murray', 'Fanning');
INSERT INTO `umpire`.`umpire` (`ID`, `first_name`, `last_name`) VALUES ('4920', 'Natalie', 'Debeljuh');
INSERT INTO `umpire`.`umpire` (`ID`, `first_name`, `last_name`) VALUES ('4921', 'Nathan', 'Bury');
INSERT INTO `umpire`.`umpire` (`ID`, `first_name`, `last_name`) VALUES ('4922', 'Neil', 'Kearney');
INSERT INTO `umpire`.`umpire` (`ID`, `first_name`, `last_name`) VALUES ('4923', 'Nicholas', 'Murnane');
INSERT INTO `umpire`.`umpire` (`ID`, `first_name`, `last_name`) VALUES ('4924', 'Nicholas', 'Ross-watson');
INSERT INTO `umpire`.`umpire` (`ID`, `first_name`, `last_name`) VALUES ('4925', 'Nick', 'Watson');
INSERT INTO `umpire`.`umpire` (`ID`, `first_name`, `last_name`) VALUES ('4926', 'Nicky', 'Mcmahon');
INSERT INTO `umpire`.`umpire` (`ID`, `first_name`, `last_name`) VALUES ('4927', 'Nigel', 'Skurrie');
INSERT INTO `umpire`.`umpire` (`ID`, `first_name`, `last_name`) VALUES ('4928', 'Nikolas', 'Tino');
INSERT INTO `umpire`.`umpire` (`ID`, `first_name`, `last_name`) VALUES ('4929', 'Noel', 'Hooper');
INSERT INTO `umpire`.`umpire` (`ID`, `first_name`, `last_name`) VALUES ('4930', 'Obaidulla', 'Jamshidi');
INSERT INTO `umpire`.`umpire` (`ID`, `first_name`, `last_name`) VALUES ('4931', 'Oliver', 'Benson');
INSERT INTO `umpire`.`umpire` (`ID`, `first_name`, `last_name`) VALUES ('4932', 'Olivia', 'Benson');
INSERT INTO `umpire`.`umpire` (`ID`, `first_name`, `last_name`) VALUES ('4933', 'Olivia', 'Davison');
INSERT INTO `umpire`.`umpire` (`ID`, `first_name`, `last_name`) VALUES ('4934', 'Oscar', 'Lane');
INSERT INTO `umpire`.`umpire` (`ID`, `first_name`, `last_name`) VALUES ('4935', 'Oscar', 'Young');
INSERT INTO `umpire`.`umpire` (`ID`, `first_name`, `last_name`) VALUES ('4936', 'Patrick', 'Bartlett');
INSERT INTO `umpire`.`umpire` (`ID`, `first_name`, `last_name`) VALUES ('4937', 'Patrick', 'Brice');
INSERT INTO `umpire`.`umpire` (`ID`, `first_name`, `last_name`) VALUES ('4938', 'Patrick', 'Cannard');
INSERT INTO `umpire`.`umpire` (`ID`, `first_name`, `last_name`) VALUES ('4939', 'Patrick', 'Silo');
INSERT INTO `umpire`.`umpire` (`ID`, `first_name`, `last_name`) VALUES ('4940', 'Patrick', 'Sweet');
INSERT INTO `umpire`.`umpire` (`ID`, `first_name`, `last_name`) VALUES ('4941', 'Paul', 'Delahunty');
INSERT INTO `umpire`.`umpire` (`ID`, `first_name`, `last_name`) VALUES ('4942', 'Paul', 'Fagan');
INSERT INTO `umpire`.`umpire` (`ID`, `first_name`, `last_name`) VALUES ('4943', 'Paul', 'Grossman');
INSERT INTO `umpire`.`umpire` (`ID`, `first_name`, `last_name`) VALUES ('4944', 'Paul', 'Hollis');
INSERT INTO `umpire`.`umpire` (`ID`, `first_name`, `last_name`) VALUES ('4945', 'Paul', 'Jones');
INSERT INTO `umpire`.`umpire` (`ID`, `first_name`, `last_name`) VALUES ('4946', 'Paul', 'Mcdowell');
INSERT INTO `umpire`.`umpire` (`ID`, `first_name`, `last_name`) VALUES ('4947', 'Paul', 'Mcelhinney');
INSERT INTO `umpire`.`umpire` (`ID`, `first_name`, `last_name`) VALUES ('4948', 'Paul', 'Warriner');
INSERT INTO `umpire`.`umpire` (`ID`, `first_name`, `last_name`) VALUES ('4949', 'Paul', 'Williamson');
INSERT INTO `umpire`.`umpire` (`ID`, `first_name`, `last_name`) VALUES ('4950', 'Penny', 'Serle');
INSERT INTO `umpire`.`umpire` (`ID`, `first_name`, `last_name`) VALUES ('4951', 'Peter', 'Elliott');
INSERT INTO `umpire`.`umpire` (`ID`, `first_name`, `last_name`) VALUES ('4952', 'Peter', 'Grozdanovski');
INSERT INTO `umpire`.`umpire` (`ID`, `first_name`, `last_name`) VALUES ('4953', 'Peter', 'Schilder');
INSERT INTO `umpire`.`umpire` (`ID`, `first_name`, `last_name`) VALUES ('4954', 'Peter', 'Thompson');
INSERT INTO `umpire`.`umpire` (`ID`, `first_name`, `last_name`) VALUES ('4955', 'Peter', 'Thomson');
INSERT INTO `umpire`.`umpire` (`ID`, `first_name`, `last_name`) VALUES ('4956', 'Peter', 'Urban');
INSERT INTO `umpire`.`umpire` (`ID`, `first_name`, `last_name`) VALUES ('4957', 'Peter', 'West');
INSERT INTO `umpire`.`umpire` (`ID`, `first_name`, `last_name`) VALUES ('4958', 'Rebecca', 'De Been');
INSERT INTO `umpire`.`umpire` (`ID`, `first_name`, `last_name`) VALUES ('4959', 'Reece', 'Noble');
INSERT INTO `umpire`.`umpire` (`ID`, `first_name`, `last_name`) VALUES ('4960', 'Rene', 'Pompe');
INSERT INTO `umpire`.`umpire` (`ID`, `first_name`, `last_name`) VALUES ('4961', 'Rhys', 'Hamill-beach');
INSERT INTO `umpire`.`umpire` (`ID`, `first_name`, `last_name`) VALUES ('4962', 'Richard', 'Jones');
INSERT INTO `umpire`.`umpire` (`ID`, `first_name`, `last_name`) VALUES ('4963', 'Richard', 'Underwood');
INSERT INTO `umpire`.`umpire` (`ID`, `first_name`, `last_name`) VALUES ('4964', 'Rick', 'Neville');
INSERT INTO `umpire`.`umpire` (`ID`, `first_name`, `last_name`) VALUES ('4965', 'Robert', 'Shedden');
INSERT INTO `umpire`.`umpire` (`ID`, `first_name`, `last_name`) VALUES ('4966', 'Robert', 'Steel');
INSERT INTO `umpire`.`umpire` (`ID`, `first_name`, `last_name`) VALUES ('4967', 'Rod', 'Stokes');
INSERT INTO `umpire`.`umpire` (`ID`, `first_name`, `last_name`) VALUES ('4968', 'Rodney', 'Mckenzie');
INSERT INTO `umpire`.`umpire` (`ID`, `first_name`, `last_name`) VALUES ('4969', 'Ross', 'Bennett');
INSERT INTO `umpire`.`umpire` (`ID`, `first_name`, `last_name`) VALUES ('4970', 'Ross', 'Grandy');
INSERT INTO `umpire`.`umpire` (`ID`, `first_name`, `last_name`) VALUES ('4971', 'Roy', 'Lawrence');
INSERT INTO `umpire`.`umpire` (`ID`, `first_name`, `last_name`) VALUES ('4972', 'Russell', 'Campbell');
INSERT INTO `umpire`.`umpire` (`ID`, `first_name`, `last_name`) VALUES ('4973', 'Ryan', 'Danaher');
INSERT INTO `umpire`.`umpire` (`ID`, `first_name`, `last_name`) VALUES ('4974', 'Ryden', 'Grossman');
INSERT INTO `umpire`.`umpire` (`ID`, `first_name`, `last_name`) VALUES ('4975', 'Salvatore', 'Mirabile');
INSERT INTO `umpire`.`umpire` (`ID`, `first_name`, `last_name`) VALUES ('4976', 'Sam', 'Groves');
INSERT INTO `umpire`.`umpire` (`ID`, `first_name`, `last_name`) VALUES ('4977', 'Sam', 'Moerenhout');
INSERT INTO `umpire`.`umpire` (`ID`, `first_name`, `last_name`) VALUES ('4978', 'Samuel', 'Butcher');
INSERT INTO `umpire`.`umpire` (`ID`, `first_name`, `last_name`) VALUES ('4979', 'Samuel', 'Chaston');
INSERT INTO `umpire`.`umpire` (`ID`, `first_name`, `last_name`) VALUES ('4980', 'Scarlett', 'Palmer');
INSERT INTO `umpire`.`umpire` (`ID`, `first_name`, `last_name`) VALUES ('4981', 'Scott', 'Canny');
INSERT INTO `umpire`.`umpire` (`ID`, `first_name`, `last_name`) VALUES ('4982', 'Scott', 'Dixon');
INSERT INTO `umpire`.`umpire` (`ID`, `first_name`, `last_name`) VALUES ('4983', 'Shaianne', 'Dawes');
INSERT INTO `umpire`.`umpire` (`ID`, `first_name`, `last_name`) VALUES ('4984', 'Shalia', 'Wood');
INSERT INTO `umpire`.`umpire` (`ID`, `first_name`, `last_name`) VALUES ('4985', 'Shane', 'Richardson');
INSERT INTO `umpire`.`umpire` (`ID`, `first_name`, `last_name`) VALUES ('4986', 'Stephen', 'Jacimovic');
INSERT INTO `umpire`.`umpire` (`ID`, `first_name`, `last_name`) VALUES ('4987', 'Stephen', 'Mcdonald');
INSERT INTO `umpire`.`umpire` (`ID`, `first_name`, `last_name`) VALUES ('4988', 'Steve', 'Guarnaccia');
INSERT INTO `umpire`.`umpire` (`ID`, `first_name`, `last_name`) VALUES ('4989', 'Steve', 'Keating');
INSERT INTO `umpire`.`umpire` (`ID`, `first_name`, `last_name`) VALUES ('4990', 'Steven', 'Mcdonald');
INSERT INTO `umpire`.`umpire` (`ID`, `first_name`, `last_name`) VALUES ('4991', 'Stevevn', 'McDonald');
INSERT INTO `umpire`.`umpire` (`ID`, `first_name`, `last_name`) VALUES ('4992', 'Taleitha', 'Wood');
INSERT INTO `umpire`.`umpire` (`ID`, `first_name`, `last_name`) VALUES ('4993', 'Tanner', 'Sadler');
INSERT INTO `umpire`.`umpire` (`ID`, `first_name`, `last_name`) VALUES ('4994', 'Taylor', 'Higgins');
INSERT INTO `umpire`.`umpire` (`ID`, `first_name`, `last_name`) VALUES ('4995', 'Terry', 'Maloney');
INSERT INTO `umpire`.`umpire` (`ID`, `first_name`, `last_name`) VALUES ('4996', 'Theo', 'Nicopoulos');
INSERT INTO `umpire`.`umpire` (`ID`, `first_name`, `last_name`) VALUES ('4997', 'Thomas', 'Hitchcock');
INSERT INTO `umpire`.`umpire` (`ID`, `first_name`, `last_name`) VALUES ('4998', 'Thomas', 'Muraca');
INSERT INTO `umpire`.`umpire` (`ID`, `first_name`, `last_name`) VALUES ('4999', 'Tiana', 'Bisinella');
INSERT INTO `umpire`.`umpire` (`ID`, `first_name`, `last_name`) VALUES ('5000', 'Tiffany', 'Farrow');
INSERT INTO `umpire`.`umpire` (`ID`, `first_name`, `last_name`) VALUES ('5001', 'Tim', 'Arnott');
INSERT INTO `umpire`.`umpire` (`ID`, `first_name`, `last_name`) VALUES ('5002', 'Timothy', 'Callander');
INSERT INTO `umpire`.`umpire` (`ID`, `first_name`, `last_name`) VALUES ('5003', 'Timothy', 'Neville');
INSERT INTO `umpire`.`umpire` (`ID`, `first_name`, `last_name`) VALUES ('5004', 'Tom', 'Abrehart');
INSERT INTO `umpire`.`umpire` (`ID`, `first_name`, `last_name`) VALUES ('5005', 'Tom', 'Courtney');
INSERT INTO `umpire`.`umpire` (`ID`, `first_name`, `last_name`) VALUES ('5006', 'Tom', 'Gorman');
INSERT INTO `umpire`.`umpire` (`ID`, `first_name`, `last_name`) VALUES ('5007', 'Tony', 'Brooks');
INSERT INTO `umpire`.`umpire` (`ID`, `first_name`, `last_name`) VALUES ('5008', 'Trae', 'Roberts');
INSERT INTO `umpire`.`umpire` (`ID`, `first_name`, `last_name`) VALUES ('5009', 'Trent', 'Ververs');
INSERT INTO `umpire`.`umpire` (`ID`, `first_name`, `last_name`) VALUES ('5010', 'Trevor', 'Abbott');
INSERT INTO `umpire`.`umpire` (`ID`, `first_name`, `last_name`) VALUES ('5011', 'Tyson', 'Anderson');
INSERT INTO `umpire`.`umpire` (`ID`, `first_name`, `last_name`) VALUES ('5012', 'Tyson', 'Shiell');
INSERT INTO `umpire`.`umpire` (`ID`, `first_name`, `last_name`) VALUES ('5013', 'Victoria', 'Plumridge');
INSERT INTO `umpire`.`umpire` (`ID`, `first_name`, `last_name`) VALUES ('5014', 'Warren', 'Foley');
INSERT INTO `umpire`.`umpire` (`ID`, `first_name`, `last_name`) VALUES ('5015', 'Wayne', 'Fraser');
INSERT INTO `umpire`.`umpire` (`ID`, `first_name`, `last_name`) VALUES ('5016', 'Wayne', 'Spalding');
INSERT INTO `umpire`.`umpire` (`ID`, `first_name`, `last_name`) VALUES ('5017', 'Will', 'Farrow');
INSERT INTO `umpire`.`umpire` (`ID`, `first_name`, `last_name`) VALUES ('5018', 'Will', 'Houtsma');
INSERT INTO `umpire`.`umpire` (`ID`, `first_name`, `last_name`) VALUES ('5019', 'Will', 'Ross');
INSERT INTO `umpire`.`umpire` (`ID`, `first_name`, `last_name`) VALUES ('5020', 'William', 'Harrison');
INSERT INTO `umpire`.`umpire` (`ID`, `first_name`, `last_name`) VALUES ('5021', 'Wilson', 'Knuckey');
INSERT INTO `umpire`.`umpire` (`ID`, `first_name`, `last_name`) VALUES ('5022', 'Xavier', 'Walsh');
INSERT INTO `umpire`.`umpire` (`ID`, `first_name`, `last_name`) VALUES ('5023', 'Zac', 'Finn');
INSERT INTO `umpire`.`umpire` (`ID`, `first_name`, `last_name`) VALUES ('5024', 'Zachary', 'Mccollam');






INSERT INTO `umpire`.`umpire_type` (`ID`, `umpire_type_name`) VALUES ('1', 'Field');
INSERT INTO `umpire`.`umpire_type` (`ID`, `umpire_type_name`) VALUES ('2', 'Boundary');
INSERT INTO `umpire`.`umpire_type` (`ID`, `umpire_type_name`) VALUES ('3', 'Goal');



INSERT INTO `umpire`.`umpire_name_type` (`ID`, `umpire_id`, `umpire_type_id`) VALUES ('2433', '4796', '1');
INSERT INTO `umpire`.`umpire_name_type` (`ID`, `umpire_id`, `umpire_type_id`) VALUES ('2434', '4987', '1');
INSERT INTO `umpire`.`umpire_name_type` (`ID`, `umpire_id`, `umpire_type_id`) VALUES ('2435', '4797', '1');
INSERT INTO `umpire`.`umpire_name_type` (`ID`, `umpire_id`, `umpire_type_id`) VALUES ('2436', '4706', '1');
INSERT INTO `umpire`.`umpire_name_type` (`ID`, `umpire_id`, `umpire_type_id`) VALUES ('2437', '4986', '1');
INSERT INTO `umpire`.`umpire_name_type` (`ID`, `umpire_id`, `umpire_type_id`) VALUES ('2438', '4988', '1');
INSERT INTO `umpire`.`umpire_name_type` (`ID`, `umpire_id`, `umpire_type_id`) VALUES ('2439', '4707', '1');
INSERT INTO `umpire`.`umpire_name_type` (`ID`, `umpire_id`, `umpire_type_id`) VALUES ('2440', '4989', '1');
INSERT INTO `umpire`.`umpire_name_type` (`ID`, `umpire_id`, `umpire_type_id`) VALUES ('2441', '4798', '1');
INSERT INTO `umpire`.`umpire_name_type` (`ID`, `umpire_id`, `umpire_type_id`) VALUES ('2442', '4789', '1');
INSERT INTO `umpire`.`umpire_name_type` (`ID`, `umpire_id`, `umpire_type_id`) VALUES ('2443', '4803', '1');
INSERT INTO `umpire`.`umpire_name_type` (`ID`, `umpire_id`, `umpire_type_id`) VALUES ('2444', '5010', '1');
INSERT INTO `umpire`.`umpire_name_type` (`ID`, `umpire_id`, `umpire_type_id`) VALUES ('2445', '4786', '1');
INSERT INTO `umpire`.`umpire_name_type` (`ID`, `umpire_id`, `umpire_type_id`) VALUES ('2446', '4784', '1');
INSERT INTO `umpire`.`umpire_name_type` (`ID`, `umpire_id`, `umpire_type_id`) VALUES ('2447', '5009', '1');
INSERT INTO `umpire`.`umpire_name_type` (`ID`, `umpire_id`, `umpire_type_id`) VALUES ('2448', '5008', '1');
INSERT INTO `umpire`.`umpire_name_type` (`ID`, `umpire_id`, `umpire_type_id`) VALUES ('2449', '4781', '1');
INSERT INTO `umpire`.`umpire_name_type` (`ID`, `umpire_id`, `umpire_type_id`) VALUES ('2450', '4790', '1');
INSERT INTO `umpire`.`umpire_name_type` (`ID`, `umpire_id`, `umpire_type_id`) VALUES ('2451', '4981', '1');
INSERT INTO `umpire`.`umpire_name_type` (`ID`, `umpire_id`, `umpire_type_id`) VALUES ('2452', '4824', '1');
INSERT INTO `umpire`.`umpire_name_type` (`ID`, `umpire_id`, `umpire_type_id`) VALUES ('2453', '4698', '1');
INSERT INTO `umpire`.`umpire_name_type` (`ID`, `umpire_id`, `umpire_type_id`) VALUES ('2454', '4822', '1');
INSERT INTO `umpire`.`umpire_name_type` (`ID`, `umpire_id`, `umpire_type_id`) VALUES ('2455', '4821', '1');
INSERT INTO `umpire`.`umpire_name_type` (`ID`, `umpire_id`, `umpire_type_id`) VALUES ('2456', '4820', '1');
INSERT INTO `umpire`.`umpire_name_type` (`ID`, `umpire_id`, `umpire_type_id`) VALUES ('2457', '4819', '1');
INSERT INTO `umpire`.`umpire_name_type` (`ID`, `umpire_id`, `umpire_type_id`) VALUES ('2458', '4976', '1');
INSERT INTO `umpire`.`umpire_name_type` (`ID`, `umpire_id`, `umpire_type_id`) VALUES ('2459', '4699', '1');
INSERT INTO `umpire`.`umpire_name_type` (`ID`, `umpire_id`, `umpire_type_id`) VALUES ('2460', '4816', '1');
INSERT INTO `umpire`.`umpire_name_type` (`ID`, `umpire_id`, `umpire_type_id`) VALUES ('2461', '4978', '1');
INSERT INTO `umpire`.`umpire_name_type` (`ID`, `umpire_id`, `umpire_type_id`) VALUES ('2462', '4700', '1');
INSERT INTO `umpire`.`umpire_name_type` (`ID`, `umpire_id`, `umpire_type_id`) VALUES ('2463', '5014', '1');
INSERT INTO `umpire`.`umpire_name_type` (`ID`, `umpire_id`, `umpire_type_id`) VALUES ('2464', '4812', '1');
INSERT INTO `umpire`.`umpire_name_type` (`ID`, `umpire_id`, `umpire_type_id`) VALUES ('2465', '4705', '1');
INSERT INTO `umpire`.`umpire_name_type` (`ID`, `umpire_id`, `umpire_type_id`) VALUES ('2466', '4810', '1');
INSERT INTO `umpire`.`umpire_name_type` (`ID`, `umpire_id`, `umpire_type_id`) VALUES ('2467', '4809', '1');
INSERT INTO `umpire`.`umpire_name_type` (`ID`, `umpire_id`, `umpire_type_id`) VALUES ('2468', '4808', '1');
INSERT INTO `umpire`.`umpire_name_type` (`ID`, `umpire_id`, `umpire_type_id`) VALUES ('2469', '4982', '1');
INSERT INTO `umpire`.`umpire_name_type` (`ID`, `umpire_id`, `umpire_type_id`) VALUES ('2470', '4806', '1');
INSERT INTO `umpire`.`umpire_name_type` (`ID`, `umpire_id`, `umpire_type_id`) VALUES ('2471', '4805', '1');
INSERT INTO `umpire`.`umpire_name_type` (`ID`, `umpire_id`, `umpire_type_id`) VALUES ('2472', '4701', '1');
INSERT INTO `umpire`.`umpire_name_type` (`ID`, `umpire_id`, `umpire_type_id`) VALUES ('2473', '4804', '1');
INSERT INTO `umpire`.`umpire_name_type` (`ID`, `umpire_id`, `umpire_type_id`) VALUES ('2474', '4773', '1');
INSERT INTO `umpire`.`umpire_name_type` (`ID`, `umpire_id`, `umpire_type_id`) VALUES ('2475', '4937', '1');
INSERT INTO `umpire`.`umpire_name_type` (`ID`, `umpire_id`, `umpire_type_id`) VALUES ('2476', '5012', '1');
INSERT INTO `umpire`.`umpire_name_type` (`ID`, `umpire_id`, `umpire_type_id`) VALUES ('2477', '4799', '1');
INSERT INTO `umpire`.`umpire_name_type` (`ID`, `umpire_id`, `umpire_type_id`) VALUES ('2478', '4979', '1');
INSERT INTO `umpire`.`umpire_name_type` (`ID`, `umpire_id`, `umpire_type_id`) VALUES ('2479', '4720', '1');
INSERT INTO `umpire`.`umpire_name_type` (`ID`, `umpire_id`, `umpire_type_id`) VALUES ('2480', '4775', '1');
INSERT INTO `umpire`.`umpire_name_type` (`ID`, `umpire_id`, `umpire_type_id`) VALUES ('2481', '4750', '1');
INSERT INTO `umpire`.`umpire_name_type` (`ID`, `umpire_id`, `umpire_type_id`) VALUES ('2482', '5006', '1');
INSERT INTO `umpire`.`umpire_name_type` (`ID`, `umpire_id`, `umpire_type_id`) VALUES ('2483', '4748', '1');
INSERT INTO `umpire`.`umpire_name_type` (`ID`, `umpire_id`, `umpire_type_id`) VALUES ('2484', '5005', '1');
INSERT INTO `umpire`.`umpire_name_type` (`ID`, `umpire_id`, `umpire_type_id`) VALUES ('2485', '4746', '1');
INSERT INTO `umpire`.`umpire_name_type` (`ID`, `umpire_id`, `umpire_type_id`) VALUES ('2486', '4745', '1');
INSERT INTO `umpire`.`umpire_name_type` (`ID`, `umpire_id`, `umpire_type_id`) VALUES ('2487', '4744', '1');
INSERT INTO `umpire`.`umpire_name_type` (`ID`, `umpire_id`, `umpire_type_id`) VALUES ('2488', '4997', '1');
INSERT INTO `umpire`.`umpire_name_type` (`ID`, `umpire_id`, `umpire_type_id`) VALUES ('2489', '4742', '1');
INSERT INTO `umpire`.`umpire_name_type` (`ID`, `umpire_id`, `umpire_type_id`) VALUES ('2490', '4718', '1');
INSERT INTO `umpire`.`umpire_name_type` (`ID`, `umpire_id`, `umpire_type_id`) VALUES ('2491', '4752', '1');
INSERT INTO `umpire`.`umpire_name_type` (`ID`, `umpire_id`, `umpire_type_id`) VALUES ('2492', '4739', '1');
INSERT INTO `umpire`.`umpire_name_type` (`ID`, `umpire_id`, `umpire_type_id`) VALUES ('2493', '4996', '1');
INSERT INTO `umpire`.`umpire_name_type` (`ID`, `umpire_id`, `umpire_type_id`) VALUES ('2494', '4721', '1');
INSERT INTO `umpire`.`umpire_name_type` (`ID`, `umpire_id`, `umpire_type_id`) VALUES ('2495', '4736', '1');
INSERT INTO `umpire`.`umpire_name_type` (`ID`, `umpire_id`, `umpire_type_id`) VALUES ('2496', '4735', '1');
INSERT INTO `umpire`.`umpire_name_type` (`ID`, `umpire_id`, `umpire_type_id`) VALUES ('2497', '4734', '1');
INSERT INTO `umpire`.`umpire_name_type` (`ID`, `umpire_id`, `umpire_type_id`) VALUES ('2498', '4733', '1');
INSERT INTO `umpire`.`umpire_name_type` (`ID`, `umpire_id`, `umpire_type_id`) VALUES ('2499', '4732', '1');
INSERT INTO `umpire`.`umpire_name_type` (`ID`, `umpire_id`, `umpire_type_id`) VALUES ('2500', '4998', '1');
INSERT INTO `umpire`.`umpire_name_type` (`ID`, `umpire_id`, `umpire_type_id`) VALUES ('2501', '4728', '1');
INSERT INTO `umpire`.`umpire_name_type` (`ID`, `umpire_id`, `umpire_type_id`) VALUES ('2502', '4727', '1');
INSERT INTO `umpire`.`umpire_name_type` (`ID`, `umpire_id`, `umpire_type_id`) VALUES ('2503', '5001', '1');
INSERT INTO `umpire`.`umpire_name_type` (`ID`, `umpire_id`, `umpire_type_id`) VALUES ('2504', '5002', '1');
INSERT INTO `umpire`.`umpire_name_type` (`ID`, `umpire_id`, `umpire_type_id`) VALUES ('2505', '4724', '1');
INSERT INTO `umpire`.`umpire_name_type` (`ID`, `umpire_id`, `umpire_type_id`) VALUES ('2506', '5004', '1');
INSERT INTO `umpire`.`umpire_name_type` (`ID`, `umpire_id`, `umpire_type_id`) VALUES ('2507', '4994', '1');
INSERT INTO `umpire`.`umpire_name_type` (`ID`, `umpire_id`, `umpire_type_id`) VALUES ('2508', '4778', '1');
INSERT INTO `umpire`.`umpire_name_type` (`ID`, `umpire_id`, `umpire_type_id`) VALUES ('2509', '4777', '1');
INSERT INTO `umpire`.`umpire_name_type` (`ID`, `umpire_id`, `umpire_type_id`) VALUES ('2510', '4776', '1');
INSERT INTO `umpire`.`umpire_name_type` (`ID`, `umpire_id`, `umpire_type_id`) VALUES ('2511', '4774', '1');
INSERT INTO `umpire`.`umpire_name_type` (`ID`, `umpire_id`, `umpire_type_id`) VALUES ('2512', '4830', '1');
INSERT INTO `umpire`.`umpire_name_type` (`ID`, `umpire_id`, `umpire_type_id`) VALUES ('2513', '4772', '1');
INSERT INTO `umpire`.`umpire_name_type` (`ID`, `umpire_id`, `umpire_type_id`) VALUES ('2514', '4771', '1');
INSERT INTO `umpire`.`umpire_name_type` (`ID`, `umpire_id`, `umpire_type_id`) VALUES ('2515', '4770', '1');
INSERT INTO `umpire`.`umpire_name_type` (`ID`, `umpire_id`, `umpire_type_id`) VALUES ('2516', '4769', '1');
INSERT INTO `umpire`.`umpire_name_type` (`ID`, `umpire_id`, `umpire_type_id`) VALUES ('2517', '4768', '1');
INSERT INTO `umpire`.`umpire_name_type` (`ID`, `umpire_id`, `umpire_type_id`) VALUES ('2518', '4767', '1');
INSERT INTO `umpire`.`umpire_name_type` (`ID`, `umpire_id`, `umpire_type_id`) VALUES ('2519', '4751', '1');
INSERT INTO `umpire`.`umpire_name_type` (`ID`, `umpire_id`, `umpire_type_id`) VALUES ('2520', '4765', '1');
INSERT INTO `umpire`.`umpire_name_type` (`ID`, `umpire_id`, `umpire_type_id`) VALUES ('2521', '4712', '1');
INSERT INTO `umpire`.`umpire_name_type` (`ID`, `umpire_id`, `umpire_type_id`) VALUES ('2522', '4764', '1');
INSERT INTO `umpire`.`umpire_name_type` (`ID`, `umpire_id`, `umpire_type_id`) VALUES ('2523', '4714', '1');
INSERT INTO `umpire`.`umpire_name_type` (`ID`, `umpire_id`, `umpire_type_id`) VALUES ('2524', '4761', '1');
INSERT INTO `umpire`.`umpire_name_type` (`ID`, `umpire_id`, `umpire_type_id`) VALUES ('2525', '4760', '1');
INSERT INTO `umpire`.`umpire_name_type` (`ID`, `umpire_id`, `umpire_type_id`) VALUES ('2526', '4759', '1');
INSERT INTO `umpire`.`umpire_name_type` (`ID`, `umpire_id`, `umpire_type_id`) VALUES ('2527', '4758', '1');
INSERT INTO `umpire`.`umpire_name_type` (`ID`, `umpire_id`, `umpire_type_id`) VALUES ('2528', '4757', '1');
INSERT INTO `umpire`.`umpire_name_type` (`ID`, `umpire_id`, `umpire_type_id`) VALUES ('2529', '4756', '1');
INSERT INTO `umpire`.`umpire_name_type` (`ID`, `umpire_id`, `umpire_type_id`) VALUES ('2530', '4715', '1');
INSERT INTO `umpire`.`umpire_name_type` (`ID`, `umpire_id`, `umpire_type_id`) VALUES ('2531', '4755', '1');
INSERT INTO `umpire`.`umpire_name_type` (`ID`, `umpire_id`, `umpire_type_id`) VALUES ('2532', '4754', '1');
INSERT INTO `umpire`.`umpire_name_type` (`ID`, `umpire_id`, `umpire_type_id`) VALUES ('2533', '4716', '1');
INSERT INTO `umpire`.`umpire_name_type` (`ID`, `umpire_id`, `umpire_type_id`) VALUES ('2534', '5007', '1');
INSERT INTO `umpire`.`umpire_name_type` (`ID`, `umpire_id`, `umpire_type_id`) VALUES ('2535', '4960', '1');
INSERT INTO `umpire`.`umpire_name_type` (`ID`, `umpire_id`, `umpire_type_id`) VALUES ('2536', '4879', '1');
INSERT INTO `umpire`.`umpire_name_type` (`ID`, `umpire_id`, `umpire_type_id`) VALUES ('2537', '4677', '1');
INSERT INTO `umpire`.`umpire_name_type` (`ID`, `umpire_id`, `umpire_type_id`) VALUES ('2538', '4903', '1');
INSERT INTO `umpire`.`umpire_name_type` (`ID`, `umpire_id`, `umpire_type_id`) VALUES ('2539', '4956', '1');
INSERT INTO `umpire`.`umpire_name_type` (`ID`, `umpire_id`, `umpire_type_id`) VALUES ('2540', '4678', '1');
INSERT INTO `umpire`.`umpire_name_type` (`ID`, `umpire_id`, `umpire_type_id`) VALUES ('2541', '4957', '1');
INSERT INTO `umpire`.`umpire_name_type` (`ID`, `umpire_id`, `umpire_type_id`) VALUES ('2542', '4901', '1');
INSERT INTO `umpire`.`umpire_name_type` (`ID`, `umpire_id`, `umpire_type_id`) VALUES ('2543', '4900', '1');
INSERT INTO `umpire`.`umpire_name_type` (`ID`, `umpire_id`, `umpire_type_id`) VALUES ('2544', '4898', '1');
INSERT INTO `umpire`.`umpire_name_type` (`ID`, `umpire_id`, `umpire_type_id`) VALUES ('2545', '4896', '1');
INSERT INTO `umpire`.`umpire_name_type` (`ID`, `umpire_id`, `umpire_type_id`) VALUES ('2546', '5020', '1');
INSERT INTO `umpire`.`umpire_name_type` (`ID`, `umpire_id`, `umpire_type_id`) VALUES ('2547', '4905', '1');
INSERT INTO `umpire`.`umpire_name_type` (`ID`, `umpire_id`, `umpire_type_id`) VALUES ('2548', '4893', '1');
INSERT INTO `umpire`.`umpire_name_type` (`ID`, `umpire_id`, `umpire_type_id`) VALUES ('2549', '4675', '1');
INSERT INTO `umpire`.`umpire_name_type` (`ID`, `umpire_id`, `umpire_type_id`) VALUES ('2550', '4891', '1');
INSERT INTO `umpire`.`umpire_name_type` (`ID`, `umpire_id`, `umpire_type_id`) VALUES ('2551', '4890', '1');
INSERT INTO `umpire`.`umpire_name_type` (`ID`, `umpire_id`, `umpire_type_id`) VALUES ('2552', '4889', '1');
INSERT INTO `umpire`.`umpire_name_type` (`ID`, `umpire_id`, `umpire_type_id`) VALUES ('2553', '5019', '1');
INSERT INTO `umpire`.`umpire_name_type` (`ID`, `umpire_id`, `umpire_type_id`) VALUES ('2554', '4886', '1');
INSERT INTO `umpire`.`umpire_name_type` (`ID`, `umpire_id`, `umpire_type_id`) VALUES ('2555', '5018', '1');
INSERT INTO `umpire`.`umpire_name_type` (`ID`, `umpire_id`, `umpire_type_id`) VALUES ('2556', '4884', '1');
INSERT INTO `umpire`.`umpire_name_type` (`ID`, `umpire_id`, `umpire_type_id`) VALUES ('2557', '4883', '1');
INSERT INTO `umpire`.`umpire_name_type` (`ID`, `umpire_id`, `umpire_type_id`) VALUES ('2558', '4975', '1');
INSERT INTO `umpire`.`umpire_name_type` (`ID`, `umpire_id`, `umpire_type_id`) VALUES ('2559', '4881', '1');
INSERT INTO `umpire`.`umpire_name_type` (`ID`, `umpire_id`, `umpire_type_id`) VALUES ('2560', '4826', '1');
INSERT INTO `umpire`.`umpire_name_type` (`ID`, `umpire_id`, `umpire_type_id`) VALUES ('2561', '4959', '1');
INSERT INTO `umpire`.`umpire_name_type` (`ID`, `umpire_id`, `umpire_type_id`) VALUES ('2562', '4923', '1');
INSERT INTO `umpire`.`umpire_name_type` (`ID`, `umpire_id`, `umpire_type_id`) VALUES ('2563', '4939', '1');
INSERT INTO `umpire`.`umpire_name_type` (`ID`, `umpire_id`, `umpire_type_id`) VALUES ('2564', '4934', '1');
INSERT INTO `umpire`.`umpire_name_type` (`ID`, `umpire_id`, `umpire_type_id`) VALUES ('2565', '4940', '1');
INSERT INTO `umpire`.`umpire_name_type` (`ID`, `umpire_id`, `umpire_type_id`) VALUES ('2566', '4670', '1');
INSERT INTO `umpire`.`umpire_name_type` (`ID`, `umpire_id`, `umpire_type_id`) VALUES ('2567', '4942', '1');
INSERT INTO `umpire`.`umpire_name_type` (`ID`, `umpire_id`, `umpire_type_id`) VALUES ('2568', '4943', '1');
INSERT INTO `umpire`.`umpire_name_type` (`ID`, `umpire_id`, `umpire_type_id`) VALUES ('2569', '4929', '1');
INSERT INTO `umpire`.`umpire_name_type` (`ID`, `umpire_id`, `umpire_type_id`) VALUES ('2570', '4928', '1');
INSERT INTO `umpire`.`umpire_name_type` (`ID`, `umpire_id`, `umpire_type_id`) VALUES ('2571', '4944', '1');
INSERT INTO `umpire`.`umpire_name_type` (`ID`, `umpire_id`, `umpire_type_id`) VALUES ('2572', '4926', '1');
INSERT INTO `umpire`.`umpire_name_type` (`ID`, `umpire_id`, `umpire_type_id`) VALUES ('2573', '4945', '1');
INSERT INTO `umpire`.`umpire_name_type` (`ID`, `umpire_id`, `umpire_type_id`) VALUES ('2574', '4676', '1');
INSERT INTO `umpire`.`umpire_name_type` (`ID`, `umpire_id`, `umpire_type_id`) VALUES ('2575', '4924', '1');
INSERT INTO `umpire`.`umpire_name_type` (`ID`, `umpire_id`, `umpire_type_id`) VALUES ('2576', '5017', '1');
INSERT INTO `umpire`.`umpire_name_type` (`ID`, `umpire_id`, `umpire_type_id`) VALUES ('2577', '4922', '1');
INSERT INTO `umpire`.`umpire_name_type` (`ID`, `umpire_id`, `umpire_type_id`) VALUES ('2578', '4921', '1');
INSERT INTO `umpire`.`umpire_name_type` (`ID`, `umpire_id`, `umpire_type_id`) VALUES ('2579', '4946', '1');
INSERT INTO `umpire`.`umpire_name_type` (`ID`, `umpire_id`, `umpire_type_id`) VALUES ('2580', '4919', '1');
INSERT INTO `umpire`.`umpire_name_type` (`ID`, `umpire_id`, `umpire_type_id`) VALUES ('2581', '4947', '1');
INSERT INTO `umpire`.`umpire_name_type` (`ID`, `umpire_id`, `umpire_type_id`) VALUES ('2582', '4949', '1');
INSERT INTO `umpire`.`umpire_name_type` (`ID`, `umpire_id`, `umpire_type_id`) VALUES ('2583', '5023', '1');
INSERT INTO `umpire`.`umpire_name_type` (`ID`, `umpire_id`, `umpire_type_id`) VALUES ('2584', '4914', '1');
INSERT INTO `umpire`.`umpire_name_type` (`ID`, `umpire_id`, `umpire_type_id`) VALUES ('2585', '4951', '1');
INSERT INTO `umpire`.`umpire_name_type` (`ID`, `umpire_id`, `umpire_type_id`) VALUES ('2586', '4952', '1');
INSERT INTO `umpire`.`umpire_name_type` (`ID`, `umpire_id`, `umpire_type_id`) VALUES ('2587', '4908', '1');
INSERT INTO `umpire`.`umpire_name_type` (`ID`, `umpire_id`, `umpire_type_id`) VALUES ('2588', '4925', '1');
INSERT INTO `umpire`.`umpire_name_type` (`ID`, `umpire_id`, `umpire_type_id`) VALUES ('2589', '4841', '1');
INSERT INTO `umpire`.`umpire_name_type` (`ID`, `umpire_id`, `umpire_type_id`) VALUES ('2590', '4852', '1');
INSERT INTO `umpire`.`umpire_name_type` (`ID`, `umpire_id`, `umpire_type_id`) VALUES ('2591', '4683', '1');
INSERT INTO `umpire`.`umpire_name_type` (`ID`, `umpire_id`, `umpire_type_id`) VALUES ('2592', '4692', '1');
INSERT INTO `umpire`.`umpire_name_type` (`ID`, `umpire_id`, `umpire_type_id`) VALUES ('2593', '4850', '1');
INSERT INTO `umpire`.`umpire_name_type` (`ID`, `umpire_id`, `umpire_type_id`) VALUES ('2594', '4849', '1');
INSERT INTO `umpire`.`umpire_name_type` (`ID`, `umpire_id`, `umpire_type_id`) VALUES ('2595', '4848', '1');
INSERT INTO `umpire`.`umpire_name_type` (`ID`, `umpire_id`, `umpire_type_id`) VALUES ('2596', '4847', '1');
INSERT INTO `umpire`.`umpire_name_type` (`ID`, `umpire_id`, `umpire_type_id`) VALUES ('2597', '5024', '1');
INSERT INTO `umpire`.`umpire_name_type` (`ID`, `umpire_id`, `umpire_type_id`) VALUES ('2598', '4693', '1');
INSERT INTO `umpire`.`umpire_name_type` (`ID`, `umpire_id`, `umpire_type_id`) VALUES ('2599', '4669', '1');
INSERT INTO `umpire`.`umpire_name_type` (`ID`, `umpire_id`, `umpire_type_id`) VALUES ('2600', '4691', '1');
INSERT INTO `umpire`.`umpire_name_type` (`ID`, `umpire_id`, `umpire_type_id`) VALUES ('2601', '4973', '1');
INSERT INTO `umpire`.`umpire_name_type` (`ID`, `umpire_id`, `umpire_type_id`) VALUES ('2602', '4970', '1');
INSERT INTO `umpire`.`umpire_name_type` (`ID`, `umpire_id`, `umpire_type_id`) VALUES ('2603', '4840', '1');
INSERT INTO `umpire`.`umpire_name_type` (`ID`, `umpire_id`, `umpire_type_id`) VALUES ('2604', '4695', '1');
INSERT INTO `umpire`.`umpire_name_type` (`ID`, `umpire_id`, `umpire_type_id`) VALUES ('2605', '4837', '1');
INSERT INTO `umpire`.`umpire_name_type` (`ID`, `umpire_id`, `umpire_type_id`) VALUES ('2606', '4834', '1');
INSERT INTO `umpire`.`umpire_name_type` (`ID`, `umpire_id`, `umpire_type_id`) VALUES ('2607', '4833', '1');
INSERT INTO `umpire`.`umpire_name_type` (`ID`, `umpire_id`, `umpire_type_id`) VALUES ('2608', '4832', '1');
INSERT INTO `umpire`.`umpire_name_type` (`ID`, `umpire_id`, `umpire_type_id`) VALUES ('2609', '4831', '1');
INSERT INTO `umpire`.`umpire_name_type` (`ID`, `umpire_id`, `umpire_type_id`) VALUES ('2610', '4802', '1');
INSERT INTO `umpire`.`umpire_name_type` (`ID`, `umpire_id`, `umpire_type_id`) VALUES ('2611', '4829', '1');
INSERT INTO `umpire`.`umpire_name_type` (`ID`, `umpire_id`, `umpire_type_id`) VALUES ('2612', '4722', '1');
INSERT INTO `umpire`.`umpire_name_type` (`ID`, `umpire_id`, `umpire_type_id`) VALUES ('2613', '4827', '1');
INSERT INTO `umpire`.`umpire_name_type` (`ID`, `umpire_id`, `umpire_type_id`) VALUES ('2614', '4843', '1');
INSERT INTO `umpire`.`umpire_name_type` (`ID`, `umpire_id`, `umpire_type_id`) VALUES ('2615', '4865', '1');
INSERT INTO `umpire`.`umpire_name_type` (`ID`, `umpire_id`, `umpire_type_id`) VALUES ('2616', '5016', '1');
INSERT INTO `umpire`.`umpire_name_type` (`ID`, `umpire_id`, `umpire_type_id`) VALUES ('2617', '4876', '1');
INSERT INTO `umpire`.`umpire_name_type` (`ID`, `umpire_id`, `umpire_type_id`) VALUES ('2618', '4875', '1');
INSERT INTO `umpire`.`umpire_name_type` (`ID`, `umpire_id`, `umpire_type_id`) VALUES ('2619', '4874', '1');
INSERT INTO `umpire`.`umpire_name_type` (`ID`, `umpire_id`, `umpire_type_id`) VALUES ('2620', '4872', '1');
INSERT INTO `umpire`.`umpire_name_type` (`ID`, `umpire_id`, `umpire_type_id`) VALUES ('2621', '4871', '1');
INSERT INTO `umpire`.`umpire_name_type` (`ID`, `umpire_id`, `umpire_type_id`) VALUES ('2622', '4870', '1');
INSERT INTO `umpire`.`umpire_name_type` (`ID`, `umpire_id`, `umpire_type_id`) VALUES ('2623', '4686', '1');
INSERT INTO `umpire`.`umpire_name_type` (`ID`, `umpire_id`, `umpire_type_id`) VALUES ('2624', '4866', '1');
INSERT INTO `umpire`.`umpire_name_type` (`ID`, `umpire_id`, `umpire_type_id`) VALUES ('2625', '4969', '1');
INSERT INTO `umpire`.`umpire_name_type` (`ID`, `umpire_id`, `umpire_type_id`) VALUES ('2626', '4863', '1');
INSERT INTO `umpire`.`umpire_name_type` (`ID`, `umpire_id`, `umpire_type_id`) VALUES ('2627', '4860', '1');
INSERT INTO `umpire`.`umpire_name_type` (`ID`, `umpire_id`, `umpire_type_id`) VALUES ('2628', '4862', '1');
INSERT INTO `umpire`.`umpire_name_type` (`ID`, `umpire_id`, `umpire_type_id`) VALUES ('2629', '4968', '1');
INSERT INTO `umpire`.`umpire_name_type` (`ID`, `umpire_id`, `umpire_type_id`) VALUES ('2630', '4857', '1');
INSERT INTO `umpire`.`umpire_name_type` (`ID`, `umpire_id`, `umpire_type_id`) VALUES ('2631', '4858', '1');
INSERT INTO `umpire`.`umpire_name_type` (`ID`, `umpire_id`, `umpire_type_id`) VALUES ('2632', '4687', '1');
INSERT INTO `umpire`.`umpire_name_type` (`ID`, `umpire_id`, `umpire_type_id`) VALUES ('2633', '4853', '2');
INSERT INTO `umpire`.`umpire_name_type` (`ID`, `umpire_id`, `umpire_type_id`) VALUES ('2634', '4813', '2');
INSERT INTO `umpire`.`umpire_name_type` (`ID`, `umpire_id`, `umpire_type_id`) VALUES ('2635', '4885', '2');
INSERT INTO `umpire`.`umpire_name_type` (`ID`, `umpire_id`, `umpire_type_id`) VALUES ('2636', '4880', '2');
INSERT INTO `umpire`.`umpire_name_type` (`ID`, `umpire_id`, `umpire_type_id`) VALUES ('2637', '4878', '2');
INSERT INTO `umpire`.`umpire_name_type` (`ID`, `umpire_id`, `umpire_type_id`) VALUES ('2638', '4873', '2');
INSERT INTO `umpire`.`umpire_name_type` (`ID`, `umpire_id`, `umpire_type_id`) VALUES ('2639', '4872', '2');
INSERT INTO `umpire`.`umpire_name_type` (`ID`, `umpire_id`, `umpire_type_id`) VALUES ('2640', '4867', '2');
INSERT INTO `umpire`.`umpire_name_type` (`ID`, `umpire_id`, `umpire_type_id`) VALUES ('2641', '4864', '2');
INSERT INTO `umpire`.`umpire_name_type` (`ID`, `umpire_id`, `umpire_type_id`) VALUES ('2642', '4859', '2');
INSERT INTO `umpire`.`umpire_name_type` (`ID`, `umpire_id`, `umpire_type_id`) VALUES ('2643', '4888', '2');
INSERT INTO `umpire`.`umpire_name_type` (`ID`, `umpire_id`, `umpire_type_id`) VALUES ('2644', '4855', '2');
INSERT INTO `umpire`.`umpire_name_type` (`ID`, `umpire_id`, `umpire_type_id`) VALUES ('2645', '4892', '2');
INSERT INTO `umpire`.`umpire_name_type` (`ID`, `umpire_id`, `umpire_type_id`) VALUES ('2646', '4846', '2');
INSERT INTO `umpire`.`umpire_name_type` (`ID`, `umpire_id`, `umpire_type_id`) VALUES ('2647', '4844', '2');
INSERT INTO `umpire`.`umpire_name_type` (`ID`, `umpire_id`, `umpire_type_id`) VALUES ('2648', '4842', '2');
INSERT INTO `umpire`.`umpire_name_type` (`ID`, `umpire_id`, `umpire_type_id`) VALUES ('2649', '4835', '2');
INSERT INTO `umpire`.`umpire_name_type` (`ID`, `umpire_id`, `umpire_type_id`) VALUES ('2650', '4831', '2');
INSERT INTO `umpire`.`umpire_name_type` (`ID`, `umpire_id`, `umpire_type_id`) VALUES ('2651', '4828', '2');
INSERT INTO `umpire`.`umpire_name_type` (`ID`, `umpire_id`, `umpire_type_id`) VALUES ('2652', '4818', '2');
INSERT INTO `umpire`.`umpire_name_type` (`ID`, `umpire_id`, `umpire_type_id`) VALUES ('2653', '4817', '2');
INSERT INTO `umpire`.`umpire_name_type` (`ID`, `umpire_id`, `umpire_type_id`) VALUES ('2654', '4816', '2');
INSERT INTO `umpire`.`umpire_name_type` (`ID`, `umpire_id`, `umpire_type_id`) VALUES ('2655', '4936', '2');
INSERT INTO `umpire`.`umpire_name_type` (`ID`, `umpire_id`, `umpire_type_id`) VALUES ('2656', '4856', '2');
INSERT INTO `umpire`.`umpire_name_type` (`ID`, `umpire_id`, `umpire_type_id`) VALUES ('2657', '4915', '2');
INSERT INTO `umpire`.`umpire_name_type` (`ID`, `umpire_id`, `umpire_type_id`) VALUES ('2658', '4935', '2');
INSERT INTO `umpire`.`umpire_name_type` (`ID`, `umpire_id`, `umpire_type_id`) VALUES ('2659', '4933', '2');
INSERT INTO `umpire`.`umpire_name_type` (`ID`, `umpire_id`, `umpire_type_id`) VALUES ('2660', '4932', '2');
INSERT INTO `umpire`.`umpire_name_type` (`ID`, `umpire_id`, `umpire_type_id`) VALUES ('2661', '4931', '2');
INSERT INTO `umpire`.`umpire_name_type` (`ID`, `umpire_id`, `umpire_type_id`) VALUES ('2662', '4930', '2');
INSERT INTO `umpire`.`umpire_name_type` (`ID`, `umpire_id`, `umpire_type_id`) VALUES ('2663', '4927', '2');
INSERT INTO `umpire`.`umpire_name_type` (`ID`, `umpire_id`, `umpire_type_id`) VALUES ('2664', '4926', '2');
INSERT INTO `umpire`.`umpire_name_type` (`ID`, `umpire_id`, `umpire_type_id`) VALUES ('2665', '4920', '2');
INSERT INTO `umpire`.`umpire_name_type` (`ID`, `umpire_id`, `umpire_type_id`) VALUES ('2666', '4918', '2');
INSERT INTO `umpire`.`umpire_name_type` (`ID`, `umpire_id`, `umpire_type_id`) VALUES ('2667', '4887', '2');
INSERT INTO `umpire`.`umpire_name_type` (`ID`, `umpire_id`, `umpire_type_id`) VALUES ('2668', '4916', '2');
INSERT INTO `umpire`.`umpire_name_type` (`ID`, `umpire_id`, `umpire_type_id`) VALUES ('2669', '4811', '2');
INSERT INTO `umpire`.`umpire_name_type` (`ID`, `umpire_id`, `umpire_type_id`) VALUES ('2670', '4913', '2');
INSERT INTO `umpire`.`umpire_name_type` (`ID`, `umpire_id`, `umpire_type_id`) VALUES ('2671', '4910', '2');
INSERT INTO `umpire`.`umpire_name_type` (`ID`, `umpire_id`, `umpire_type_id`) VALUES ('2672', '4909', '2');
INSERT INTO `umpire`.`umpire_name_type` (`ID`, `umpire_id`, `umpire_type_id`) VALUES ('2673', '4907', '2');
INSERT INTO `umpire`.`umpire_name_type` (`ID`, `umpire_id`, `umpire_type_id`) VALUES ('2674', '4905', '2');
INSERT INTO `umpire`.`umpire_name_type` (`ID`, `umpire_id`, `umpire_type_id`) VALUES ('2675', '4904', '2');
INSERT INTO `umpire`.`umpire_name_type` (`ID`, `umpire_id`, `umpire_type_id`) VALUES ('2676', '4903', '2');
INSERT INTO `umpire`.`umpire_name_type` (`ID`, `umpire_id`, `umpire_type_id`) VALUES ('2677', '4902', '2');
INSERT INTO `umpire`.`umpire_name_type` (`ID`, `umpire_id`, `umpire_type_id`) VALUES ('2678', '4897', '2');
INSERT INTO `umpire`.`umpire_name_type` (`ID`, `umpire_id`, `umpire_type_id`) VALUES ('2679', '4895', '2');
INSERT INTO `umpire`.`umpire_name_type` (`ID`, `umpire_id`, `umpire_type_id`) VALUES ('2680', '4917', '2');
INSERT INTO `umpire`.`umpire_name_type` (`ID`, `umpire_id`, `umpire_type_id`) VALUES ('2681', '4702', '2');
INSERT INTO `umpire`.`umpire_name_type` (`ID`, `umpire_id`, `umpire_type_id`) VALUES ('2682', '4814', '2');
INSERT INTO `umpire`.`umpire_name_type` (`ID`, `umpire_id`, `umpire_type_id`) VALUES ('2683', '4719', '2');
INSERT INTO `umpire`.`umpire_name_type` (`ID`, `umpire_id`, `umpire_type_id`) VALUES ('2684', '4718', '2');
INSERT INTO `umpire`.`umpire_name_type` (`ID`, `umpire_id`, `umpire_type_id`) VALUES ('2685', '4717', '2');
INSERT INTO `umpire`.`umpire_name_type` (`ID`, `umpire_id`, `umpire_type_id`) VALUES ('2686', '4713', '2');
INSERT INTO `umpire`.`umpire_name_type` (`ID`, `umpire_id`, `umpire_type_id`) VALUES ('2687', '4712', '2');
INSERT INTO `umpire`.`umpire_name_type` (`ID`, `umpire_id`, `umpire_type_id`) VALUES ('2688', '4711', '2');
INSERT INTO `umpire`.`umpire_name_type` (`ID`, `umpire_id`, `umpire_type_id`) VALUES ('2689', '4709', '2');
INSERT INTO `umpire`.`umpire_name_type` (`ID`, `umpire_id`, `umpire_type_id`) VALUES ('2690', '4708', '2');
INSERT INTO `umpire`.`umpire_name_type` (`ID`, `umpire_id`, `umpire_type_id`) VALUES ('2691', '4725', '2');
INSERT INTO `umpire`.`umpire_name_type` (`ID`, `umpire_id`, `umpire_type_id`) VALUES ('2692', '4703', '2');
INSERT INTO `umpire`.`umpire_name_type` (`ID`, `umpire_id`, `umpire_type_id`) VALUES ('2693', '4726', '2');
INSERT INTO `umpire`.`umpire_name_type` (`ID`, `umpire_id`, `umpire_type_id`) VALUES ('2694', '4697', '2');
INSERT INTO `umpire`.`umpire_name_type` (`ID`, `umpire_id`, `umpire_type_id`) VALUES ('2695', '4694', '2');
INSERT INTO `umpire`.`umpire_name_type` (`ID`, `umpire_id`, `umpire_type_id`) VALUES ('2696', '4685', '2');
INSERT INTO `umpire`.`umpire_name_type` (`ID`, `umpire_id`, `umpire_type_id`) VALUES ('2697', '4684', '2');
INSERT INTO `umpire`.`umpire_name_type` (`ID`, `umpire_id`, `umpire_type_id`) VALUES ('2698', '4682', '2');
INSERT INTO `umpire`.`umpire_name_type` (`ID`, `umpire_id`, `umpire_type_id`) VALUES ('2699', '4681', '2');
INSERT INTO `umpire`.`umpire_name_type` (`ID`, `umpire_id`, `umpire_type_id`) VALUES ('2700', '4680', '2');
INSERT INTO `umpire`.`umpire_name_type` (`ID`, `umpire_id`, `umpire_type_id`) VALUES ('2701', '4679', '2');
INSERT INTO `umpire`.`umpire_name_type` (`ID`, `umpire_id`, `umpire_type_id`) VALUES ('2702', '4673', '2');
INSERT INTO `umpire`.`umpire_name_type` (`ID`, `umpire_id`, `umpire_type_id`) VALUES ('2703', '4672', '2');
INSERT INTO `umpire`.`umpire_name_type` (`ID`, `umpire_id`, `umpire_type_id`) VALUES ('2704', '4704', '2');
INSERT INTO `umpire`.`umpire_name_type` (`ID`, `umpire_id`, `umpire_type_id`) VALUES ('2705', '4782', '2');
INSERT INTO `umpire`.`umpire_name_type` (`ID`, `umpire_id`, `umpire_type_id`) VALUES ('2706', '4807', '2');
INSERT INTO `umpire`.`umpire_name_type` (`ID`, `umpire_id`, `umpire_type_id`) VALUES ('2707', '4805', '2');
INSERT INTO `umpire`.`umpire_name_type` (`ID`, `umpire_id`, `umpire_type_id`) VALUES ('2708', '4804', '2');
INSERT INTO `umpire`.`umpire_name_type` (`ID`, `umpire_id`, `umpire_type_id`) VALUES ('2709', '4801', '2');
INSERT INTO `umpire`.`umpire_name_type` (`ID`, `umpire_id`, `umpire_type_id`) VALUES ('2710', '4799', '2');
INSERT INTO `umpire`.`umpire_name_type` (`ID`, `umpire_id`, `umpire_type_id`) VALUES ('2711', '4798', '2');
INSERT INTO `umpire`.`umpire_name_type` (`ID`, `umpire_id`, `umpire_type_id`) VALUES ('2712', '4795', '2');
INSERT INTO `umpire`.`umpire_name_type` (`ID`, `umpire_id`, `umpire_type_id`) VALUES ('2713', '4793', '2');
INSERT INTO `umpire`.`umpire_name_type` (`ID`, `umpire_id`, `umpire_type_id`) VALUES ('2714', '4791', '2');
INSERT INTO `umpire`.`umpire_name_type` (`ID`, `umpire_id`, `umpire_type_id`) VALUES ('2715', '4722', '2');
INSERT INTO `umpire`.`umpire_name_type` (`ID`, `umpire_id`, `umpire_type_id`) VALUES ('2716', '4783', '2');
INSERT INTO `umpire`.`umpire_name_type` (`ID`, `umpire_id`, `umpire_type_id`) VALUES ('2717', '4845', '2');
INSERT INTO `umpire`.`umpire_name_type` (`ID`, `umpire_id`, `umpire_type_id`) VALUES ('2718', '4780', '2');
INSERT INTO `umpire`.`umpire_name_type` (`ID`, `umpire_id`, `umpire_type_id`) VALUES ('2719', '4772', '2');
INSERT INTO `umpire`.`umpire_name_type` (`ID`, `umpire_id`, `umpire_type_id`) VALUES ('2720', '4765', '2');
INSERT INTO `umpire`.`umpire_name_type` (`ID`, `umpire_id`, `umpire_type_id`) VALUES ('2721', '4762', '2');
INSERT INTO `umpire`.`umpire_name_type` (`ID`, `umpire_id`, `umpire_type_id`) VALUES ('2722', '4756', '2');
INSERT INTO `umpire`.`umpire_name_type` (`ID`, `umpire_id`, `umpire_type_id`) VALUES ('2723', '4753', '2');
INSERT INTO `umpire`.`umpire_name_type` (`ID`, `umpire_id`, `umpire_type_id`) VALUES ('2724', '4743', '2');
INSERT INTO `umpire`.`umpire_name_type` (`ID`, `umpire_id`, `umpire_type_id`) VALUES ('2725', '4731', '2');
INSERT INTO `umpire`.`umpire_name_type` (`ID`, `umpire_id`, `umpire_type_id`) VALUES ('2726', '4730', '2');
INSERT INTO `umpire`.`umpire_name_type` (`ID`, `umpire_id`, `umpire_type_id`) VALUES ('2727', '4729', '2');
INSERT INTO `umpire`.`umpire_name_type` (`ID`, `umpire_id`, `umpire_type_id`) VALUES ('2728', '4785', '2');
INSERT INTO `umpire`.`umpire_name_type` (`ID`, `umpire_id`, `umpire_type_id`) VALUES ('2729', '4993', '2');
INSERT INTO `umpire`.`umpire_name_type` (`ID`, `umpire_id`, `umpire_type_id`) VALUES ('2730', '4951', '2');
INSERT INTO `umpire`.`umpire_name_type` (`ID`, `umpire_id`, `umpire_type_id`) VALUES ('2731', '4948', '2');
INSERT INTO `umpire`.`umpire_name_type` (`ID`, `umpire_id`, `umpire_type_id`) VALUES ('2732', '4958', '2');
INSERT INTO `umpire`.`umpire_name_type` (`ID`, `umpire_id`, `umpire_type_id`) VALUES ('2733', '4995', '2');
INSERT INTO `umpire`.`umpire_name_type` (`ID`, `umpire_id`, `umpire_type_id`) VALUES ('2734', '5021', '2');
INSERT INTO `umpire`.`umpire_name_type` (`ID`, `umpire_id`, `umpire_type_id`) VALUES ('2735', '4980', '2');
INSERT INTO `umpire`.`umpire_name_type` (`ID`, `umpire_id`, `umpire_type_id`) VALUES ('2736', '4984', '2');
INSERT INTO `umpire`.`umpire_name_type` (`ID`, `umpire_id`, `umpire_type_id`) VALUES ('2737', '4961', '2');
INSERT INTO `umpire`.`umpire_name_type` (`ID`, `umpire_id`, `umpire_type_id`) VALUES ('2738', '4971', '2');
INSERT INTO `umpire`.`umpire_name_type` (`ID`, `umpire_id`, `umpire_type_id`) VALUES ('2739', '4974', '2');
INSERT INTO `umpire`.`umpire_name_type` (`ID`, `umpire_id`, `umpire_type_id`) VALUES ('2740', '4966', '2');
INSERT INTO `umpire`.`umpire_name_type` (`ID`, `umpire_id`, `umpire_type_id`) VALUES ('2741', '4963', '2');
INSERT INTO `umpire`.`umpire_name_type` (`ID`, `umpire_id`, `umpire_type_id`) VALUES ('2742', '4965', '2');
INSERT INTO `umpire`.`umpire_name_type` (`ID`, `umpire_id`, `umpire_type_id`) VALUES ('2743', '4999', '2');
INSERT INTO `umpire`.`umpire_name_type` (`ID`, `umpire_id`, `umpire_type_id`) VALUES ('2744', '4975', '2');
INSERT INTO `umpire`.`umpire_name_type` (`ID`, `umpire_id`, `umpire_type_id`) VALUES ('2745', '4992', '2');
INSERT INTO `umpire`.`umpire_name_type` (`ID`, `umpire_id`, `umpire_type_id`) VALUES ('2746', '5015', '2');
INSERT INTO `umpire`.`umpire_name_type` (`ID`, `umpire_id`, `umpire_type_id`) VALUES ('2747', '4938', '2');
INSERT INTO `umpire`.`umpire_name_type` (`ID`, `umpire_id`, `umpire_type_id`) VALUES ('2748', '4990', '2');
INSERT INTO `umpire`.`umpire_name_type` (`ID`, `umpire_id`, `umpire_type_id`) VALUES ('2749', '5013', '3');
INSERT INTO `umpire`.`umpire_name_type` (`ID`, `umpire_id`, `umpire_type_id`) VALUES ('2750', '4684', '3');
INSERT INTO `umpire`.`umpire_name_type` (`ID`, `umpire_id`, `umpire_type_id`) VALUES ('2751', '5003', '3');
INSERT INTO `umpire`.`umpire_name_type` (`ID`, `umpire_id`, `umpire_type_id`) VALUES ('2752', '4710', '3');
INSERT INTO `umpire`.`umpire_name_type` (`ID`, `umpire_id`, `umpire_type_id`) VALUES ('2753', '4671', '3');
INSERT INTO `umpire`.`umpire_name_type` (`ID`, `umpire_id`, `umpire_type_id`) VALUES ('2754', '4685', '3');
INSERT INTO `umpire`.`umpire_name_type` (`ID`, `umpire_id`, `umpire_type_id`) VALUES ('2755', '4696', '3');
INSERT INTO `umpire`.`umpire_name_type` (`ID`, `umpire_id`, `umpire_type_id`) VALUES ('2756', '4705', '3');
INSERT INTO `umpire`.`umpire_name_type` (`ID`, `umpire_id`, `umpire_type_id`) VALUES ('2757', '5011', '3');
INSERT INTO `umpire`.`umpire_name_type` (`ID`, `umpire_id`, `umpire_type_id`) VALUES ('2758', '5015', '3');
INSERT INTO `umpire`.`umpire_name_type` (`ID`, `umpire_id`, `umpire_type_id`) VALUES ('2759', '4674', '3');
INSERT INTO `umpire`.`umpire_name_type` (`ID`, `umpire_id`, `umpire_type_id`) VALUES ('2760', '4675', '3');
INSERT INTO `umpire`.`umpire_name_type` (`ID`, `umpire_id`, `umpire_type_id`) VALUES ('2761', '5022', '3');
INSERT INTO `umpire`.`umpire_name_type` (`ID`, `umpire_id`, `umpire_type_id`) VALUES ('2762', '4689', '3');
INSERT INTO `umpire`.`umpire_name_type` (`ID`, `umpire_id`, `umpire_type_id`) VALUES ('2763', '4680', '3');
INSERT INTO `umpire`.`umpire_name_type` (`ID`, `umpire_id`, `umpire_type_id`) VALUES ('2764', '4688', '3');
INSERT INTO `umpire`.`umpire_name_type` (`ID`, `umpire_id`, `umpire_type_id`) VALUES ('2765', '4690', '3');
INSERT INTO `umpire`.`umpire_name_type` (`ID`, `umpire_id`, `umpire_type_id`) VALUES ('2766', '4962', '3');
INSERT INTO `umpire`.`umpire_name_type` (`ID`, `umpire_id`, `umpire_type_id`) VALUES ('2767', '4800', '3');
INSERT INTO `umpire`.`umpire_name_type` (`ID`, `umpire_id`, `umpire_type_id`) VALUES ('2768', '4972', '3');
INSERT INTO `umpire`.`umpire_name_type` (`ID`, `umpire_id`, `umpire_type_id`) VALUES ('2769', '4851', '3');
INSERT INTO `umpire`.`umpire_name_type` (`ID`, `umpire_id`, `umpire_type_id`) VALUES ('2770', '4854', '3');
INSERT INTO `umpire`.`umpire_name_type` (`ID`, `umpire_id`, `umpire_type_id`) VALUES ('2771', '4967', '3');
INSERT INTO `umpire`.`umpire_name_type` (`ID`, `umpire_id`, `umpire_type_id`) VALUES ('2772', '4861', '3');
INSERT INTO `umpire`.`umpire_name_type` (`ID`, `umpire_id`, `umpire_type_id`) VALUES ('2773', '4966', '3');
INSERT INTO `umpire`.`umpire_name_type` (`ID`, `umpire_id`, `umpire_type_id`) VALUES ('2774', '4868', '3');
INSERT INTO `umpire`.`umpire_name_type` (`ID`, `umpire_id`, `umpire_type_id`) VALUES ('2775', '4869', '3');
INSERT INTO `umpire`.`umpire_name_type` (`ID`, `umpire_id`, `umpire_type_id`) VALUES ('2776', '4965', '3');
INSERT INTO `umpire`.`umpire_name_type` (`ID`, `umpire_id`, `umpire_type_id`) VALUES ('2777', '4877', '3');
INSERT INTO `umpire`.`umpire_name_type` (`ID`, `umpire_id`, `umpire_type_id`) VALUES ('2778', '4964', '3');
INSERT INTO `umpire`.`umpire_name_type` (`ID`, `umpire_id`, `umpire_type_id`) VALUES ('2779', '4963', '3');
INSERT INTO `umpire`.`umpire_name_type` (`ID`, `umpire_id`, `umpire_type_id`) VALUES ('2780', '4838', '3');
INSERT INTO `umpire`.`umpire_name_type` (`ID`, `umpire_id`, `umpire_type_id`) VALUES ('2781', '4954', '3');
INSERT INTO `umpire`.`umpire_name_type` (`ID`, `umpire_id`, `umpire_type_id`) VALUES ('2782', '4941', '3');
INSERT INTO `umpire`.`umpire_name_type` (`ID`, `umpire_id`, `umpire_type_id`) VALUES ('2783', '4929', '3');
INSERT INTO `umpire`.`umpire_name_type` (`ID`, `umpire_id`, `umpire_type_id`) VALUES ('2784', '4950', '3');
INSERT INTO `umpire`.`umpire_name_type` (`ID`, `umpire_id`, `umpire_type_id`) VALUES ('2785', '4912', '3');
INSERT INTO `umpire`.`umpire_name_type` (`ID`, `umpire_id`, `umpire_type_id`) VALUES ('2786', '4911', '3');
INSERT INTO `umpire`.`umpire_name_type` (`ID`, `umpire_id`, `umpire_type_id`) VALUES ('2787', '4882', '3');
INSERT INTO `umpire`.`umpire_name_type` (`ID`, `umpire_id`, `umpire_type_id`) VALUES ('2788', '4906', '3');
INSERT INTO `umpire`.`umpire_name_type` (`ID`, `umpire_id`, `umpire_type_id`) VALUES ('2789', '4885', '3');
INSERT INTO `umpire`.`umpire_name_type` (`ID`, `umpire_id`, `umpire_type_id`) VALUES ('2790', '4955', '3');
INSERT INTO `umpire`.`umpire_name_type` (`ID`, `umpire_id`, `umpire_type_id`) VALUES ('2791', '4902', '3');
INSERT INTO `umpire`.`umpire_name_type` (`ID`, `umpire_id`, `umpire_type_id`) VALUES ('2792', '4899', '3');
INSERT INTO `umpire`.`umpire_name_type` (`ID`, `umpire_id`, `umpire_type_id`) VALUES ('2793', '4895', '3');
INSERT INTO `umpire`.`umpire_name_type` (`ID`, `umpire_id`, `umpire_type_id`) VALUES ('2794', '4894', '3');
INSERT INTO `umpire`.`umpire_name_type` (`ID`, `umpire_id`, `umpire_type_id`) VALUES ('2795', '4836', '3');
INSERT INTO `umpire`.`umpire_name_type` (`ID`, `umpire_id`, `umpire_type_id`) VALUES ('2796', '4953', '3');
INSERT INTO `umpire`.`umpire_name_type` (`ID`, `umpire_id`, `umpire_type_id`) VALUES ('2797', '4787', '3');
INSERT INTO `umpire`.`umpire_name_type` (`ID`, `umpire_id`, `umpire_type_id`) VALUES ('2798', '5000', '3');
INSERT INTO `umpire`.`umpire_name_type` (`ID`, `umpire_id`, `umpire_type_id`) VALUES ('2799', '4737', '3');
INSERT INTO `umpire`.`umpire_name_type` (`ID`, `umpire_id`, `umpire_type_id`) VALUES ('2800', '4738', '3');
INSERT INTO `umpire`.`umpire_name_type` (`ID`, `umpire_id`, `umpire_type_id`) VALUES ('2801', '4740', '3');
INSERT INTO `umpire`.`umpire_name_type` (`ID`, `umpire_id`, `umpire_type_id`) VALUES ('2802', '4741', '3');
INSERT INTO `umpire`.`umpire_name_type` (`ID`, `umpire_id`, `umpire_type_id`) VALUES ('2803', '4747', '3');
INSERT INTO `umpire`.`umpire_name_type` (`ID`, `umpire_id`, `umpire_type_id`) VALUES ('2804', '4749', '3');
INSERT INTO `umpire`.`umpire_name_type` (`ID`, `umpire_id`, `umpire_type_id`) VALUES ('2805', '4753', '3');
INSERT INTO `umpire`.`umpire_name_type` (`ID`, `umpire_id`, `umpire_type_id`) VALUES ('2806', '4995', '3');
INSERT INTO `umpire`.`umpire_name_type` (`ID`, `umpire_id`, `umpire_type_id`) VALUES ('2807', '4763', '3');
INSERT INTO `umpire`.`umpire_name_type` (`ID`, `umpire_id`, `umpire_type_id`) VALUES ('2808', '4766', '3');
INSERT INTO `umpire`.`umpire_name_type` (`ID`, `umpire_id`, `umpire_type_id`) VALUES ('2809', '4779', '3');
INSERT INTO `umpire`.`umpire_name_type` (`ID`, `umpire_id`, `umpire_type_id`) VALUES ('2810', '4991', '3');
INSERT INTO `umpire`.`umpire_name_type` (`ID`, `umpire_id`, `umpire_type_id`) VALUES ('2811', '4839', '3');
INSERT INTO `umpire`.`umpire_name_type` (`ID`, `umpire_id`, `umpire_type_id`) VALUES ('2812', '4799', '3');
INSERT INTO `umpire`.`umpire_name_type` (`ID`, `umpire_id`, `umpire_type_id`) VALUES ('2813', '4825', '3');
INSERT INTO `umpire`.`umpire_name_type` (`ID`, `umpire_id`, `umpire_type_id`) VALUES ('2814', '4823', '3');
INSERT INTO `umpire`.`umpire_name_type` (`ID`, `umpire_id`, `umpire_type_id`) VALUES ('2815', '4977', '3');
INSERT INTO `umpire`.`umpire_name_type` (`ID`, `umpire_id`, `umpire_type_id`) VALUES ('2816', '4815', '3');
INSERT INTO `umpire`.`umpire_name_type` (`ID`, `umpire_id`, `umpire_type_id`) VALUES ('2817', '4983', '3');
INSERT INTO `umpire`.`umpire_name_type` (`ID`, `umpire_id`, `umpire_type_id`) VALUES ('2818', '4990', '3');
INSERT INTO `umpire`.`umpire_name_type` (`ID`, `umpire_id`, `umpire_type_id`) VALUES ('2819', '4845', '3');
INSERT INTO `umpire`.`umpire_name_type` (`ID`, `umpire_id`, `umpire_type_id`) VALUES ('2820', '4784', '3');
INSERT INTO `umpire`.`umpire_name_type` (`ID`, `umpire_id`, `umpire_type_id`) VALUES ('2821', '4985', '3');
INSERT INTO `umpire`.`umpire_name_type` (`ID`, `umpire_id`, `umpire_type_id`) VALUES ('2822', '4794', '3');
INSERT INTO `umpire`.`umpire_name_type` (`ID`, `umpire_id`, `umpire_type_id`) VALUES ('2823', '4793', '3');
INSERT INTO `umpire`.`umpire_name_type` (`ID`, `umpire_id`, `umpire_type_id`) VALUES ('2824', '4792', '3');
INSERT INTO `umpire`.`umpire_name_type` (`ID`, `umpire_id`, `umpire_type_id`) VALUES ('2825', '4788', '3');
INSERT INTO `umpire`.`umpire_name_type` (`ID`, `umpire_id`, `umpire_type_id`) VALUES ('2826', '4723', '3');
INSERT INTO `umpire`.`umpire_name_type` (`ID`, `umpire_id`, `umpire_type_id`) VALUES ('2827', '4984', '3');





INSERT INTO `umpire`.`dates` (`ID`, `saturday_date`) VALUES ('1', '2015-1-3');
INSERT INTO `umpire`.`dates` (`ID`, `saturday_date`) VALUES ('2', '2015-1-10');
INSERT INTO `umpire`.`dates` (`ID`, `saturday_date`) VALUES ('3', '2015-1-17');
INSERT INTO `umpire`.`dates` (`ID`, `saturday_date`) VALUES ('4', '2015-1-24');
INSERT INTO `umpire`.`dates` (`ID`, `saturday_date`) VALUES ('5', '2015-1-31');
INSERT INTO `umpire`.`dates` (`ID`, `saturday_date`) VALUES ('6', '2015-2-7');
INSERT INTO `umpire`.`dates` (`ID`, `saturday_date`) VALUES ('7', '2015-2-14');
INSERT INTO `umpire`.`dates` (`ID`, `saturday_date`) VALUES ('8', '2015-2-21');
INSERT INTO `umpire`.`dates` (`ID`, `saturday_date`) VALUES ('9', '2015-2-28');
INSERT INTO `umpire`.`dates` (`ID`, `saturday_date`) VALUES ('10', '2015-3-7');
INSERT INTO `umpire`.`dates` (`ID`, `saturday_date`) VALUES ('11', '2015-3-14');
INSERT INTO `umpire`.`dates` (`ID`, `saturday_date`) VALUES ('12', '2015-3-21');
INSERT INTO `umpire`.`dates` (`ID`, `saturday_date`) VALUES ('13', '2015-3-28');
INSERT INTO `umpire`.`dates` (`ID`, `saturday_date`) VALUES ('14', '2015-4-4');
INSERT INTO `umpire`.`dates` (`ID`, `saturday_date`) VALUES ('15', '2015-4-11');
INSERT INTO `umpire`.`dates` (`ID`, `saturday_date`) VALUES ('16', '2015-4-18');
INSERT INTO `umpire`.`dates` (`ID`, `saturday_date`) VALUES ('17', '2015-4-25');
INSERT INTO `umpire`.`dates` (`ID`, `saturday_date`) VALUES ('18', '2015-5-2');
INSERT INTO `umpire`.`dates` (`ID`, `saturday_date`) VALUES ('19', '2015-5-9');
INSERT INTO `umpire`.`dates` (`ID`, `saturday_date`) VALUES ('20', '2015-5-16');
INSERT INTO `umpire`.`dates` (`ID`, `saturday_date`) VALUES ('21', '2015-5-23');
INSERT INTO `umpire`.`dates` (`ID`, `saturday_date`) VALUES ('22', '2015-5-30');
INSERT INTO `umpire`.`dates` (`ID`, `saturday_date`) VALUES ('23', '2015-6-6');
INSERT INTO `umpire`.`dates` (`ID`, `saturday_date`) VALUES ('24', '2015-6-13');
INSERT INTO `umpire`.`dates` (`ID`, `saturday_date`) VALUES ('25', '2015-6-20');
INSERT INTO `umpire`.`dates` (`ID`, `saturday_date`) VALUES ('26', '2015-6-27');
INSERT INTO `umpire`.`dates` (`ID`, `saturday_date`) VALUES ('27', '2015-7-4');
INSERT INTO `umpire`.`dates` (`ID`, `saturday_date`) VALUES ('28', '2015-7-11');
INSERT INTO `umpire`.`dates` (`ID`, `saturday_date`) VALUES ('29', '2015-7-18');
INSERT INTO `umpire`.`dates` (`ID`, `saturday_date`) VALUES ('30', '2015-7-25');
INSERT INTO `umpire`.`dates` (`ID`, `saturday_date`) VALUES ('31', '2015-8-1');
INSERT INTO `umpire`.`dates` (`ID`, `saturday_date`) VALUES ('32', '2015-8-8');
INSERT INTO `umpire`.`dates` (`ID`, `saturday_date`) VALUES ('33', '2015-8-15');
INSERT INTO `umpire`.`dates` (`ID`, `saturday_date`) VALUES ('34', '2015-8-22');
INSERT INTO `umpire`.`dates` (`ID`, `saturday_date`) VALUES ('35', '2015-8-29');
INSERT INTO `umpire`.`dates` (`ID`, `saturday_date`) VALUES ('36', '2015-9-5');
INSERT INTO `umpire`.`dates` (`ID`, `saturday_date`) VALUES ('37', '2015-9-12');
INSERT INTO `umpire`.`dates` (`ID`, `saturday_date`) VALUES ('38', '2015-9-19');
INSERT INTO `umpire`.`dates` (`ID`, `saturday_date`) VALUES ('39', '2015-9-26');
INSERT INTO `umpire`.`dates` (`ID`, `saturday_date`) VALUES ('40', '2015-10-3');
INSERT INTO `umpire`.`dates` (`ID`, `saturday_date`) VALUES ('41', '2015-10-10');
INSERT INTO `umpire`.`dates` (`ID`, `saturday_date`) VALUES ('42', '2015-10-17');
INSERT INTO `umpire`.`dates` (`ID`, `saturday_date`) VALUES ('43', '2015-10-24');
INSERT INTO `umpire`.`dates` (`ID`, `saturday_date`) VALUES ('44', '2015-10-31');
INSERT INTO `umpire`.`dates` (`ID`, `saturday_date`) VALUES ('45', '2015-11-7');
INSERT INTO `umpire`.`dates` (`ID`, `saturday_date`) VALUES ('46', '2015-11-14');
INSERT INTO `umpire`.`dates` (`ID`, `saturday_date`) VALUES ('47', '2015-11-21');
INSERT INTO `umpire`.`dates` (`ID`, `saturday_date`) VALUES ('48', '2015-11-28');
INSERT INTO `umpire`.`dates` (`ID`, `saturday_date`) VALUES ('49', '2015-12-5');
INSERT INTO `umpire`.`dates` (`ID`, `saturday_date`) VALUES ('50', '2015-12-12');
INSERT INTO `umpire`.`dates` (`ID`, `saturday_date`) VALUES ('51', '2015-12-19');
INSERT INTO `umpire`.`dates` (`ID`, `saturday_date`) VALUES ('52', '2015-12-26');


INSERT INTO `umpire`.`test_report`
SELECT ID, first_name, last_name FROM umpire.umpire;