ALTER TABLE mv_report_04 ADD COLUMN region VARCHAR(100);


INSERT INTO report_column (report_column_id, column_name, column_function, overall_total, display_order) VALUES (187,'Under 12|GJFL','SUM','1','24');
INSERT INTO report_column (report_column_id, column_name, column_function, overall_total, display_order) VALUES (188,'No U12 Field|Clubs','MAX','1','612');
INSERT INTO report_column (report_column_id, column_name, column_function, overall_total, display_order) VALUES (189,'No U12 Field|No.','SUM','1','692');
INSERT INTO report_column (report_column_id, column_name, column_function, overall_total, display_order) VALUES (190,'Boundary|Under 12|GJFL',NULL,'1','45');
INSERT INTO report_column (report_column_id, column_name, column_function, overall_total, display_order) VALUES (191,'Field|Under 12|GJFL',NULL,'1','145');
INSERT INTO report_column (report_column_id, column_name, column_function, overall_total, display_order) VALUES (192,'Goal|Under 12|GJFL',NULL,'1','245');


INSERT INTO report_column_lookup (report_column_lookup_id, filter_name, filter_value, report_table_id, report_column_id) VALUES (706, 'short_league_name',  'GJFL', 2, 187);
INSERT INTO report_column_lookup (report_column_lookup_id, filter_name, filter_value, report_table_id, report_column_id) VALUES (707, 'age_group',  'Under 12', 2, 187);
INSERT INTO report_column_lookup (report_column_lookup_id, filter_name, filter_value, report_table_id, report_column_id) VALUES (708, 'age_group',  'All', 2, 187);
INSERT INTO report_column_lookup (report_column_lookup_id, filter_name, filter_value, report_table_id, report_column_id) VALUES (709, 'short_league_name',  'GJFL', 3, 188);
INSERT INTO report_column_lookup (report_column_lookup_id, filter_name, filter_value, report_table_id, report_column_id) VALUES (710, 'short_league_name',  'GJFL', 3, 189);
INSERT INTO report_column_lookup (report_column_lookup_id, filter_name, filter_value, report_table_id, report_column_id) VALUES (711, 'age_group',  'All', 3, 188);
INSERT INTO report_column_lookup (report_column_lookup_id, filter_name, filter_value, report_table_id, report_column_id) VALUES (712, 'age_group',  'All', 3, 189);
INSERT INTO report_column_lookup (report_column_lookup_id, filter_name, filter_value, report_table_id, report_column_id) VALUES (713, 'age_group',  'Under 12', 3, 188);
INSERT INTO report_column_lookup (report_column_lookup_id, filter_name, filter_value, report_table_id, report_column_id) VALUES (714, 'age_group',  'Under 12', 3, 189);
INSERT INTO report_column_lookup (report_column_lookup_id, filter_name, filter_value, report_table_id, report_column_id) VALUES (715, 'umpire_type',  'All', 3, 188);
INSERT INTO report_column_lookup (report_column_lookup_id, filter_name, filter_value, report_table_id, report_column_id) VALUES (716, 'umpire_type',  'All', 3, 189);
INSERT INTO report_column_lookup (report_column_lookup_id, filter_name, filter_value, report_table_id, report_column_id) VALUES (717, 'umpire_type',  'Field', 3, 188);
INSERT INTO report_column_lookup (report_column_lookup_id, filter_name, filter_value, report_table_id, report_column_id) VALUES (718, 'umpire_type',  'Field', 3, 189);
INSERT INTO report_column_lookup (report_column_lookup_id, filter_name, filter_value, report_table_id, report_column_id) VALUES (719, 'short_league_name',  'GJFL', 4, 190);
INSERT INTO report_column_lookup (report_column_lookup_id, filter_name, filter_value, report_table_id, report_column_id) VALUES (720, 'short_league_name',  'GJFL', 4, 191);
INSERT INTO report_column_lookup (report_column_lookup_id, filter_name, filter_value, report_table_id, report_column_id) VALUES (721, 'short_league_name',  'GJFL', 4, 192);
INSERT INTO report_column_lookup (report_column_lookup_id, filter_name, filter_value, report_table_id, report_column_id) VALUES (722, 'age_group',  'All', 4, 190);
INSERT INTO report_column_lookup (report_column_lookup_id, filter_name, filter_value, report_table_id, report_column_id) VALUES (723, 'age_group',  'All', 4, 191);
INSERT INTO report_column_lookup (report_column_lookup_id, filter_name, filter_value, report_table_id, report_column_id) VALUES (724, 'age_group',  'All', 4, 192);
INSERT INTO report_column_lookup (report_column_lookup_id, filter_name, filter_value, report_table_id, report_column_id) VALUES (725, 'age_group',  'Under 12', 4, 190);
INSERT INTO report_column_lookup (report_column_lookup_id, filter_name, filter_value, report_table_id, report_column_id) VALUES (726, 'age_group',  'Under 12', 4, 191);
INSERT INTO report_column_lookup (report_column_lookup_id, filter_name, filter_value, report_table_id, report_column_id) VALUES (727, 'age_group',  'Under 12', 4, 192);
INSERT INTO report_column_lookup (report_column_lookup_id, filter_name, filter_value, report_table_id, report_column_id) VALUES (728, 'umpire_type',  'All', 4, 190);
INSERT INTO report_column_lookup (report_column_lookup_id, filter_name, filter_value, report_table_id, report_column_id) VALUES (729, 'umpire_type',  'All', 4, 191);
INSERT INTO report_column_lookup (report_column_lookup_id, filter_name, filter_value, report_table_id, report_column_id) VALUES (730, 'umpire_type',  'All', 4, 192);
INSERT INTO report_column_lookup (report_column_lookup_id, filter_name, filter_value, report_table_id, report_column_id) VALUES (731, 'umpire_type',  'Boundary', 4, 190);
INSERT INTO report_column_lookup (report_column_lookup_id, filter_name, filter_value, report_table_id, report_column_id) VALUES (732, 'umpire_type',  'Field', 4, 191);
INSERT INTO report_column_lookup (report_column_lookup_id, filter_name, filter_value, report_table_id, report_column_id) VALUES (733, 'umpire_type',  'Goal', 4, 192);
INSERT INTO report_column_lookup (report_column_lookup_id, filter_name, filter_value, report_table_id, report_column_id) VALUES (734, 'umpire_type',  'All', 2, 187);
INSERT INTO report_column_lookup (report_column_lookup_id, filter_name, filter_value, report_table_id, report_column_id) VALUES (735, 'umpire_type',  'Boundary', 2, 187);
INSERT INTO report_column_lookup (report_column_lookup_id, filter_name, filter_value, report_table_id, report_column_id) VALUES (736, 'umpire_type',  'Goal', 2, 187);
INSERT INTO report_column_lookup (report_column_lookup_id, filter_name, filter_value, report_table_id, report_column_id) VALUES (737, 'umpire_type',  'Field', 2, 187);
INSERT INTO report_column_lookup (report_column_lookup_id, filter_name, filter_value, report_table_id, report_column_id) VALUES (738, 'short_league_name',  'GJFL', 3, 188);
INSERT INTO report_column_lookup (report_column_lookup_id, filter_name, filter_value, report_table_id, report_column_id) VALUES (739, 'short_league_name',  'GJFL', 3, 189);


INSERT INTO report_column_lookup_display (report_column_lookup_display_id, report_column_id, column_display_filter_name, column_display_name) VALUES (412, 187, 'age_group', 'Under 12');
INSERT INTO report_column_lookup_display (report_column_lookup_display_id, report_column_id, column_display_filter_name, column_display_name) VALUES (413, 188, 'umpire_type_age_group', 'No U12 Field');
INSERT INTO report_column_lookup_display (report_column_lookup_display_id, report_column_id, column_display_filter_name, column_display_name) VALUES (414, 189, 'umpire_type_age_group', 'No U12 Field');
INSERT INTO report_column_lookup_display (report_column_lookup_display_id, report_column_id, column_display_filter_name, column_display_name) VALUES (415, 190, 'age_group', 'Under 12');
INSERT INTO report_column_lookup_display (report_column_lookup_display_id, report_column_id, column_display_filter_name, column_display_name) VALUES (416, 191, 'age_group', 'Under 12');
INSERT INTO report_column_lookup_display (report_column_lookup_display_id, report_column_id, column_display_filter_name, column_display_name) VALUES (417, 192, 'age_group', 'Under 12');
INSERT INTO report_column_lookup_display (report_column_lookup_display_id, report_column_id, column_display_filter_name, column_display_name) VALUES (418, 187, 'short_league_name', 'GJFL');
INSERT INTO report_column_lookup_display (report_column_lookup_display_id, report_column_id, column_display_filter_name, column_display_name) VALUES (419, 188, 'short_league_name', 'Clubs');
INSERT INTO report_column_lookup_display (report_column_lookup_display_id, report_column_id, column_display_filter_name, column_display_name) VALUES (420, 189, 'short_league_name', 'No.');

INSERT INTO report_column_lookup_display (report_column_lookup_display_id, report_column_id, column_display_filter_name, column_display_name) VALUES (421, 190, 'short_league_name', 'GJFL');
INSERT INTO report_column_lookup_display (report_column_lookup_display_id, report_column_id, column_display_filter_name, column_display_name) VALUES (422, 191, 'short_league_name', 'GJFL');
INSERT INTO report_column_lookup_display (report_column_lookup_display_id, report_column_id, column_display_filter_name, column_display_name) VALUES (423, 192, 'short_league_name', 'GJFL');
INSERT INTO report_column_lookup_display (report_column_lookup_display_id, report_column_id, column_display_filter_name, column_display_name) VALUES (424, 190, 'umpire_type', 'Boundary');
INSERT INTO report_column_lookup_display (report_column_lookup_display_id, report_column_id, column_display_filter_name, column_display_name) VALUES (425, 191, 'umpire_type', 'Field');
INSERT INTO report_column_lookup_display (report_column_lookup_display_id, report_column_id, column_display_filter_name, column_display_name) VALUES (426, 192, 'umpire_type', 'Goal');




ALTER TABLE mv_report_02 ADD COLUMN `Under 12|GJFL` INT(11);

ALTER TABLE mv_report_03 ADD COLUMN `No U12 Field|Clubs` VARCHAR(1000);
ALTER TABLE mv_report_03 ADD COLUMN `No U12 Field|No.` INT(11);

ALTER TABLE mv_report_04 ADD COLUMN `Boundary|Under 12|GJFL` INT(11);
ALTER TABLE mv_report_04 ADD COLUMN `Field|Under 12|GJFL` INT(11);
ALTER TABLE mv_report_04 ADD COLUMN `Goal|Under 12|GJFL` INT(11);



INSERT INTO league (ID, league_name, sponsored_league_name, short_league_name, age_group_division_id, region_id) VALUES(36, 'AFL Barwon', 'AFL Barwon', 'GJFL', 26, 1);
INSERT INTO league (ID, league_name, sponsored_league_name, short_league_name, age_group_division_id, region_id) VALUES(37, 'AFL Barwon Walpole Shield', 'AFL Barwon Walpole Shield', 'GJFL', 26, 1);


INSERT INTO competition_lookup (id, competition_name, season_id, league_id) VALUES(62, 'AFL Barwon - 2016 Blood Toyota Geelong FNL Seniors', 2, 3);
INSERT INTO competition_lookup (id, competition_name, season_id, league_id) VALUES(63, 'AFL Barwon - 2016 Buckley''s Geelong FNL Reserves', 2, 4);
INSERT INTO competition_lookup (id, competition_name, season_id, league_id) VALUES(64, 'AFL Barwon - 2016 Colts Grading', 2, 7);
INSERT INTO competition_lookup (id, competition_name, season_id, league_id) VALUES(65, 'AFL Barwon - 2016 Corio Bay Health Group Junior Girls', 2, 24);
INSERT INTO competition_lookup (id, competition_name, season_id, league_id) VALUES(66, 'AFL Barwon - 2016 Corio Bay Health Group Youth Girls', 2, 25);
INSERT INTO competition_lookup (id, competition_name, season_id, league_id) VALUES(67, 'AFL Barwon - 2016 Geelong Advertiser Under 12''s', 2, 36);
INSERT INTO competition_lookup (id, competition_name, season_id, league_id) VALUES(68, 'AFL Barwon - 2016 NLL Under 12''s Walpole Shield', 2, 37);
INSERT INTO competition_lookup (id, competition_name, season_id, league_id) VALUES(69, 'AFL Barwon - 2016 Under 14 Grading', 2, 11);
INSERT INTO competition_lookup (id, competition_name, season_id, league_id) VALUES(70, 'AFL Barwon - 2016 Under 16 Grading', 2, 12);
INSERT INTO competition_lookup (id, competition_name, season_id, league_id) VALUES(71, 'GDFL - Buckleys Cup Reserves 2016', 2, 10);
INSERT INTO competition_lookup (id, competition_name, season_id, league_id) VALUES(72, 'GDFL - Smiths Holden Cup Seniors 2016', 2, 9);


INSERT INTO ground (ID, main_name, alternative_name) VALUES(57, 'Anakie Reserve Anakie', 'Anakie Reserve Anakie');
INSERT INTO ground (ID, main_name, alternative_name) VALUES(58, 'Bellbrae Reserve', 'Bellbrae Reserve');
INSERT INTO ground (ID, main_name, alternative_name) VALUES(59, 'Birregurra Recreation Reserve', 'Birregurra Recreation Reserve');
INSERT INTO ground (ID, main_name, alternative_name) VALUES(60, 'Galvin Park', 'Galvin Park');
INSERT INTO ground (ID, main_name, alternative_name) VALUES(61, 'Gellibrand Recreation Reserve', 'Gellibrand Recreation Reserve');
INSERT INTO ground (ID, main_name, alternative_name) VALUES(62, 'Grovedale Secondary College', 'Grovedale Secondary College');
INSERT INTO ground (ID, main_name, alternative_name) VALUES(63, 'Hamlyn Park Oval 2', 'Hamlyn Park Oval 2');
INSERT INTO ground (ID, main_name, alternative_name) VALUES(64, 'Jetts Oval (winter Reserve)', 'Jetts Oval (winter Reserve)');
INSERT INTO ground (ID, main_name, alternative_name) VALUES(65, 'Lara Recreation Reserve No. 2', 'Lara Recreation Reserve No. 2');
INSERT INTO ground (ID, main_name, alternative_name) VALUES(66, 'Portarlington Recreation Reserve No. 2', 'Portarlington Recreation Reserve No. 2');
INSERT INTO ground (ID, main_name, alternative_name) VALUES(67, 'Queens Park Top Oval', 'Queens Park Top Oval');
INSERT INTO ground (ID, main_name, alternative_name) VALUES(68, 'Teesdale (don Wallace) Recreation Reserve', 'Teesdale (don Wallace) Recreation Reserve');
INSERT INTO ground (ID, main_name, alternative_name) VALUES(69, 'The Gordon Tafe Oval (st Albans Reserve)', 'The Gordon Tafe Oval (st Albans Reserve)');
INSERT INTO ground (ID, main_name, alternative_name) VALUES(70, 'Victoria Park Bannockburn', 'Victoria Park Bannockburn');
INSERT INTO ground (ID, main_name, alternative_name) VALUES(71, 'Victoria Park No. 2', 'Victoria Park No. 2');
INSERT INTO ground (ID, main_name, alternative_name) VALUES(72, 'West Oval Church St Geelong West', 'West Oval Church St Geelong West');
INSERT INTO ground (ID, main_name, alternative_name) VALUES(73, 'Winter Reserve No. 2', 'Winter Reserve No. 2');




INSERT INTO club (id, club_name, abbreviation) VALUES (134, 'Aireys Inlet', NULL);
INSERT INTO club (id, club_name, abbreviation) VALUES (135, 'Ammos', NULL);
INSERT INTO club (id, club_name, abbreviation) VALUES (136, 'Ammos', NULL);
INSERT INTO club (id, club_name, abbreviation) VALUES (137, 'Ammos', NULL);
INSERT INTO club (id, club_name, abbreviation) VALUES (138, 'Bannockburn / South Barwon', NULL);
INSERT INTO club (id, club_name, abbreviation) VALUES (139, 'Dragons', NULL);
INSERT INTO club (id, club_name, abbreviation) VALUES (140, 'Eagles', NULL);
INSERT INTO club (id, club_name, abbreviation) VALUES (141, 'Eagles', NULL);
INSERT INTO club (id, club_name, abbreviation) VALUES (142, 'East Newcomb', NULL);
INSERT INTO club (id, club_name, abbreviation) VALUES (143, 'East Tigers', NULL);
INSERT INTO club (id, club_name, abbreviation) VALUES (144, 'Flying Joeys', NULL);
INSERT INTO club (id, club_name, abbreviation) VALUES (145, 'Gdfl Raiders', NULL);
INSERT INTO club (id, club_name, abbreviation) VALUES (146, 'Lethbridge', NULL);
INSERT INTO club (id, club_name, abbreviation) VALUES (147, 'Roosters', NULL);
INSERT INTO club (id, club_name, abbreviation) VALUES (148, 'Saints', NULL);
INSERT INTO club (id, club_name, abbreviation) VALUES (149, 'Seagulls', NULL);
INSERT INTO club (id, club_name, abbreviation) VALUES (150, 'Surf Coast', NULL);
INSERT INTO club (id, club_name, abbreviation) VALUES (151, 'Teesdale', NULL);
INSERT INTO club (id, club_name, abbreviation) VALUES (152, 'Tigers', NULL);
INSERT INTO club (id, club_name, abbreviation) VALUES (153, 'Winchelsea / Inverleigh', NULL);


INSERT INTO team(id, team_name, club_id) VALUES (104, 'Aireys Inlet', 134);
INSERT INTO team(id, team_name, club_id) VALUES (105, 'Ammos Blue', 135);
INSERT INTO team(id, team_name, club_id) VALUES (106, 'Ammos Green', 136);
INSERT INTO team(id, team_name, club_id) VALUES (107, 'Ammos White', 137);
INSERT INTO team(id, team_name, club_id) VALUES (108, 'Bannockburn / South Barwon', 138);
INSERT INTO team(id, team_name, club_id) VALUES (109, 'Barwon Heads Gulls', 66);
INSERT INTO team(id, team_name, club_id) VALUES (110, 'Barwon Heads Heads', 66);
INSERT INTO team(id, team_name, club_id) VALUES (111, 'Dragons', 139);
INSERT INTO team(id, team_name, club_id) VALUES (112, 'Drysdale 1', 73);
INSERT INTO team(id, team_name, club_id) VALUES (113, 'Drysdale 2', 73);
INSERT INTO team(id, team_name, club_id) VALUES (114, 'Drysdale Humphrey', 73);
INSERT INTO team(id, team_name, club_id) VALUES (115, 'Drysdale Mcintyre', 73);
INSERT INTO team(id, team_name, club_id) VALUES (116, 'Drysdale Mckeon', 73);
INSERT INTO team(id, team_name, club_id) VALUES (117, 'Drysdale Scott', 73);
INSERT INTO team(id, team_name, club_id) VALUES (118, 'Drysdale Smith', 73);
INSERT INTO team(id, team_name, club_id) VALUES (119, 'Drysdale Taylor', 73);
INSERT INTO team(id, team_name, club_id) VALUES (120, 'Drysdale Wilson', 73);
INSERT INTO team(id, team_name, club_id) VALUES (121, 'Eagles Black', 140);
INSERT INTO team(id, team_name, club_id) VALUES (122, 'Eagles Red', 141);
INSERT INTO team(id, team_name, club_id) VALUES (123, 'East Newcomb Lions', 142);
INSERT INTO team(id, team_name, club_id) VALUES (124, 'East Tigers', 143);
INSERT INTO team(id, team_name, club_id) VALUES (125, 'Flying Joeys', 144);
INSERT INTO team(id, team_name, club_id) VALUES (126, 'Gdfl Raiders', 145);
INSERT INTO team(id, team_name, club_id) VALUES (127, 'Grovedale Broad', 84);
INSERT INTO team(id, team_name, club_id) VALUES (128, 'Grovedale Ford', 84);
INSERT INTO team(id, team_name, club_id) VALUES (129, 'Grovedale Mcneel', 84);
INSERT INTO team(id, team_name, club_id) VALUES (130, 'Grovedale Waldron', 84);
INSERT INTO team(id, team_name, club_id) VALUES (131, 'Grovedale Williams', 84);
INSERT INTO team(id, team_name, club_id) VALUES (132, 'Grovedale Young', 84);
INSERT INTO team(id, team_name, club_id) VALUES (133, 'Lara Batman', 88);
INSERT INTO team(id, team_name, club_id) VALUES (134, 'Lara Flinders', 88);
INSERT INTO team(id, team_name, club_id) VALUES (135, 'Lara Hume', 88);
INSERT INTO team(id, team_name, club_id) VALUES (136, 'Leopold Brown', 89);
INSERT INTO team(id, team_name, club_id) VALUES (137, 'Leopold Dowsett', 89);
INSERT INTO team(id, team_name, club_id) VALUES (138, 'Leopold Ruggles', 89);
INSERT INTO team(id, team_name, club_id) VALUES (139, 'Lethbridge', 146);
INSERT INTO team(id, team_name, club_id) VALUES (140, 'Newtown & Chilwell Eagles', 93);
INSERT INTO team(id, team_name, club_id) VALUES (141, 'Ogcc Blue', 97);
INSERT INTO team(id, team_name, club_id) VALUES (142, 'Ogcc Orange', 97);
INSERT INTO team(id, team_name, club_id) VALUES (143, 'Ogcc Red', 97);
INSERT INTO team(id, team_name, club_id) VALUES (144, 'Ogcc White', 97);
INSERT INTO team(id, team_name, club_id) VALUES (145, 'Queenscliff Blue', 99);
INSERT INTO team(id, team_name, club_id) VALUES (146, 'Queenscliff Red', 99);
INSERT INTO team(id, team_name, club_id) VALUES (147, 'Roosters', 147);
INSERT INTO team(id, team_name, club_id) VALUES (148, 'Saints White', 148);
INSERT INTO team(id, team_name, club_id) VALUES (149, 'Seagulls', 149);
INSERT INTO team(id, team_name, club_id) VALUES (150, 'South Barwon Blue', 100);
INSERT INTO team(id, team_name, club_id) VALUES (151, 'South Barwon Red', 100);
INSERT INTO team(id, team_name, club_id) VALUES (152, 'South Barwon White', 100);
INSERT INTO team(id, team_name, club_id) VALUES (153, 'St Albans Butterworth', 102);
INSERT INTO team(id, team_name, club_id) VALUES (154, 'St Albans Grinter', 102);
INSERT INTO team(id, team_name, club_id) VALUES (155, 'St Albans Mcfarlane', 102);
INSERT INTO team(id, team_name, club_id) VALUES (156, 'St Albans Osborne', 102);
INSERT INTO team(id, team_name, club_id) VALUES (157, 'Surf Coast Suns', 150);
INSERT INTO team(id, team_name, club_id) VALUES (158, 'Teesdale Roos', 151);
INSERT INTO team(id, team_name, club_id) VALUES (159, 'Tigers', 152);
INSERT INTO team(id, team_name, club_id) VALUES (160, 'Torquay Boyse', 112);
INSERT INTO team(id, team_name, club_id) VALUES (161, 'Torquay Browning', 112);
INSERT INTO team(id, team_name, club_id) VALUES (162, 'Torquay Bruce', 112);
INSERT INTO team(id, team_name, club_id) VALUES (163, 'Torquay Coleman', 112);
INSERT INTO team(id, team_name, club_id) VALUES (164, 'Torquay Davey', 112);
INSERT INTO team(id, team_name, club_id) VALUES (165, 'Torquay Milliken', 112);
INSERT INTO team(id, team_name, club_id) VALUES (166, 'Torquay Stone', 112);
INSERT INTO team(id, team_name, club_id) VALUES (167, 'Torquay Watson', 112);
INSERT INTO team(id, team_name, club_id) VALUES (168, 'Winchelsea / Inverleigh', 153);


ALTER TABLE mv_report_01 ADD COLUMN `GJFL|Aireys Inlet` INT(11) DEFAULT NULL;
ALTER TABLE mv_report_01 ADD COLUMN `GJFL|Ammos Blue` INT(11) DEFAULT NULL;
ALTER TABLE mv_report_01 ADD COLUMN `GJFL|Ammos Green` INT(11) DEFAULT NULL;
ALTER TABLE mv_report_01 ADD COLUMN `GJFL|Ammos White` INT(11) DEFAULT NULL;
ALTER TABLE mv_report_01 ADD COLUMN `GJFL|Bannockburn / South Barwon` INT(11) DEFAULT NULL;
ALTER TABLE mv_report_01 ADD COLUMN `GJFL|Barwon Heads Gulls` INT(11) DEFAULT NULL;
ALTER TABLE mv_report_01 ADD COLUMN `GJFL|Barwon Heads Heads` INT(11) DEFAULT NULL;
ALTER TABLE mv_report_01 ADD COLUMN `GJFL|Dragons` INT(11) DEFAULT NULL;
ALTER TABLE mv_report_01 ADD COLUMN `GJFL|Drysdale 1` INT(11) DEFAULT NULL;
ALTER TABLE mv_report_01 ADD COLUMN `GJFL|Drysdale 2` INT(11) DEFAULT NULL;
ALTER TABLE mv_report_01 ADD COLUMN `GJFL|Drysdale Humphrey` INT(11) DEFAULT NULL;
ALTER TABLE mv_report_01 ADD COLUMN `GJFL|Drysdale Mcintyre` INT(11) DEFAULT NULL;
ALTER TABLE mv_report_01 ADD COLUMN `GJFL|Drysdale Mckeon` INT(11) DEFAULT NULL;
ALTER TABLE mv_report_01 ADD COLUMN `GJFL|Drysdale Scott` INT(11) DEFAULT NULL;
ALTER TABLE mv_report_01 ADD COLUMN `GJFL|Drysdale Smith` INT(11) DEFAULT NULL;
ALTER TABLE mv_report_01 ADD COLUMN `GJFL|Drysdale Taylor` INT(11) DEFAULT NULL;
ALTER TABLE mv_report_01 ADD COLUMN `GJFL|Drysdale Wilson` INT(11) DEFAULT NULL;
ALTER TABLE mv_report_01 ADD COLUMN `GJFL|Eagles Black` INT(11) DEFAULT NULL;
ALTER TABLE mv_report_01 ADD COLUMN `GJFL|Eagles Red` INT(11) DEFAULT NULL;
ALTER TABLE mv_report_01 ADD COLUMN `GJFL|East Newcomb Lions` INT(11) DEFAULT NULL;
ALTER TABLE mv_report_01 ADD COLUMN `GJFL|East Tigers` INT(11) DEFAULT NULL;
ALTER TABLE mv_report_01 ADD COLUMN `GJFL|Flying Joeys` INT(11) DEFAULT NULL;
ALTER TABLE mv_report_01 ADD COLUMN `GJFL|Gdfl Raiders` INT(11) DEFAULT NULL;
ALTER TABLE mv_report_01 ADD COLUMN `GJFL|Grovedale Broad` INT(11) DEFAULT NULL;
ALTER TABLE mv_report_01 ADD COLUMN `GJFL|Grovedale Ford` INT(11) DEFAULT NULL;
ALTER TABLE mv_report_01 ADD COLUMN `GJFL|Grovedale Mcneel` INT(11) DEFAULT NULL;
ALTER TABLE mv_report_01 ADD COLUMN `GJFL|Grovedale Waldron` INT(11) DEFAULT NULL;
ALTER TABLE mv_report_01 ADD COLUMN `GJFL|Grovedale Williams` INT(11) DEFAULT NULL;
ALTER TABLE mv_report_01 ADD COLUMN `GJFL|Grovedale Young` INT(11) DEFAULT NULL;
ALTER TABLE mv_report_01 ADD COLUMN `GJFL|Lara Batman` INT(11) DEFAULT NULL;
ALTER TABLE mv_report_01 ADD COLUMN `GJFL|Lara Flinders` INT(11) DEFAULT NULL;
ALTER TABLE mv_report_01 ADD COLUMN `GJFL|Lara Hume` INT(11) DEFAULT NULL;
ALTER TABLE mv_report_01 ADD COLUMN `GJFL|Leopold Brown` INT(11) DEFAULT NULL;
ALTER TABLE mv_report_01 ADD COLUMN `GJFL|Leopold Dowsett` INT(11) DEFAULT NULL;
ALTER TABLE mv_report_01 ADD COLUMN `GJFL|Leopold Ruggles` INT(11) DEFAULT NULL;
ALTER TABLE mv_report_01 ADD COLUMN `GJFL|Lethbridge` INT(11) DEFAULT NULL;
ALTER TABLE mv_report_01 ADD COLUMN `GJFL|Newtown & Chilwell Eagles` INT(11) DEFAULT NULL;
ALTER TABLE mv_report_01 ADD COLUMN `GJFL|Ogcc Blue` INT(11) DEFAULT NULL;
ALTER TABLE mv_report_01 ADD COLUMN `GJFL|Ogcc Orange` INT(11) DEFAULT NULL;
ALTER TABLE mv_report_01 ADD COLUMN `GJFL|Ogcc Red` INT(11) DEFAULT NULL;
ALTER TABLE mv_report_01 ADD COLUMN `GJFL|Ogcc White` INT(11) DEFAULT NULL;
ALTER TABLE mv_report_01 ADD COLUMN `GJFL|Queenscliff Blue` INT(11) DEFAULT NULL;
ALTER TABLE mv_report_01 ADD COLUMN `GJFL|Queenscliff Red` INT(11) DEFAULT NULL;
ALTER TABLE mv_report_01 ADD COLUMN `GJFL|Roosters` INT(11) DEFAULT NULL;
ALTER TABLE mv_report_01 ADD COLUMN `GJFL|Saints White` INT(11) DEFAULT NULL;
ALTER TABLE mv_report_01 ADD COLUMN `GJFL|Seagulls` INT(11) DEFAULT NULL;
ALTER TABLE mv_report_01 ADD COLUMN `GJFL|South Barwon Blue` INT(11) DEFAULT NULL;
ALTER TABLE mv_report_01 ADD COLUMN `GJFL|South Barwon Red` INT(11) DEFAULT NULL;
ALTER TABLE mv_report_01 ADD COLUMN `GJFL|South Barwon White` INT(11) DEFAULT NULL;
ALTER TABLE mv_report_01 ADD COLUMN `GJFL|St Albans Butterworth` INT(11) DEFAULT NULL;
ALTER TABLE mv_report_01 ADD COLUMN `GJFL|St Albans Grinter` INT(11) DEFAULT NULL;
ALTER TABLE mv_report_01 ADD COLUMN `GJFL|St Albans Mcfarlane` INT(11) DEFAULT NULL;
ALTER TABLE mv_report_01 ADD COLUMN `GJFL|St Albans Osborne` INT(11) DEFAULT NULL;
ALTER TABLE mv_report_01 ADD COLUMN `GJFL|Surf Coast Suns` INT(11) DEFAULT NULL;
ALTER TABLE mv_report_01 ADD COLUMN `GJFL|Teesdale Roos` INT(11) DEFAULT NULL;
ALTER TABLE mv_report_01 ADD COLUMN `GJFL|Tigers` INT(11) DEFAULT NULL;
ALTER TABLE mv_report_01 ADD COLUMN `GJFL|Torquay Boyse` INT(11) DEFAULT NULL;
ALTER TABLE mv_report_01 ADD COLUMN `GJFL|Torquay Browning` INT(11) DEFAULT NULL;
ALTER TABLE mv_report_01 ADD COLUMN `GJFL|Torquay Bruce` INT(11) DEFAULT NULL;
ALTER TABLE mv_report_01 ADD COLUMN `GJFL|Torquay Coleman` INT(11) DEFAULT NULL;
ALTER TABLE mv_report_01 ADD COLUMN `GJFL|Torquay Davey` INT(11) DEFAULT NULL;
ALTER TABLE mv_report_01 ADD COLUMN `GJFL|Torquay Milliken` INT(11) DEFAULT NULL;
ALTER TABLE mv_report_01 ADD COLUMN `GJFL|Torquay Stone` INT(11) DEFAULT NULL;
ALTER TABLE mv_report_01 ADD COLUMN `GJFL|Torquay Watson` INT(11) DEFAULT NULL;
ALTER TABLE mv_report_01 ADD COLUMN `GJFL|Winchelsea / Inverleigh` INT(11) DEFAULT NULL;


INSERT INTO report_column (report_column_id, column_name, column_function, overall_total, display_order) VALUES (193, 'GJFL|Aireys Inlet', 'SUM', 1, 4);
INSERT INTO report_column (report_column_id, column_name, column_function, overall_total, display_order) VALUES (194, 'GJFL|Ammos Blue', 'SUM', 1, 4);
INSERT INTO report_column (report_column_id, column_name, column_function, overall_total, display_order) VALUES (195, 'GJFL|Ammos Green', 'SUM', 1, 4);
INSERT INTO report_column (report_column_id, column_name, column_function, overall_total, display_order) VALUES (196, 'GJFL|Ammos White', 'SUM', 1, 4);
INSERT INTO report_column (report_column_id, column_name, column_function, overall_total, display_order) VALUES (197, 'GJFL|Bannockburn / South Barwon', 'SUM', 1, 4);
INSERT INTO report_column (report_column_id, column_name, column_function, overall_total, display_order) VALUES (198, 'GJFL|Barwon Heads Gulls', 'SUM', 1, 4);
INSERT INTO report_column (report_column_id, column_name, column_function, overall_total, display_order) VALUES (199, 'GJFL|Barwon Heads Heads', 'SUM', 1, 4);
INSERT INTO report_column (report_column_id, column_name, column_function, overall_total, display_order) VALUES (200, 'GJFL|Dragons', 'SUM', 1, 4);
INSERT INTO report_column (report_column_id, column_name, column_function, overall_total, display_order) VALUES (201, 'GJFL|Drysdale 1', 'SUM', 1, 4);
INSERT INTO report_column (report_column_id, column_name, column_function, overall_total, display_order) VALUES (202, 'GJFL|Drysdale 2', 'SUM', 1, 4);
INSERT INTO report_column (report_column_id, column_name, column_function, overall_total, display_order) VALUES (203, 'GJFL|Drysdale Humphrey', 'SUM', 1, 4);
INSERT INTO report_column (report_column_id, column_name, column_function, overall_total, display_order) VALUES (204, 'GJFL|Drysdale Mcintyre', 'SUM', 1, 4);
INSERT INTO report_column (report_column_id, column_name, column_function, overall_total, display_order) VALUES (205, 'GJFL|Drysdale Mckeon', 'SUM', 1, 4);
INSERT INTO report_column (report_column_id, column_name, column_function, overall_total, display_order) VALUES (206, 'GJFL|Drysdale Scott', 'SUM', 1, 4);
INSERT INTO report_column (report_column_id, column_name, column_function, overall_total, display_order) VALUES (207, 'GJFL|Drysdale Smith', 'SUM', 1, 4);
INSERT INTO report_column (report_column_id, column_name, column_function, overall_total, display_order) VALUES (208, 'GJFL|Drysdale Taylor', 'SUM', 1, 4);
INSERT INTO report_column (report_column_id, column_name, column_function, overall_total, display_order) VALUES (209, 'GJFL|Drysdale Wilson', 'SUM', 1, 4);
INSERT INTO report_column (report_column_id, column_name, column_function, overall_total, display_order) VALUES (210, 'GJFL|Eagles Black', 'SUM', 1, 4);
INSERT INTO report_column (report_column_id, column_name, column_function, overall_total, display_order) VALUES (211, 'GJFL|Eagles Red', 'SUM', 1, 4);
INSERT INTO report_column (report_column_id, column_name, column_function, overall_total, display_order) VALUES (212, 'GJFL|East Newcomb Lions', 'SUM', 1, 4);
INSERT INTO report_column (report_column_id, column_name, column_function, overall_total, display_order) VALUES (213, 'GJFL|East Tigers', 'SUM', 1, 4);
INSERT INTO report_column (report_column_id, column_name, column_function, overall_total, display_order) VALUES (214, 'GJFL|Flying Joeys', 'SUM', 1, 4);
INSERT INTO report_column (report_column_id, column_name, column_function, overall_total, display_order) VALUES (215, 'GJFL|Gdfl Raiders', 'SUM', 1, 4);
INSERT INTO report_column (report_column_id, column_name, column_function, overall_total, display_order) VALUES (216, 'GJFL|Grovedale Broad', 'SUM', 1, 4);
INSERT INTO report_column (report_column_id, column_name, column_function, overall_total, display_order) VALUES (217, 'GJFL|Grovedale Ford', 'SUM', 1, 4);
INSERT INTO report_column (report_column_id, column_name, column_function, overall_total, display_order) VALUES (218, 'GJFL|Grovedale Mcneel', 'SUM', 1, 4);
INSERT INTO report_column (report_column_id, column_name, column_function, overall_total, display_order) VALUES (219, 'GJFL|Grovedale Waldron', 'SUM', 1, 4);
INSERT INTO report_column (report_column_id, column_name, column_function, overall_total, display_order) VALUES (220, 'GJFL|Grovedale Williams', 'SUM', 1, 4);
INSERT INTO report_column (report_column_id, column_name, column_function, overall_total, display_order) VALUES (221, 'GJFL|Grovedale Young', 'SUM', 1, 4);
INSERT INTO report_column (report_column_id, column_name, column_function, overall_total, display_order) VALUES (222, 'GJFL|Lara Batman', 'SUM', 1, 4);
INSERT INTO report_column (report_column_id, column_name, column_function, overall_total, display_order) VALUES (223, 'GJFL|Lara Flinders', 'SUM', 1, 4);
INSERT INTO report_column (report_column_id, column_name, column_function, overall_total, display_order) VALUES (224, 'GJFL|Lara Hume', 'SUM', 1, 4);
INSERT INTO report_column (report_column_id, column_name, column_function, overall_total, display_order) VALUES (225, 'GJFL|Leopold Brown', 'SUM', 1, 4);
INSERT INTO report_column (report_column_id, column_name, column_function, overall_total, display_order) VALUES (226, 'GJFL|Leopold Dowsett', 'SUM', 1, 4);
INSERT INTO report_column (report_column_id, column_name, column_function, overall_total, display_order) VALUES (227, 'GJFL|Leopold Ruggles', 'SUM', 1, 4);
INSERT INTO report_column (report_column_id, column_name, column_function, overall_total, display_order) VALUES (228, 'GJFL|Lethbridge', 'SUM', 1, 4);
INSERT INTO report_column (report_column_id, column_name, column_function, overall_total, display_order) VALUES (229, 'GJFL|Newtown & Chilwell Eagles', 'SUM', 1, 4);
INSERT INTO report_column (report_column_id, column_name, column_function, overall_total, display_order) VALUES (230, 'GJFL|Ogcc Blue', 'SUM', 1, 4);
INSERT INTO report_column (report_column_id, column_name, column_function, overall_total, display_order) VALUES (231, 'GJFL|Ogcc Orange', 'SUM', 1, 4);
INSERT INTO report_column (report_column_id, column_name, column_function, overall_total, display_order) VALUES (232, 'GJFL|Ogcc Red', 'SUM', 1, 4);
INSERT INTO report_column (report_column_id, column_name, column_function, overall_total, display_order) VALUES (233, 'GJFL|Ogcc White', 'SUM', 1, 4);
INSERT INTO report_column (report_column_id, column_name, column_function, overall_total, display_order) VALUES (234, 'GJFL|Queenscliff Blue', 'SUM', 1, 4);
INSERT INTO report_column (report_column_id, column_name, column_function, overall_total, display_order) VALUES (235, 'GJFL|Queenscliff Red', 'SUM', 1, 4);
INSERT INTO report_column (report_column_id, column_name, column_function, overall_total, display_order) VALUES (236, 'GJFL|Roosters', 'SUM', 1, 4);
INSERT INTO report_column (report_column_id, column_name, column_function, overall_total, display_order) VALUES (237, 'GJFL|Saints White', 'SUM', 1, 4);
INSERT INTO report_column (report_column_id, column_name, column_function, overall_total, display_order) VALUES (238, 'GJFL|Seagulls', 'SUM', 1, 4);
INSERT INTO report_column (report_column_id, column_name, column_function, overall_total, display_order) VALUES (239, 'GJFL|South Barwon Blue', 'SUM', 1, 4);
INSERT INTO report_column (report_column_id, column_name, column_function, overall_total, display_order) VALUES (240, 'GJFL|South Barwon Red', 'SUM', 1, 4);
INSERT INTO report_column (report_column_id, column_name, column_function, overall_total, display_order) VALUES (241, 'GJFL|South Barwon White', 'SUM', 1, 4);
INSERT INTO report_column (report_column_id, column_name, column_function, overall_total, display_order) VALUES (242, 'GJFL|St Albans Butterworth', 'SUM', 1, 4);
INSERT INTO report_column (report_column_id, column_name, column_function, overall_total, display_order) VALUES (243, 'GJFL|St Albans Grinter', 'SUM', 1, 4);
INSERT INTO report_column (report_column_id, column_name, column_function, overall_total, display_order) VALUES (244, 'GJFL|St Albans Mcfarlane', 'SUM', 1, 4);
INSERT INTO report_column (report_column_id, column_name, column_function, overall_total, display_order) VALUES (245, 'GJFL|St Albans Osborne', 'SUM', 1, 4);
INSERT INTO report_column (report_column_id, column_name, column_function, overall_total, display_order) VALUES (246, 'GJFL|Surf Coast Suns', 'SUM', 1, 4);
INSERT INTO report_column (report_column_id, column_name, column_function, overall_total, display_order) VALUES (247, 'GJFL|Teesdale Roos', 'SUM', 1, 4);
INSERT INTO report_column (report_column_id, column_name, column_function, overall_total, display_order) VALUES (248, 'GJFL|Tigers', 'SUM', 1, 4);
INSERT INTO report_column (report_column_id, column_name, column_function, overall_total, display_order) VALUES (249, 'GJFL|Torquay Boyse', 'SUM', 1, 4);
INSERT INTO report_column (report_column_id, column_name, column_function, overall_total, display_order) VALUES (250, 'GJFL|Torquay Browning', 'SUM', 1, 4);
INSERT INTO report_column (report_column_id, column_name, column_function, overall_total, display_order) VALUES (251, 'GJFL|Torquay Bruce', 'SUM', 1, 4);
INSERT INTO report_column (report_column_id, column_name, column_function, overall_total, display_order) VALUES (252, 'GJFL|Torquay Coleman', 'SUM', 1, 4);
INSERT INTO report_column (report_column_id, column_name, column_function, overall_total, display_order) VALUES (253, 'GJFL|Torquay Davey', 'SUM', 1, 4);
INSERT INTO report_column (report_column_id, column_name, column_function, overall_total, display_order) VALUES (254, 'GJFL|Torquay Milliken', 'SUM', 1, 4);
INSERT INTO report_column (report_column_id, column_name, column_function, overall_total, display_order) VALUES (255, 'GJFL|Torquay Stone', 'SUM', 1, 4);
INSERT INTO report_column (report_column_id, column_name, column_function, overall_total, display_order) VALUES (256, 'GJFL|Torquay Watson', 'SUM', 1, 4);
INSERT INTO report_column (report_column_id, column_name, column_function, overall_total, display_order) VALUES (257, 'GJFL|Winchelsea / Inverleigh', 'SUM', 1, 4);



INSERT INTO report_column_lookup (report_column_lookup_id, filter_name, filter_value, report_table_id, report_column_id) VALUES (740, 'short_league_name',  'GJFL', 1, 193);
INSERT INTO report_column_lookup (report_column_lookup_id, filter_name, filter_value, report_table_id, report_column_id) VALUES (741, 'short_league_name',  'GJFL', 1, 194);
INSERT INTO report_column_lookup (report_column_lookup_id, filter_name, filter_value, report_table_id, report_column_id) VALUES (742, 'short_league_name',  'GJFL', 1, 195);
INSERT INTO report_column_lookup (report_column_lookup_id, filter_name, filter_value, report_table_id, report_column_id) VALUES (743, 'short_league_name',  'GJFL', 1, 196);
INSERT INTO report_column_lookup (report_column_lookup_id, filter_name, filter_value, report_table_id, report_column_id) VALUES (744, 'short_league_name',  'GJFL', 1, 197);
INSERT INTO report_column_lookup (report_column_lookup_id, filter_name, filter_value, report_table_id, report_column_id) VALUES (745, 'short_league_name',  'GJFL', 1, 198);
INSERT INTO report_column_lookup (report_column_lookup_id, filter_name, filter_value, report_table_id, report_column_id) VALUES (746, 'short_league_name',  'GJFL', 1, 199);
INSERT INTO report_column_lookup (report_column_lookup_id, filter_name, filter_value, report_table_id, report_column_id) VALUES (747, 'short_league_name',  'GJFL', 1, 200);
INSERT INTO report_column_lookup (report_column_lookup_id, filter_name, filter_value, report_table_id, report_column_id) VALUES (748, 'short_league_name',  'GJFL', 1, 201);
INSERT INTO report_column_lookup (report_column_lookup_id, filter_name, filter_value, report_table_id, report_column_id) VALUES (749, 'short_league_name',  'GJFL', 1, 202);
INSERT INTO report_column_lookup (report_column_lookup_id, filter_name, filter_value, report_table_id, report_column_id) VALUES (750, 'short_league_name',  'GJFL', 1, 203);
INSERT INTO report_column_lookup (report_column_lookup_id, filter_name, filter_value, report_table_id, report_column_id) VALUES (751, 'short_league_name',  'GJFL', 1, 204);
INSERT INTO report_column_lookup (report_column_lookup_id, filter_name, filter_value, report_table_id, report_column_id) VALUES (752, 'short_league_name',  'GJFL', 1, 205);
INSERT INTO report_column_lookup (report_column_lookup_id, filter_name, filter_value, report_table_id, report_column_id) VALUES (753, 'short_league_name',  'GJFL', 1, 206);
INSERT INTO report_column_lookup (report_column_lookup_id, filter_name, filter_value, report_table_id, report_column_id) VALUES (754, 'short_league_name',  'GJFL', 1, 207);
INSERT INTO report_column_lookup (report_column_lookup_id, filter_name, filter_value, report_table_id, report_column_id) VALUES (755, 'short_league_name',  'GJFL', 1, 208);
INSERT INTO report_column_lookup (report_column_lookup_id, filter_name, filter_value, report_table_id, report_column_id) VALUES (756, 'short_league_name',  'GJFL', 1, 209);
INSERT INTO report_column_lookup (report_column_lookup_id, filter_name, filter_value, report_table_id, report_column_id) VALUES (757, 'short_league_name',  'GJFL', 1, 210);
INSERT INTO report_column_lookup (report_column_lookup_id, filter_name, filter_value, report_table_id, report_column_id) VALUES (758, 'short_league_name',  'GJFL', 1, 211);
INSERT INTO report_column_lookup (report_column_lookup_id, filter_name, filter_value, report_table_id, report_column_id) VALUES (759, 'short_league_name',  'GJFL', 1, 212);
INSERT INTO report_column_lookup (report_column_lookup_id, filter_name, filter_value, report_table_id, report_column_id) VALUES (760, 'short_league_name',  'GJFL', 1, 213);
INSERT INTO report_column_lookup (report_column_lookup_id, filter_name, filter_value, report_table_id, report_column_id) VALUES (761, 'short_league_name',  'GJFL', 1, 214);
INSERT INTO report_column_lookup (report_column_lookup_id, filter_name, filter_value, report_table_id, report_column_id) VALUES (762, 'short_league_name',  'GJFL', 1, 215);
INSERT INTO report_column_lookup (report_column_lookup_id, filter_name, filter_value, report_table_id, report_column_id) VALUES (763, 'short_league_name',  'GJFL', 1, 216);
INSERT INTO report_column_lookup (report_column_lookup_id, filter_name, filter_value, report_table_id, report_column_id) VALUES (764, 'short_league_name',  'GJFL', 1, 217);
INSERT INTO report_column_lookup (report_column_lookup_id, filter_name, filter_value, report_table_id, report_column_id) VALUES (765, 'short_league_name',  'GJFL', 1, 218);
INSERT INTO report_column_lookup (report_column_lookup_id, filter_name, filter_value, report_table_id, report_column_id) VALUES (766, 'short_league_name',  'GJFL', 1, 219);
INSERT INTO report_column_lookup (report_column_lookup_id, filter_name, filter_value, report_table_id, report_column_id) VALUES (767, 'short_league_name',  'GJFL', 1, 220);
INSERT INTO report_column_lookup (report_column_lookup_id, filter_name, filter_value, report_table_id, report_column_id) VALUES (768, 'short_league_name',  'GJFL', 1, 221);
INSERT INTO report_column_lookup (report_column_lookup_id, filter_name, filter_value, report_table_id, report_column_id) VALUES (769, 'short_league_name',  'GJFL', 1, 222);
INSERT INTO report_column_lookup (report_column_lookup_id, filter_name, filter_value, report_table_id, report_column_id) VALUES (770, 'short_league_name',  'GJFL', 1, 223);
INSERT INTO report_column_lookup (report_column_lookup_id, filter_name, filter_value, report_table_id, report_column_id) VALUES (771, 'short_league_name',  'GJFL', 1, 224);
INSERT INTO report_column_lookup (report_column_lookup_id, filter_name, filter_value, report_table_id, report_column_id) VALUES (772, 'short_league_name',  'GJFL', 1, 225);
INSERT INTO report_column_lookup (report_column_lookup_id, filter_name, filter_value, report_table_id, report_column_id) VALUES (773, 'short_league_name',  'GJFL', 1, 226);
INSERT INTO report_column_lookup (report_column_lookup_id, filter_name, filter_value, report_table_id, report_column_id) VALUES (774, 'short_league_name',  'GJFL', 1, 227);
INSERT INTO report_column_lookup (report_column_lookup_id, filter_name, filter_value, report_table_id, report_column_id) VALUES (775, 'short_league_name',  'GJFL', 1, 228);
INSERT INTO report_column_lookup (report_column_lookup_id, filter_name, filter_value, report_table_id, report_column_id) VALUES (776, 'short_league_name',  'GJFL', 1, 229);
INSERT INTO report_column_lookup (report_column_lookup_id, filter_name, filter_value, report_table_id, report_column_id) VALUES (777, 'short_league_name',  'GJFL', 1, 230);
INSERT INTO report_column_lookup (report_column_lookup_id, filter_name, filter_value, report_table_id, report_column_id) VALUES (778, 'short_league_name',  'GJFL', 1, 231);
INSERT INTO report_column_lookup (report_column_lookup_id, filter_name, filter_value, report_table_id, report_column_id) VALUES (779, 'short_league_name',  'GJFL', 1, 232);
INSERT INTO report_column_lookup (report_column_lookup_id, filter_name, filter_value, report_table_id, report_column_id) VALUES (780, 'short_league_name',  'GJFL', 1, 233);
INSERT INTO report_column_lookup (report_column_lookup_id, filter_name, filter_value, report_table_id, report_column_id) VALUES (781, 'short_league_name',  'GJFL', 1, 234);
INSERT INTO report_column_lookup (report_column_lookup_id, filter_name, filter_value, report_table_id, report_column_id) VALUES (782, 'short_league_name',  'GJFL', 1, 235);
INSERT INTO report_column_lookup (report_column_lookup_id, filter_name, filter_value, report_table_id, report_column_id) VALUES (783, 'short_league_name',  'GJFL', 1, 236);
INSERT INTO report_column_lookup (report_column_lookup_id, filter_name, filter_value, report_table_id, report_column_id) VALUES (784, 'short_league_name',  'GJFL', 1, 237);
INSERT INTO report_column_lookup (report_column_lookup_id, filter_name, filter_value, report_table_id, report_column_id) VALUES (785, 'short_league_name',  'GJFL', 1, 238);
INSERT INTO report_column_lookup (report_column_lookup_id, filter_name, filter_value, report_table_id, report_column_id) VALUES (786, 'short_league_name',  'GJFL', 1, 239);
INSERT INTO report_column_lookup (report_column_lookup_id, filter_name, filter_value, report_table_id, report_column_id) VALUES (787, 'short_league_name',  'GJFL', 1, 240);
INSERT INTO report_column_lookup (report_column_lookup_id, filter_name, filter_value, report_table_id, report_column_id) VALUES (788, 'short_league_name',  'GJFL', 1, 241);
INSERT INTO report_column_lookup (report_column_lookup_id, filter_name, filter_value, report_table_id, report_column_id) VALUES (789, 'short_league_name',  'GJFL', 1, 242);
INSERT INTO report_column_lookup (report_column_lookup_id, filter_name, filter_value, report_table_id, report_column_id) VALUES (790, 'short_league_name',  'GJFL', 1, 243);
INSERT INTO report_column_lookup (report_column_lookup_id, filter_name, filter_value, report_table_id, report_column_id) VALUES (791, 'short_league_name',  'GJFL', 1, 244);
INSERT INTO report_column_lookup (report_column_lookup_id, filter_name, filter_value, report_table_id, report_column_id) VALUES (792, 'short_league_name',  'GJFL', 1, 245);
INSERT INTO report_column_lookup (report_column_lookup_id, filter_name, filter_value, report_table_id, report_column_id) VALUES (793, 'short_league_name',  'GJFL', 1, 246);
INSERT INTO report_column_lookup (report_column_lookup_id, filter_name, filter_value, report_table_id, report_column_id) VALUES (794, 'short_league_name',  'GJFL', 1, 247);
INSERT INTO report_column_lookup (report_column_lookup_id, filter_name, filter_value, report_table_id, report_column_id) VALUES (795, 'short_league_name',  'GJFL', 1, 248);
INSERT INTO report_column_lookup (report_column_lookup_id, filter_name, filter_value, report_table_id, report_column_id) VALUES (796, 'short_league_name',  'GJFL', 1, 249);
INSERT INTO report_column_lookup (report_column_lookup_id, filter_name, filter_value, report_table_id, report_column_id) VALUES (797, 'short_league_name',  'GJFL', 1, 250);
INSERT INTO report_column_lookup (report_column_lookup_id, filter_name, filter_value, report_table_id, report_column_id) VALUES (798, 'short_league_name',  'GJFL', 1, 251);
INSERT INTO report_column_lookup (report_column_lookup_id, filter_name, filter_value, report_table_id, report_column_id) VALUES (799, 'short_league_name',  'GJFL', 1, 252);
INSERT INTO report_column_lookup (report_column_lookup_id, filter_name, filter_value, report_table_id, report_column_id) VALUES (800, 'short_league_name',  'GJFL', 1, 253);
INSERT INTO report_column_lookup (report_column_lookup_id, filter_name, filter_value, report_table_id, report_column_id) VALUES (801, 'short_league_name',  'GJFL', 1, 254);
INSERT INTO report_column_lookup (report_column_lookup_id, filter_name, filter_value, report_table_id, report_column_id) VALUES (802, 'short_league_name',  'GJFL', 1, 255);
INSERT INTO report_column_lookup (report_column_lookup_id, filter_name, filter_value, report_table_id, report_column_id) VALUES (803, 'short_league_name',  'GJFL', 1, 256);
INSERT INTO report_column_lookup (report_column_lookup_id, filter_name, filter_value, report_table_id, report_column_id) VALUES (804, 'short_league_name',  'GJFL', 1, 257);


INSERT INTO report_column_lookup_display (report_column_lookup_display_id, report_column_id, column_display_filter_name, column_display_name) VALUES (426, 193, 'short_league_name', 'GJFL');
INSERT INTO report_column_lookup_display (report_column_lookup_display_id, report_column_id, column_display_filter_name, column_display_name) VALUES (428, 194, 'short_league_name', 'GJFL');
INSERT INTO report_column_lookup_display (report_column_lookup_display_id, report_column_id, column_display_filter_name, column_display_name) VALUES (430, 195, 'short_league_name', 'GJFL');
INSERT INTO report_column_lookup_display (report_column_lookup_display_id, report_column_id, column_display_filter_name, column_display_name) VALUES (432, 196, 'short_league_name', 'GJFL');
INSERT INTO report_column_lookup_display (report_column_lookup_display_id, report_column_id, column_display_filter_name, column_display_name) VALUES (434, 197, 'short_league_name', 'GJFL');
INSERT INTO report_column_lookup_display (report_column_lookup_display_id, report_column_id, column_display_filter_name, column_display_name) VALUES (436, 198, 'short_league_name', 'GJFL');
INSERT INTO report_column_lookup_display (report_column_lookup_display_id, report_column_id, column_display_filter_name, column_display_name) VALUES (438, 199, 'short_league_name', 'GJFL');
INSERT INTO report_column_lookup_display (report_column_lookup_display_id, report_column_id, column_display_filter_name, column_display_name) VALUES (440, 200, 'short_league_name', 'GJFL');
INSERT INTO report_column_lookup_display (report_column_lookup_display_id, report_column_id, column_display_filter_name, column_display_name) VALUES (442, 201, 'short_league_name', 'GJFL');
INSERT INTO report_column_lookup_display (report_column_lookup_display_id, report_column_id, column_display_filter_name, column_display_name) VALUES (444, 202, 'short_league_name', 'GJFL');
INSERT INTO report_column_lookup_display (report_column_lookup_display_id, report_column_id, column_display_filter_name, column_display_name) VALUES (446, 203, 'short_league_name', 'GJFL');
INSERT INTO report_column_lookup_display (report_column_lookup_display_id, report_column_id, column_display_filter_name, column_display_name) VALUES (448, 204, 'short_league_name', 'GJFL');
INSERT INTO report_column_lookup_display (report_column_lookup_display_id, report_column_id, column_display_filter_name, column_display_name) VALUES (450, 205, 'short_league_name', 'GJFL');
INSERT INTO report_column_lookup_display (report_column_lookup_display_id, report_column_id, column_display_filter_name, column_display_name) VALUES (452, 206, 'short_league_name', 'GJFL');
INSERT INTO report_column_lookup_display (report_column_lookup_display_id, report_column_id, column_display_filter_name, column_display_name) VALUES (454, 207, 'short_league_name', 'GJFL');
INSERT INTO report_column_lookup_display (report_column_lookup_display_id, report_column_id, column_display_filter_name, column_display_name) VALUES (456, 208, 'short_league_name', 'GJFL');
INSERT INTO report_column_lookup_display (report_column_lookup_display_id, report_column_id, column_display_filter_name, column_display_name) VALUES (458, 209, 'short_league_name', 'GJFL');
INSERT INTO report_column_lookup_display (report_column_lookup_display_id, report_column_id, column_display_filter_name, column_display_name) VALUES (460, 210, 'short_league_name', 'GJFL');
INSERT INTO report_column_lookup_display (report_column_lookup_display_id, report_column_id, column_display_filter_name, column_display_name) VALUES (462, 211, 'short_league_name', 'GJFL');
INSERT INTO report_column_lookup_display (report_column_lookup_display_id, report_column_id, column_display_filter_name, column_display_name) VALUES (464, 212, 'short_league_name', 'GJFL');
INSERT INTO report_column_lookup_display (report_column_lookup_display_id, report_column_id, column_display_filter_name, column_display_name) VALUES (466, 213, 'short_league_name', 'GJFL');
INSERT INTO report_column_lookup_display (report_column_lookup_display_id, report_column_id, column_display_filter_name, column_display_name) VALUES (468, 214, 'short_league_name', 'GJFL');
INSERT INTO report_column_lookup_display (report_column_lookup_display_id, report_column_id, column_display_filter_name, column_display_name) VALUES (470, 215, 'short_league_name', 'GJFL');
INSERT INTO report_column_lookup_display (report_column_lookup_display_id, report_column_id, column_display_filter_name, column_display_name) VALUES (472, 216, 'short_league_name', 'GJFL');
INSERT INTO report_column_lookup_display (report_column_lookup_display_id, report_column_id, column_display_filter_name, column_display_name) VALUES (474, 217, 'short_league_name', 'GJFL');
INSERT INTO report_column_lookup_display (report_column_lookup_display_id, report_column_id, column_display_filter_name, column_display_name) VALUES (476, 218, 'short_league_name', 'GJFL');
INSERT INTO report_column_lookup_display (report_column_lookup_display_id, report_column_id, column_display_filter_name, column_display_name) VALUES (478, 219, 'short_league_name', 'GJFL');
INSERT INTO report_column_lookup_display (report_column_lookup_display_id, report_column_id, column_display_filter_name, column_display_name) VALUES (480, 220, 'short_league_name', 'GJFL');
INSERT INTO report_column_lookup_display (report_column_lookup_display_id, report_column_id, column_display_filter_name, column_display_name) VALUES (482, 221, 'short_league_name', 'GJFL');
INSERT INTO report_column_lookup_display (report_column_lookup_display_id, report_column_id, column_display_filter_name, column_display_name) VALUES (484, 222, 'short_league_name', 'GJFL');
INSERT INTO report_column_lookup_display (report_column_lookup_display_id, report_column_id, column_display_filter_name, column_display_name) VALUES (486, 223, 'short_league_name', 'GJFL');
INSERT INTO report_column_lookup_display (report_column_lookup_display_id, report_column_id, column_display_filter_name, column_display_name) VALUES (488, 224, 'short_league_name', 'GJFL');
INSERT INTO report_column_lookup_display (report_column_lookup_display_id, report_column_id, column_display_filter_name, column_display_name) VALUES (490, 225, 'short_league_name', 'GJFL');
INSERT INTO report_column_lookup_display (report_column_lookup_display_id, report_column_id, column_display_filter_name, column_display_name) VALUES (492, 226, 'short_league_name', 'GJFL');
INSERT INTO report_column_lookup_display (report_column_lookup_display_id, report_column_id, column_display_filter_name, column_display_name) VALUES (494, 227, 'short_league_name', 'GJFL');
INSERT INTO report_column_lookup_display (report_column_lookup_display_id, report_column_id, column_display_filter_name, column_display_name) VALUES (496, 228, 'short_league_name', 'GJFL');
INSERT INTO report_column_lookup_display (report_column_lookup_display_id, report_column_id, column_display_filter_name, column_display_name) VALUES (498, 229, 'short_league_name', 'GJFL');
INSERT INTO report_column_lookup_display (report_column_lookup_display_id, report_column_id, column_display_filter_name, column_display_name) VALUES (500, 230, 'short_league_name', 'GJFL');
INSERT INTO report_column_lookup_display (report_column_lookup_display_id, report_column_id, column_display_filter_name, column_display_name) VALUES (502, 231, 'short_league_name', 'GJFL');
INSERT INTO report_column_lookup_display (report_column_lookup_display_id, report_column_id, column_display_filter_name, column_display_name) VALUES (504, 232, 'short_league_name', 'GJFL');
INSERT INTO report_column_lookup_display (report_column_lookup_display_id, report_column_id, column_display_filter_name, column_display_name) VALUES (506, 233, 'short_league_name', 'GJFL');
INSERT INTO report_column_lookup_display (report_column_lookup_display_id, report_column_id, column_display_filter_name, column_display_name) VALUES (508, 234, 'short_league_name', 'GJFL');
INSERT INTO report_column_lookup_display (report_column_lookup_display_id, report_column_id, column_display_filter_name, column_display_name) VALUES (510, 235, 'short_league_name', 'GJFL');
INSERT INTO report_column_lookup_display (report_column_lookup_display_id, report_column_id, column_display_filter_name, column_display_name) VALUES (512, 236, 'short_league_name', 'GJFL');
INSERT INTO report_column_lookup_display (report_column_lookup_display_id, report_column_id, column_display_filter_name, column_display_name) VALUES (514, 237, 'short_league_name', 'GJFL');
INSERT INTO report_column_lookup_display (report_column_lookup_display_id, report_column_id, column_display_filter_name, column_display_name) VALUES (516, 238, 'short_league_name', 'GJFL');
INSERT INTO report_column_lookup_display (report_column_lookup_display_id, report_column_id, column_display_filter_name, column_display_name) VALUES (518, 239, 'short_league_name', 'GJFL');
INSERT INTO report_column_lookup_display (report_column_lookup_display_id, report_column_id, column_display_filter_name, column_display_name) VALUES (520, 240, 'short_league_name', 'GJFL');
INSERT INTO report_column_lookup_display (report_column_lookup_display_id, report_column_id, column_display_filter_name, column_display_name) VALUES (522, 241, 'short_league_name', 'GJFL');
INSERT INTO report_column_lookup_display (report_column_lookup_display_id, report_column_id, column_display_filter_name, column_display_name) VALUES (524, 242, 'short_league_name', 'GJFL');
INSERT INTO report_column_lookup_display (report_column_lookup_display_id, report_column_id, column_display_filter_name, column_display_name) VALUES (526, 243, 'short_league_name', 'GJFL');
INSERT INTO report_column_lookup_display (report_column_lookup_display_id, report_column_id, column_display_filter_name, column_display_name) VALUES (528, 244, 'short_league_name', 'GJFL');
INSERT INTO report_column_lookup_display (report_column_lookup_display_id, report_column_id, column_display_filter_name, column_display_name) VALUES (530, 245, 'short_league_name', 'GJFL');
INSERT INTO report_column_lookup_display (report_column_lookup_display_id, report_column_id, column_display_filter_name, column_display_name) VALUES (532, 246, 'short_league_name', 'GJFL');
INSERT INTO report_column_lookup_display (report_column_lookup_display_id, report_column_id, column_display_filter_name, column_display_name) VALUES (534, 247, 'short_league_name', 'GJFL');
INSERT INTO report_column_lookup_display (report_column_lookup_display_id, report_column_id, column_display_filter_name, column_display_name) VALUES (536, 248, 'short_league_name', 'GJFL');
INSERT INTO report_column_lookup_display (report_column_lookup_display_id, report_column_id, column_display_filter_name, column_display_name) VALUES (538, 249, 'short_league_name', 'GJFL');
INSERT INTO report_column_lookup_display (report_column_lookup_display_id, report_column_id, column_display_filter_name, column_display_name) VALUES (540, 250, 'short_league_name', 'GJFL');
INSERT INTO report_column_lookup_display (report_column_lookup_display_id, report_column_id, column_display_filter_name, column_display_name) VALUES (542, 251, 'short_league_name', 'GJFL');
INSERT INTO report_column_lookup_display (report_column_lookup_display_id, report_column_id, column_display_filter_name, column_display_name) VALUES (544, 252, 'short_league_name', 'GJFL');
INSERT INTO report_column_lookup_display (report_column_lookup_display_id, report_column_id, column_display_filter_name, column_display_name) VALUES (546, 253, 'short_league_name', 'GJFL');
INSERT INTO report_column_lookup_display (report_column_lookup_display_id, report_column_id, column_display_filter_name, column_display_name) VALUES (548, 254, 'short_league_name', 'GJFL');
INSERT INTO report_column_lookup_display (report_column_lookup_display_id, report_column_id, column_display_filter_name, column_display_name) VALUES (550, 255, 'short_league_name', 'GJFL');
INSERT INTO report_column_lookup_display (report_column_lookup_display_id, report_column_id, column_display_filter_name, column_display_name) VALUES (552, 256, 'short_league_name', 'GJFL');
INSERT INTO report_column_lookup_display (report_column_lookup_display_id, report_column_id, column_display_filter_name, column_display_name) VALUES (554, 257, 'short_league_name', 'GJFL');


INSERT INTO report_column_lookup_display (report_column_lookup_display_id, report_column_id, column_display_filter_name, column_display_name) VALUES (427, 193, 'club_name', 'Aireys Inlet');
INSERT INTO report_column_lookup_display (report_column_lookup_display_id, report_column_id, column_display_filter_name, column_display_name) VALUES (429, 194, 'club_name', 'Ammos Blue');
INSERT INTO report_column_lookup_display (report_column_lookup_display_id, report_column_id, column_display_filter_name, column_display_name) VALUES (431, 195, 'club_name', 'Ammos Green');
INSERT INTO report_column_lookup_display (report_column_lookup_display_id, report_column_id, column_display_filter_name, column_display_name) VALUES (433, 196, 'club_name', 'Ammos White');
INSERT INTO report_column_lookup_display (report_column_lookup_display_id, report_column_id, column_display_filter_name, column_display_name) VALUES (435, 197, 'club_name', 'Bannockburn / South Barwon');
INSERT INTO report_column_lookup_display (report_column_lookup_display_id, report_column_id, column_display_filter_name, column_display_name) VALUES (437, 198, 'club_name', 'Barwon Heads Gulls');
INSERT INTO report_column_lookup_display (report_column_lookup_display_id, report_column_id, column_display_filter_name, column_display_name) VALUES (439, 199, 'club_name', 'Barwon Heads Heads');
INSERT INTO report_column_lookup_display (report_column_lookup_display_id, report_column_id, column_display_filter_name, column_display_name) VALUES (441, 200, 'club_name', 'Dragons');
INSERT INTO report_column_lookup_display (report_column_lookup_display_id, report_column_id, column_display_filter_name, column_display_name) VALUES (443, 201, 'club_name', 'Drysdale 1');
INSERT INTO report_column_lookup_display (report_column_lookup_display_id, report_column_id, column_display_filter_name, column_display_name) VALUES (445, 202, 'club_name', 'Drysdale 2');
INSERT INTO report_column_lookup_display (report_column_lookup_display_id, report_column_id, column_display_filter_name, column_display_name) VALUES (447, 203, 'club_name', 'Drysdale Humphrey');
INSERT INTO report_column_lookup_display (report_column_lookup_display_id, report_column_id, column_display_filter_name, column_display_name) VALUES (449, 204, 'club_name', 'Drysdale Mcintyre');
INSERT INTO report_column_lookup_display (report_column_lookup_display_id, report_column_id, column_display_filter_name, column_display_name) VALUES (451, 205, 'club_name', 'Drysdale Mckeon');
INSERT INTO report_column_lookup_display (report_column_lookup_display_id, report_column_id, column_display_filter_name, column_display_name) VALUES (453, 206, 'club_name', 'Drysdale Scott');
INSERT INTO report_column_lookup_display (report_column_lookup_display_id, report_column_id, column_display_filter_name, column_display_name) VALUES (455, 207, 'club_name', 'Drysdale Smith');
INSERT INTO report_column_lookup_display (report_column_lookup_display_id, report_column_id, column_display_filter_name, column_display_name) VALUES (457, 208, 'club_name', 'Drysdale Taylor');
INSERT INTO report_column_lookup_display (report_column_lookup_display_id, report_column_id, column_display_filter_name, column_display_name) VALUES (459, 209, 'club_name', 'Drysdale Wilson');
INSERT INTO report_column_lookup_display (report_column_lookup_display_id, report_column_id, column_display_filter_name, column_display_name) VALUES (461, 210, 'club_name', 'Eagles Black');
INSERT INTO report_column_lookup_display (report_column_lookup_display_id, report_column_id, column_display_filter_name, column_display_name) VALUES (463, 211, 'club_name', 'Eagles Red');
INSERT INTO report_column_lookup_display (report_column_lookup_display_id, report_column_id, column_display_filter_name, column_display_name) VALUES (465, 212, 'club_name', 'East Newcomb Lions');
INSERT INTO report_column_lookup_display (report_column_lookup_display_id, report_column_id, column_display_filter_name, column_display_name) VALUES (467, 213, 'club_name', 'East Tigers');
INSERT INTO report_column_lookup_display (report_column_lookup_display_id, report_column_id, column_display_filter_name, column_display_name) VALUES (469, 214, 'club_name', 'Flying Joeys');
INSERT INTO report_column_lookup_display (report_column_lookup_display_id, report_column_id, column_display_filter_name, column_display_name) VALUES (471, 215, 'club_name', 'Gdfl Raiders');
INSERT INTO report_column_lookup_display (report_column_lookup_display_id, report_column_id, column_display_filter_name, column_display_name) VALUES (473, 216, 'club_name', 'Grovedale Broad');
INSERT INTO report_column_lookup_display (report_column_lookup_display_id, report_column_id, column_display_filter_name, column_display_name) VALUES (475, 217, 'club_name', 'Grovedale Ford');
INSERT INTO report_column_lookup_display (report_column_lookup_display_id, report_column_id, column_display_filter_name, column_display_name) VALUES (477, 218, 'club_name', 'Grovedale Mcneel');
INSERT INTO report_column_lookup_display (report_column_lookup_display_id, report_column_id, column_display_filter_name, column_display_name) VALUES (479, 219, 'club_name', 'Grovedale Waldron');
INSERT INTO report_column_lookup_display (report_column_lookup_display_id, report_column_id, column_display_filter_name, column_display_name) VALUES (481, 220, 'club_name', 'Grovedale Williams');
INSERT INTO report_column_lookup_display (report_column_lookup_display_id, report_column_id, column_display_filter_name, column_display_name) VALUES (483, 221, 'club_name', 'Grovedale Young');
INSERT INTO report_column_lookup_display (report_column_lookup_display_id, report_column_id, column_display_filter_name, column_display_name) VALUES (485, 222, 'club_name', 'Lara Batman');
INSERT INTO report_column_lookup_display (report_column_lookup_display_id, report_column_id, column_display_filter_name, column_display_name) VALUES (487, 223, 'club_name', 'Lara Flinders');
INSERT INTO report_column_lookup_display (report_column_lookup_display_id, report_column_id, column_display_filter_name, column_display_name) VALUES (489, 224, 'club_name', 'Lara Hume');
INSERT INTO report_column_lookup_display (report_column_lookup_display_id, report_column_id, column_display_filter_name, column_display_name) VALUES (491, 225, 'club_name', 'Leopold Brown');
INSERT INTO report_column_lookup_display (report_column_lookup_display_id, report_column_id, column_display_filter_name, column_display_name) VALUES (493, 226, 'club_name', 'Leopold Dowsett');
INSERT INTO report_column_lookup_display (report_column_lookup_display_id, report_column_id, column_display_filter_name, column_display_name) VALUES (495, 227, 'club_name', 'Leopold Ruggles');
INSERT INTO report_column_lookup_display (report_column_lookup_display_id, report_column_id, column_display_filter_name, column_display_name) VALUES (497, 228, 'club_name', 'Lethbridge');
INSERT INTO report_column_lookup_display (report_column_lookup_display_id, report_column_id, column_display_filter_name, column_display_name) VALUES (499, 229, 'club_name', 'Newtown & Chilwell Eagles');
INSERT INTO report_column_lookup_display (report_column_lookup_display_id, report_column_id, column_display_filter_name, column_display_name) VALUES (501, 230, 'club_name', 'Ogcc Blue');
INSERT INTO report_column_lookup_display (report_column_lookup_display_id, report_column_id, column_display_filter_name, column_display_name) VALUES (503, 231, 'club_name', 'Ogcc Orange');
INSERT INTO report_column_lookup_display (report_column_lookup_display_id, report_column_id, column_display_filter_name, column_display_name) VALUES (505, 232, 'club_name', 'Ogcc Red');
INSERT INTO report_column_lookup_display (report_column_lookup_display_id, report_column_id, column_display_filter_name, column_display_name) VALUES (507, 233, 'club_name', 'Ogcc White');
INSERT INTO report_column_lookup_display (report_column_lookup_display_id, report_column_id, column_display_filter_name, column_display_name) VALUES (509, 234, 'club_name', 'Queenscliff Blue');
INSERT INTO report_column_lookup_display (report_column_lookup_display_id, report_column_id, column_display_filter_name, column_display_name) VALUES (511, 235, 'club_name', 'Queenscliff Red');
INSERT INTO report_column_lookup_display (report_column_lookup_display_id, report_column_id, column_display_filter_name, column_display_name) VALUES (513, 236, 'club_name', 'Roosters');
INSERT INTO report_column_lookup_display (report_column_lookup_display_id, report_column_id, column_display_filter_name, column_display_name) VALUES (515, 237, 'club_name', 'Saints White');
INSERT INTO report_column_lookup_display (report_column_lookup_display_id, report_column_id, column_display_filter_name, column_display_name) VALUES (517, 238, 'club_name', 'Seagulls');
INSERT INTO report_column_lookup_display (report_column_lookup_display_id, report_column_id, column_display_filter_name, column_display_name) VALUES (519, 239, 'club_name', 'South Barwon Blue');
INSERT INTO report_column_lookup_display (report_column_lookup_display_id, report_column_id, column_display_filter_name, column_display_name) VALUES (521, 240, 'club_name', 'South Barwon Red');
INSERT INTO report_column_lookup_display (report_column_lookup_display_id, report_column_id, column_display_filter_name, column_display_name) VALUES (523, 241, 'club_name', 'South Barwon White');
INSERT INTO report_column_lookup_display (report_column_lookup_display_id, report_column_id, column_display_filter_name, column_display_name) VALUES (525, 242, 'club_name', 'St Albans Butterworth');
INSERT INTO report_column_lookup_display (report_column_lookup_display_id, report_column_id, column_display_filter_name, column_display_name) VALUES (527, 243, 'club_name', 'St Albans Grinter');
INSERT INTO report_column_lookup_display (report_column_lookup_display_id, report_column_id, column_display_filter_name, column_display_name) VALUES (529, 244, 'club_name', 'St Albans Mcfarlane');
INSERT INTO report_column_lookup_display (report_column_lookup_display_id, report_column_id, column_display_filter_name, column_display_name) VALUES (531, 245, 'club_name', 'St Albans Osborne');
INSERT INTO report_column_lookup_display (report_column_lookup_display_id, report_column_id, column_display_filter_name, column_display_name) VALUES (533, 246, 'club_name', 'Surf Coast Suns');
INSERT INTO report_column_lookup_display (report_column_lookup_display_id, report_column_id, column_display_filter_name, column_display_name) VALUES (535, 247, 'club_name', 'Teesdale Roos');
INSERT INTO report_column_lookup_display (report_column_lookup_display_id, report_column_id, column_display_filter_name, column_display_name) VALUES (537, 248, 'club_name', 'Tigers');
INSERT INTO report_column_lookup_display (report_column_lookup_display_id, report_column_id, column_display_filter_name, column_display_name) VALUES (539, 249, 'club_name', 'Torquay Boyse');
INSERT INTO report_column_lookup_display (report_column_lookup_display_id, report_column_id, column_display_filter_name, column_display_name) VALUES (541, 250, 'club_name', 'Torquay Browning');
INSERT INTO report_column_lookup_display (report_column_lookup_display_id, report_column_id, column_display_filter_name, column_display_name) VALUES (543, 251, 'club_name', 'Torquay Bruce');
INSERT INTO report_column_lookup_display (report_column_lookup_display_id, report_column_id, column_display_filter_name, column_display_name) VALUES (545, 252, 'club_name', 'Torquay Coleman');
INSERT INTO report_column_lookup_display (report_column_lookup_display_id, report_column_id, column_display_filter_name, column_display_name) VALUES (547, 253, 'club_name', 'Torquay Davey');
INSERT INTO report_column_lookup_display (report_column_lookup_display_id, report_column_id, column_display_filter_name, column_display_name) VALUES (549, 254, 'club_name', 'Torquay Milliken');
INSERT INTO report_column_lookup_display (report_column_lookup_display_id, report_column_id, column_display_filter_name, column_display_name) VALUES (551, 255, 'club_name', 'Torquay Stone');
INSERT INTO report_column_lookup_display (report_column_lookup_display_id, report_column_id, column_display_filter_name, column_display_name) VALUES (553, 256, 'club_name', 'Torquay Watson');
INSERT INTO report_column_lookup_display (report_column_lookup_display_id, report_column_id, column_display_filter_name, column_display_name) VALUES (555, 257, 'club_name', 'Winchelsea / Inverleigh');



UPDATE report_column SET display_order = 6 WHERE report_column_id = 160;
UPDATE report_column SET display_order = 7 WHERE report_column_id = 161;
UPDATE report_column SET display_order = 8 WHERE report_column_id = 162;